account_id,customer_id,branch_id,account_number,account_type,opened_date,balance,status
1,1,666,AC1000000001,Salary,2025-02-14,38328.98,Active
2,2,309,AC1000000002,Premium Savings,2025-04-15,357702.9,Active
3,3,945,AC1000000003,Current,2025-09-15,479722.18,Active
4,4,647,AC1000000004,Premium Savings,2025-05-17,169363.04,Active
5,5,906,AC1000000005,Salary,2026-05-09,38419.17,Active
6,6,934,AC1000000006,Premium Savings,2026-01-27,257957.94,Active
7,7,516,AC1000000007,Savings,2025-08-27,15500.62,Active
8,8,128,AC1000000008,Salary,2025-08-31,370267.08,Active
9,9,635,AC1000000009,Savings,2025-03-03,73089.96,Active
10,10,207,AC1000000010,Current,2026-01-20,106170.74,Active
11,11,946,AC1000000011,Premium Savings,2025-12-03,71462.17,Active
12,12,806,AC1000000012,Savings,2026-06-18,396930.99,Active
13,13,833,AC1000000013,Salary,2025-01-25,118359.96,Active
14,14,351,AC1000000014,Current,2025-07-30,271959.32,Dormant
15,15,681,AC1000000015,Current,2025-08-16,305991.28,Active
16,16,330,AC1000000016,Current,2026-03-29,316742.34,Active
17,17,504,AC1000000017,Savings,2025-07-17,30792.9,Closed
18,18,961,AC1000000018,Current,2025-05-09,50420.9,Active
19,19,852,AC1000000019,Current,2025-08-30,256175.15,Active
20,20,479,AC1000000020,Salary,2025-06-18,362228.51,Active
21,21,181,AC1000000021,Current,2025-11-07,146249.68,Active
22,22,651,AC1000000022,Current,2025-10-06,431900.64,Active
23,23,974,AC1000000023,Salary,2026-02-12,191970.16,Active
24,24,433,AC1000000024,Premium Savings,2025-06-09,410703.88,Active
25,25,21,AC1000000025,Premium Savings,2026-03-14,427750.89,Active
26,26,944,AC1000000026,Salary,2026-07-05,80635.36,Active
27,27,264,AC1000000027,Premium Savings,2026-04-20,156394.41,Active
28,28,576,AC1000000028,Premium Savings,2025-03-15,169950.9,Active
29,29,201,AC1000000029,Current,2025-07-14,7069.37,Dormant
30,30,748,AC1000000030,Salary,2026-05-19,205254.85,Active
31,31,405,AC1000000031,Salary,2026-01-29,247327.8,Active
32,32,603,AC1000000032,Savings,2026-02-23,443074.79,Closed
33,33,128,AC1000000033,Premium Savings,2026-08-03,85369.38,Active
34,34,981,AC1000000034,Salary,2025-12-23,257256.14,Active
35,35,706,AC1000000035,Salary,2025-03-01,327198.64,Dormant
36,36,754,AC1000000036,Current,2025-09-06,241474.15,Dormant
37,37,371,AC1000000037,Savings,2025-06-01,134358.7,Active
38,38,698,AC1000000038,Current,2025-09-18,127470.33,Active
39,39,679,AC1000000039,Current,2025-01-13,62781.67,Active
40,40,729,AC1000000040,Premium Savings,2026-02-12,354504.54,Closed
41,41,83,AC1000000041,Current,2026-03-10,87082.69,Active
42,42,709,AC1000000042,Salary,2026-05-28,484003.3,Active
43,43,392,AC1000000043,Salary,2026-02-26,377468.81,Dormant
44,44,891,AC1000000044,Savings,2025-04-22,319909.22,Active
45,45,353,AC1000000045,Current,2025-10-03,375621.39,Dormant
46,46,408,AC1000000046,Salary,2025-01-07,493577.62,Active
47,47,2,AC1000000047,Savings,2025-03-13,388003.1,Active
48,48,427,AC1000000048,Salary,2026-03-18,89463.96,Active
49,49,721,AC1000000049,Current,2025-07-22,245803.27,Active
50,50,113,AC1000000050,Premium Savings,2026-08-04,408113.38,Active
51,51,61,AC1000000051,Current,2025-07-16,133379.2,Dormant
52,52,419,AC1000000052,Premium Savings,2025-04-22,434839.19,Active
53,53,301,AC1000000053,Savings,2026-01-22,66717.38,Active
54,54,31,AC1000000054,Current,2026-05-05,245171.2,Active
55,55,10,AC1000000055,Savings,2025-09-30,377140.35,Active
56,56,597,AC1000000056,Savings,2025-04-10,109478.84,Active
57,57,385,AC1000000057,Salary,2026-05-13,239249.73,Active
58,58,440,AC1000000058,Salary,2026-01-15,342520.7,Active
59,59,323,AC1000000059,Current,2026-01-05,334213.75,Active
60,60,59,AC1000000060,Salary,2025-12-05,404103.75,Active
61,61,892,AC1000000061,Premium Savings,2025-05-23,17711.81,Active
62,62,544,AC1000000062,Salary,2025-09-12,187372.8,Active
63,63,675,AC1000000063,Premium Savings,2026-06-12,209497.66,Active
64,64,654,AC1000000064,Salary,2025-01-18,318719.76,Dormant
65,65,993,AC1000000065,Salary,2026-03-31,120611.53,Active
66,66,757,AC1000000066,Savings,2025-12-23,216818.56,Dormant
67,67,954,AC1000000067,Premium Savings,2025-04-13,368467.48,Active
68,68,200,AC1000000068,Current,2026-06-17,438735.83,Active
69,69,734,AC1000000069,Savings,2025-05-11,251472.9,Active
70,70,853,AC1000000070,Premium Savings,2025-06-22,448722.25,Closed
71,71,494,AC1000000071,Current,2025-09-07,109762.21,Active
72,72,676,AC1000000072,Savings,2025-04-19,220272.24,Active
73,73,165,AC1000000073,Salary,2026-01-28,384322.87,Active
74,74,264,AC1000000074,Premium Savings,2025-05-07,334410.8,Dormant
75,75,649,AC1000000075,Premium Savings,2025-04-03,398792.53,Active
76,76,230,AC1000000076,Savings,2025-12-18,191620.11,Active
77,77,754,AC1000000077,Premium Savings,2026-07-30,483292.76,Active
78,78,239,AC1000000078,Current,2025-09-23,62266.53,Active
79,79,92,AC1000000079,Salary,2025-07-12,373585.79,Active
80,80,377,AC1000000080,Current,2025-11-17,477263.97,Active
81,81,2,AC1000000081,Salary,2025-03-05,297079.59,Active
82,82,398,AC1000000082,Premium Savings,2025-11-24,386784.05,Active
83,83,957,AC1000000083,Current,2026-06-17,333552.67,Active
84,84,110,AC1000000084,Premium Savings,2025-01-10,271455.01,Active
85,85,149,AC1000000085,Salary,2025-08-13,252417.17,Active
86,86,616,AC1000000086,Salary,2025-05-30,374794.67,Active
87,87,848,AC1000000087,Savings,2025-11-24,157901.26,Closed
88,88,127,AC1000000088,Salary,2026-08-11,241749.96,Active
89,89,507,AC1000000089,Salary,2026-01-21,34112.23,Active
90,90,157,AC1000000090,Current,2025-08-19,351701.67,Active
91,91,887,AC1000000091,Current,2026-05-15,365060.75,Active
92,92,835,AC1000000092,Current,2025-01-23,276231.74,Active
93,93,695,AC1000000093,Premium Savings,2025-12-23,380068.52,Active
94,94,541,AC1000000094,Salary,2025-10-17,349706.28,Active
95,95,877,AC1000000095,Premium Savings,2025-04-10,69795.84,Active
96,96,595,AC1000000096,Savings,2025-11-08,231478.59,Active
97,97,141,AC1000000097,Premium Savings,2026-05-10,149085.38,Active
98,98,224,AC1000000098,Current,2025-01-10,184301.76,Dormant
99,99,105,AC1000000099,Current,2026-01-21,475447.09,Active
100,100,862,AC1000000100,Current,2025-02-27,52543.63,Closed
101,101,184,AC1000000101,Savings,2025-05-01,490237.0,Active
102,102,608,AC1000000102,Premium Savings,2025-06-02,315351.41,Active
103,103,35,AC1000000103,Savings,2025-09-04,201339.17,Active
104,104,611,AC1000000104,Current,2026-01-20,389045.66,Closed
105,105,687,AC1000000105,Savings,2026-04-20,433123.42,Active
106,106,282,AC1000000106,Premium Savings,2026-01-12,10743.2,Active
107,107,125,AC1000000107,Premium Savings,2026-06-06,116342.84,Active
108,108,587,AC1000000108,Premium Savings,2025-10-08,348394.3,Active
109,109,608,AC1000000109,Current,2026-01-29,244674.78,Active
110,110,445,AC1000000110,Salary,2026-08-09,66992.04,Active
111,111,731,AC1000000111,Current,2026-02-20,407369.63,Active
112,112,570,AC1000000112,Premium Savings,2025-03-07,261856.05,Active
113,113,731,AC1000000113,Savings,2025-08-01,483012.12,Dormant
114,114,186,AC1000000114,Current,2025-01-06,279587.28,Active
115,115,126,AC1000000115,Savings,2025-05-12,289665.11,Active
116,116,90,AC1000000116,Salary,2025-02-05,46882.11,Active
117,117,306,AC1000000117,Salary,2026-07-12,89943.58,Closed
118,118,674,AC1000000118,Savings,2025-09-12,153796.99,Dormant
119,119,532,AC1000000119,Salary,2026-07-01,225235.54,Active
120,120,712,AC1000000120,Salary,2026-06-20,455837.66,Closed
121,121,621,AC1000000121,Current,2025-04-12,332995.41,Active
122,122,38,AC1000000122,Current,2025-05-26,153356.07,Active
123,123,981,AC1000000123,Current,2026-07-20,111939.78,Active
124,124,132,AC1000000124,Premium Savings,2025-03-18,277175.06,Active
125,125,666,AC1000000125,Current,2026-02-14,230753.54,Dormant
126,126,693,AC1000000126,Premium Savings,2025-05-27,270272.64,Active
127,127,751,AC1000000127,Salary,2025-07-17,358650.26,Active
128,128,664,AC1000000128,Current,2026-03-06,411676.06,Active
129,129,807,AC1000000129,Premium Savings,2026-01-24,17825.38,Active
130,130,80,AC1000000130,Salary,2025-05-08,268077.73,Active
131,131,417,AC1000000131,Savings,2025-12-04,321887.86,Active
132,132,342,AC1000000132,Salary,2025-05-30,435083.41,Active
133,133,11,AC1000000133,Savings,2026-01-22,489845.18,Active
134,134,975,AC1000000134,Savings,2025-05-07,91987.03,Active
135,135,314,AC1000000135,Premium Savings,2025-04-08,266835.26,Active
136,136,887,AC1000000136,Salary,2026-07-19,139171.71,Active
137,137,50,AC1000000137,Current,2025-11-22,473522.6,Active
138,138,354,AC1000000138,Premium Savings,2026-05-04,298193.51,Active
139,139,704,AC1000000139,Current,2025-05-10,75621.72,Active
140,140,274,AC1000000140,Savings,2026-01-15,355213.7,Active
141,141,624,AC1000000141,Premium Savings,2026-04-14,95636.74,Closed
142,142,818,AC1000000142,Premium Savings,2026-05-30,146975.73,Closed
143,143,534,AC1000000143,Current,2025-11-09,319639.45,Active
144,144,313,AC1000000144,Premium Savings,2025-11-17,423396.58,Active
145,145,79,AC1000000145,Current,2025-04-06,86731.0,Active
146,146,762,AC1000000146,Salary,2026-07-22,465146.56,Active
147,147,11,AC1000000147,Premium Savings,2026-06-05,466558.5,Active
148,148,510,AC1000000148,Savings,2026-02-20,11880.63,Active
149,149,852,AC1000000149,Savings,2026-03-12,352782.9,Active
150,150,251,AC1000000150,Savings,2026-04-05,482500.45,Active
151,151,904,AC1000000151,Current,2025-06-29,42185.58,Active
152,152,527,AC1000000152,Salary,2025-02-22,214247.52,Active
153,153,383,AC1000000153,Savings,2025-12-13,457452.36,Active
154,154,553,AC1000000154,Savings,2025-10-25,153093.11,Active
155,155,219,AC1000000155,Savings,2026-08-06,199842.63,Dormant
156,156,952,AC1000000156,Savings,2026-04-20,446784.48,Active
157,157,59,AC1000000157,Salary,2025-01-07,309687.47,Active
158,158,363,AC1000000158,Savings,2025-01-06,178112.24,Active
159,159,412,AC1000000159,Salary,2025-01-10,55162.2,Active
160,160,87,AC1000000160,Current,2026-02-25,66302.11,Active
161,161,160,AC1000000161,Salary,2025-08-20,237995.85,Active
162,162,374,AC1000000162,Premium Savings,2025-07-06,270531.56,Active
163,163,450,AC1000000163,Premium Savings,2025-06-15,74237.83,Active
164,164,6,AC1000000164,Salary,2025-07-23,59779.49,Active
165,165,137,AC1000000165,Premium Savings,2026-03-08,373242.37,Dormant
166,166,165,AC1000000166,Current,2026-05-06,480050.93,Closed
167,167,122,AC1000000167,Premium Savings,2026-05-16,277311.22,Active
168,168,732,AC1000000168,Current,2025-11-29,376789.5,Active
169,169,410,AC1000000169,Premium Savings,2025-05-15,59317.73,Active
170,170,22,AC1000000170,Current,2025-06-09,175339.67,Active
171,171,701,AC1000000171,Current,2025-02-23,340763.61,Active
172,172,1000,AC1000000172,Savings,2026-03-21,242695.54,Active
173,173,85,AC1000000173,Premium Savings,2025-09-11,310718.51,Active
174,174,192,AC1000000174,Current,2025-10-15,384530.16,Dormant
175,175,718,AC1000000175,Current,2026-03-16,103214.17,Active
176,176,830,AC1000000176,Savings,2026-05-30,307494.72,Active
177,177,876,AC1000000177,Current,2025-08-23,64628.29,Active
178,178,281,AC1000000178,Current,2025-05-30,216019.97,Active
179,179,94,AC1000000179,Savings,2026-01-25,206612.11,Active
180,180,649,AC1000000180,Current,2025-08-16,171408.04,Active
181,181,523,AC1000000181,Premium Savings,2025-02-22,155623.55,Active
182,182,288,AC1000000182,Salary,2026-03-05,127249.48,Dormant
183,183,187,AC1000000183,Savings,2025-01-01,30804.67,Active
184,184,218,AC1000000184,Salary,2026-04-29,143678.88,Active
185,185,442,AC1000000185,Current,2025-09-16,474422.45,Active
186,186,312,AC1000000186,Savings,2025-04-10,336129.03,Active
187,187,789,AC1000000187,Current,2025-12-06,183481.51,Active
188,188,761,AC1000000188,Salary,2025-09-01,326872.93,Active
189,189,394,AC1000000189,Savings,2025-04-19,69590.28,Active
190,190,124,AC1000000190,Savings,2026-08-24,484323.44,Dormant
191,191,838,AC1000000191,Current,2025-07-17,353806.73,Dormant
192,192,77,AC1000000192,Salary,2025-11-05,364048.58,Closed
193,193,207,AC1000000193,Current,2025-02-14,68276.81,Active
194,194,729,AC1000000194,Salary,2026-07-28,487687.45,Dormant
195,195,460,AC1000000195,Savings,2026-03-23,38515.71,Active
196,196,954,AC1000000196,Savings,2025-06-20,301581.06,Active
197,197,133,AC1000000197,Salary,2025-02-16,478122.45,Active
198,198,996,AC1000000198,Current,2026-02-12,250037.82,Active
199,199,526,AC1000000199,Savings,2025-06-19,221683.75,Active
200,200,576,AC1000000200,Premium Savings,2026-02-15,305573.1,Active
201,201,4,AC1000000201,Current,2026-08-09,112814.82,Active
202,202,901,AC1000000202,Premium Savings,2026-05-31,355338.24,Active
203,203,311,AC1000000203,Current,2025-10-31,355586.08,Active
204,204,176,AC1000000204,Current,2025-02-16,269115.07,Active
205,205,655,AC1000000205,Current,2025-10-12,463987.74,Active
206,206,810,AC1000000206,Savings,2025-09-12,494820.45,Active
207,207,119,AC1000000207,Savings,2025-12-22,318178.03,Closed
208,208,333,AC1000000208,Savings,2026-07-17,135698.9,Active
209,209,920,AC1000000209,Salary,2025-11-29,492704.34,Active
210,210,11,AC1000000210,Salary,2025-08-13,366585.96,Active
211,211,263,AC1000000211,Savings,2026-07-05,330372.21,Dormant
212,212,962,AC1000000212,Savings,2026-01-27,473099.87,Active
213,213,642,AC1000000213,Current,2026-03-29,114216.32,Active
214,214,596,AC1000000214,Premium Savings,2025-06-09,225797.67,Active
215,215,445,AC1000000215,Salary,2025-06-01,451573.23,Active
216,216,186,AC1000000216,Premium Savings,2025-07-09,408721.0,Active
217,217,584,AC1000000217,Premium Savings,2025-07-04,325544.31,Active
218,218,167,AC1000000218,Current,2026-02-08,345246.58,Active
219,219,147,AC1000000219,Savings,2026-03-13,126400.65,Dormant
220,220,994,AC1000000220,Premium Savings,2025-04-13,363531.93,Active
221,221,769,AC1000000221,Savings,2025-04-13,192048.19,Active
222,222,847,AC1000000222,Savings,2025-02-14,70428.63,Active
223,223,275,AC1000000223,Current,2025-01-14,397238.22,Active
224,224,811,AC1000000224,Savings,2026-07-10,369385.1,Active
225,225,725,AC1000000225,Savings,2025-07-27,73918.9,Active
226,226,914,AC1000000226,Premium Savings,2025-06-17,157155.57,Active
227,227,250,AC1000000227,Savings,2026-07-11,347560.39,Active
228,228,127,AC1000000228,Savings,2025-02-15,55893.58,Active
229,229,524,AC1000000229,Premium Savings,2025-05-26,5599.16,Active
230,230,233,AC1000000230,Premium Savings,2026-01-30,77951.37,Active
231,231,232,AC1000000231,Premium Savings,2025-04-26,248451.18,Closed
232,232,230,AC1000000232,Savings,2025-10-16,181867.41,Active
233,233,122,AC1000000233,Salary,2025-03-28,448315.31,Active
234,234,183,AC1000000234,Premium Savings,2026-06-28,170747.81,Active
235,235,436,AC1000000235,Current,2025-11-05,314255.34,Active
236,236,897,AC1000000236,Savings,2025-10-05,458536.01,Active
237,237,956,AC1000000237,Salary,2025-03-20,395483.78,Dormant
238,238,153,AC1000000238,Current,2025-11-24,78151.19,Active
239,239,816,AC1000000239,Premium Savings,2025-03-10,61016.2,Active
240,240,745,AC1000000240,Salary,2025-05-29,49771.27,Closed
241,241,187,AC1000000241,Premium Savings,2025-12-28,163061.31,Active
242,242,711,AC1000000242,Premium Savings,2025-12-08,73419.53,Dormant
243,243,944,AC1000000243,Current,2026-01-28,212236.52,Active
244,244,547,AC1000000244,Premium Savings,2026-06-30,270425.22,Active
245,245,86,AC1000000245,Premium Savings,2026-06-24,291048.84,Active
246,246,767,AC1000000246,Current,2025-03-31,121420.57,Active
247,247,872,AC1000000247,Savings,2026-01-07,281395.36,Closed
248,248,944,AC1000000248,Savings,2025-03-03,456124.15,Active
249,249,870,AC1000000249,Current,2025-10-29,232892.25,Active
250,250,565,AC1000000250,Premium Savings,2025-09-06,109315.0,Active
251,251,765,AC1000000251,Current,2025-05-01,481215.73,Active
252,252,387,AC1000000252,Savings,2026-03-11,188983.69,Active
253,253,679,AC1000000253,Savings,2026-05-04,419531.41,Dormant
254,254,31,AC1000000254,Current,2026-01-10,74932.36,Active
255,255,13,AC1000000255,Premium Savings,2025-06-03,383881.76,Active
256,256,144,AC1000000256,Salary,2026-04-27,208703.63,Active
257,257,801,AC1000000257,Savings,2025-10-21,60077.0,Active
258,258,658,AC1000000258,Savings,2025-06-27,254131.23,Active
259,259,853,AC1000000259,Premium Savings,2026-04-11,279307.18,Active
260,260,942,AC1000000260,Salary,2025-08-21,214716.78,Active
261,261,997,AC1000000261,Savings,2026-06-19,191892.34,Closed
262,262,761,AC1000000262,Current,2026-02-15,311426.66,Active
263,263,189,AC1000000263,Savings,2026-04-25,241321.05,Active
264,264,415,AC1000000264,Premium Savings,2025-06-18,32062.47,Active
265,265,435,AC1000000265,Current,2025-10-04,58658.44,Active
266,266,618,AC1000000266,Salary,2025-01-29,123567.31,Active
267,267,110,AC1000000267,Savings,2025-08-05,300569.82,Active
268,268,317,AC1000000268,Current,2026-07-19,104854.33,Dormant
269,269,247,AC1000000269,Salary,2025-03-29,488448.26,Active
270,270,578,AC1000000270,Premium Savings,2025-02-16,28784.21,Active
271,271,317,AC1000000271,Savings,2026-01-01,377081.32,Closed
272,272,513,AC1000000272,Current,2025-11-19,377161.92,Active
273,273,998,AC1000000273,Current,2025-04-10,169002.5,Dormant
274,274,516,AC1000000274,Savings,2026-05-30,404709.69,Active
275,275,602,AC1000000275,Premium Savings,2026-05-04,295247.31,Dormant
276,276,298,AC1000000276,Current,2025-06-05,342775.12,Active
277,277,641,AC1000000277,Savings,2025-08-26,442779.02,Active
278,278,670,AC1000000278,Current,2025-06-14,496741.23,Active
279,279,747,AC1000000279,Salary,2026-04-04,393749.17,Active
280,280,369,AC1000000280,Premium Savings,2025-02-10,445886.57,Active
281,281,397,AC1000000281,Current,2025-08-02,498519.7,Active
282,282,982,AC1000000282,Current,2026-08-04,315755.87,Active
283,283,825,AC1000000283,Savings,2025-05-27,384327.07,Active
284,284,889,AC1000000284,Savings,2026-05-26,51586.43,Active
285,285,957,AC1000000285,Salary,2025-06-15,38740.11,Active
286,286,362,AC1000000286,Savings,2025-03-14,93697.2,Active
287,287,265,AC1000000287,Premium Savings,2025-09-20,382757.45,Active
288,288,947,AC1000000288,Current,2025-05-07,485981.92,Active
289,289,373,AC1000000289,Salary,2026-02-15,207471.45,Active
290,290,697,AC1000000290,Current,2026-03-28,186532.47,Active
291,291,975,AC1000000291,Salary,2026-01-18,46327.82,Active
292,292,461,AC1000000292,Salary,2025-02-13,312203.79,Active
293,293,759,AC1000000293,Current,2026-07-29,8931.76,Dormant
294,294,298,AC1000000294,Premium Savings,2025-06-12,287216.19,Dormant
295,295,229,AC1000000295,Premium Savings,2026-04-19,336229.53,Active
296,296,480,AC1000000296,Premium Savings,2025-04-22,47482.16,Active
297,297,940,AC1000000297,Premium Savings,2026-03-20,103738.14,Active
298,298,325,AC1000000298,Salary,2026-05-13,110254.42,Active
299,299,118,AC1000000299,Salary,2026-04-11,23949.76,Active
300,300,482,AC1000000300,Current,2025-08-07,163492.38,Active
301,301,616,AC1000000301,Premium Savings,2025-03-05,468547.53,Active
302,302,441,AC1000000302,Premium Savings,2025-08-07,31768.37,Dormant
303,303,976,AC1000000303,Premium Savings,2025-10-04,129775.29,Active
304,304,146,AC1000000304,Savings,2025-10-08,205508.9,Active
305,305,730,AC1000000305,Premium Savings,2026-03-06,264765.08,Active
306,306,266,AC1000000306,Current,2025-02-25,50758.42,Dormant
307,307,351,AC1000000307,Salary,2025-06-18,103309.63,Dormant
308,308,494,AC1000000308,Premium Savings,2026-07-03,345971.09,Active
309,309,714,AC1000000309,Premium Savings,2025-12-30,456735.92,Active
310,310,843,AC1000000310,Savings,2026-07-29,392620.83,Active
311,311,80,AC1000000311,Current,2025-11-28,333711.16,Active
312,312,752,AC1000000312,Salary,2025-01-15,79500.61,Active
313,313,152,AC1000000313,Premium Savings,2025-11-21,61235.4,Closed
314,314,417,AC1000000314,Salary,2026-06-18,362531.59,Closed
315,315,966,AC1000000315,Current,2026-04-06,321263.62,Active
316,316,38,AC1000000316,Current,2025-07-12,212987.17,Active
317,317,171,AC1000000317,Premium Savings,2025-08-10,177302.35,Closed
318,318,996,AC1000000318,Savings,2026-01-15,407820.78,Active
319,319,919,AC1000000319,Salary,2026-05-30,410430.5,Active
320,320,512,AC1000000320,Premium Savings,2026-02-28,208141.47,Active
321,321,556,AC1000000321,Premium Savings,2026-06-20,487164.73,Active
322,322,949,AC1000000322,Current,2026-04-15,217049.89,Active
323,323,610,AC1000000323,Current,2026-07-10,220758.7,Active
324,324,676,AC1000000324,Premium Savings,2025-10-18,352535.85,Dormant
325,325,928,AC1000000325,Savings,2025-03-31,403940.18,Active
326,326,666,AC1000000326,Savings,2026-02-26,56319.27,Active
327,327,639,AC1000000327,Savings,2026-03-31,254163.95,Active
328,328,684,AC1000000328,Salary,2026-03-07,109876.21,Active
329,329,565,AC1000000329,Premium Savings,2025-04-28,101802.32,Active
330,330,128,AC1000000330,Salary,2026-04-21,209402.7,Active
331,331,721,AC1000000331,Premium Savings,2025-01-08,470110.32,Active
332,332,520,AC1000000332,Salary,2025-10-02,440405.54,Active
333,333,859,AC1000000333,Premium Savings,2025-09-05,7057.99,Dormant
334,334,34,AC1000000334,Savings,2025-01-27,80920.8,Active
335,335,837,AC1000000335,Salary,2025-12-10,89353.32,Active
336,336,441,AC1000000336,Current,2026-07-24,486877.71,Active
337,337,660,AC1000000337,Premium Savings,2025-02-22,401659.16,Active
338,338,132,AC1000000338,Premium Savings,2025-06-27,204543.91,Active
339,339,163,AC1000000339,Premium Savings,2025-08-25,54291.07,Active
340,340,517,AC1000000340,Savings,2026-08-14,393219.24,Active
341,341,643,AC1000000341,Salary,2026-07-21,83731.32,Active
342,342,96,AC1000000342,Savings,2025-01-27,221523.41,Active
343,343,608,AC1000000343,Current,2025-01-29,310959.32,Active
344,344,996,AC1000000344,Savings,2026-08-09,194290.4,Active
345,345,134,AC1000000345,Premium Savings,2026-01-02,97344.81,Active
346,346,228,AC1000000346,Salary,2025-07-18,270031.52,Active
347,347,799,AC1000000347,Premium Savings,2025-09-24,331332.56,Active
348,348,958,AC1000000348,Current,2025-01-24,321001.35,Active
349,349,106,AC1000000349,Savings,2026-04-16,463963.52,Active
350,350,146,AC1000000350,Salary,2025-09-26,447829.37,Active
351,351,507,AC1000000351,Salary,2025-08-01,198446.1,Active
352,352,23,AC1000000352,Premium Savings,2025-03-17,245826.06,Active
353,353,216,AC1000000353,Premium Savings,2026-01-20,445408.19,Active
354,354,462,AC1000000354,Current,2025-07-04,152883.72,Dormant
355,355,676,AC1000000355,Savings,2025-05-01,488078.36,Closed
356,356,496,AC1000000356,Savings,2025-06-12,263265.54,Active
357,357,125,AC1000000357,Current,2025-01-31,270297.32,Active
358,358,780,AC1000000358,Current,2025-08-10,434102.76,Active
359,359,223,AC1000000359,Savings,2025-12-02,73589.69,Active
360,360,709,AC1000000360,Current,2025-10-02,140464.91,Active
361,361,95,AC1000000361,Salary,2026-07-19,327702.64,Active
362,362,829,AC1000000362,Premium Savings,2026-03-23,258764.99,Active
363,363,198,AC1000000363,Salary,2025-06-27,102948.84,Active
364,364,735,AC1000000364,Salary,2026-02-07,55932.83,Active
365,365,602,AC1000000365,Salary,2025-06-19,398079.27,Closed
366,366,500,AC1000000366,Premium Savings,2026-04-02,214749.97,Active
367,367,836,AC1000000367,Salary,2025-04-21,305611.35,Active
368,368,581,AC1000000368,Salary,2026-01-18,449457.87,Active
369,369,461,AC1000000369,Current,2025-02-04,479258.23,Active
370,370,420,AC1000000370,Salary,2026-06-28,179365.4,Active
371,371,185,AC1000000371,Salary,2026-03-16,396493.7,Active
372,372,75,AC1000000372,Current,2026-01-16,189122.32,Active
373,373,126,AC1000000373,Savings,2025-11-23,345704.74,Active
374,374,219,AC1000000374,Premium Savings,2026-08-05,398643.51,Dormant
375,375,576,AC1000000375,Savings,2026-01-30,145389.05,Active
376,376,223,AC1000000376,Savings,2026-07-29,142633.99,Active
377,377,905,AC1000000377,Savings,2026-08-11,446868.69,Active
378,378,775,AC1000000378,Premium Savings,2025-11-22,407630.26,Active
379,379,51,AC1000000379,Premium Savings,2026-05-26,28161.96,Active
380,380,123,AC1000000380,Savings,2026-04-09,89714.17,Active
381,381,393,AC1000000381,Current,2026-08-14,15528.01,Active
382,382,803,AC1000000382,Savings,2026-04-18,145761.08,Active
383,383,413,AC1000000383,Savings,2026-07-01,459427.07,Active
384,384,661,AC1000000384,Savings,2025-03-13,237597.21,Active
385,385,426,AC1000000385,Salary,2025-10-09,162008.88,Active
386,386,82,AC1000000386,Salary,2026-05-21,308098.72,Active
387,387,714,AC1000000387,Premium Savings,2026-05-21,425092.79,Closed
388,388,125,AC1000000388,Salary,2025-04-16,19497.65,Active
389,389,11,AC1000000389,Current,2025-04-18,496802.48,Dormant
390,390,742,AC1000000390,Premium Savings,2025-08-20,89244.77,Active
391,391,924,AC1000000391,Salary,2026-07-05,494834.69,Dormant
392,392,889,AC1000000392,Savings,2025-09-23,442243.08,Active
393,393,50,AC1000000393,Salary,2025-03-18,135544.93,Active
394,394,811,AC1000000394,Premium Savings,2025-10-04,350839.09,Dormant
395,395,598,AC1000000395,Premium Savings,2025-05-03,67512.91,Dormant
396,396,772,AC1000000396,Premium Savings,2026-04-03,335776.45,Active
397,397,247,AC1000000397,Premium Savings,2026-05-17,488292.98,Active
398,398,749,AC1000000398,Premium Savings,2025-08-20,50440.69,Active
399,399,729,AC1000000399,Savings,2025-12-28,281465.04,Dormant
400,400,676,AC1000000400,Current,2025-03-21,42196.48,Active
401,401,218,AC1000000401,Savings,2025-08-10,236734.44,Active
402,402,500,AC1000000402,Savings,2025-12-15,108287.42,Active
403,403,541,AC1000000403,Salary,2025-11-16,355713.62,Active
404,404,869,AC1000000404,Savings,2025-05-14,113298.49,Active
405,405,999,AC1000000405,Premium Savings,2026-06-10,105495.26,Active
406,406,71,AC1000000406,Salary,2026-03-10,86277.18,Active
407,407,891,AC1000000407,Savings,2025-05-31,233172.29,Active
408,408,113,AC1000000408,Current,2025-01-17,447578.54,Active
409,409,30,AC1000000409,Premium Savings,2026-06-28,229057.25,Active
410,410,950,AC1000000410,Savings,2025-12-29,218579.45,Active
411,411,515,AC1000000411,Premium Savings,2026-06-05,170201.05,Active
412,412,379,AC1000000412,Savings,2025-02-20,326067.77,Active
413,413,433,AC1000000413,Current,2025-10-29,98777.57,Active
414,414,283,AC1000000414,Premium Savings,2026-06-16,219614.84,Active
415,415,662,AC1000000415,Current,2025-04-24,113691.98,Active
416,416,37,AC1000000416,Salary,2025-09-02,37594.46,Active
417,417,232,AC1000000417,Premium Savings,2026-02-06,199478.29,Active
418,418,844,AC1000000418,Salary,2026-05-23,106824.16,Active
419,419,356,AC1000000419,Salary,2025-10-22,368271.72,Active
420,420,516,AC1000000420,Premium Savings,2025-11-09,427019.15,Active
421,421,175,AC1000000421,Salary,2025-03-13,87489.5,Active
422,422,467,AC1000000422,Current,2025-01-14,334685.53,Active
423,423,22,AC1000000423,Current,2025-09-28,441222.48,Active
424,424,779,AC1000000424,Savings,2025-12-27,484923.06,Active
425,425,501,AC1000000425,Current,2026-04-29,59146.07,Active
426,426,581,AC1000000426,Salary,2025-08-22,265008.25,Active
427,427,151,AC1000000427,Savings,2025-04-13,155778.12,Active
428,428,464,AC1000000428,Premium Savings,2025-12-26,494947.59,Active
429,429,499,AC1000000429,Salary,2026-01-09,232081.63,Active
430,430,309,AC1000000430,Salary,2026-06-15,388390.52,Dormant
431,431,924,AC1000000431,Premium Savings,2025-04-26,138619.04,Active
432,432,656,AC1000000432,Savings,2025-06-01,489425.53,Dormant
433,433,676,AC1000000433,Current,2026-01-01,251426.95,Active
434,434,759,AC1000000434,Premium Savings,2026-01-04,107122.22,Active
435,435,943,AC1000000435,Premium Savings,2025-04-21,482899.26,Dormant
436,436,696,AC1000000436,Premium Savings,2026-06-24,91601.36,Dormant
437,437,358,AC1000000437,Salary,2026-02-05,296628.18,Dormant
438,438,283,AC1000000438,Salary,2025-07-15,25344.49,Active
439,439,352,AC1000000439,Savings,2026-03-20,398689.79,Active
440,440,812,AC1000000440,Salary,2025-10-23,59544.34,Active
441,441,950,AC1000000441,Current,2026-04-23,342056.92,Active
442,442,297,AC1000000442,Current,2025-11-07,245978.27,Active
443,443,302,AC1000000443,Savings,2026-04-10,25271.78,Active
444,444,608,AC1000000444,Savings,2025-02-24,246741.39,Active
445,445,361,AC1000000445,Savings,2025-02-21,129459.56,Active
446,446,291,AC1000000446,Current,2025-03-30,358032.56,Active
447,447,751,AC1000000447,Current,2026-03-19,294686.29,Active
448,448,225,AC1000000448,Savings,2026-04-30,466802.71,Active
449,449,695,AC1000000449,Premium Savings,2026-03-09,202561.23,Dormant
450,450,915,AC1000000450,Salary,2025-11-06,300534.2,Active
451,451,447,AC1000000451,Salary,2026-08-16,73892.3,Active
452,452,257,AC1000000452,Current,2026-03-03,279370.47,Active
453,453,88,AC1000000453,Salary,2026-08-04,463923.73,Active
454,454,188,AC1000000454,Premium Savings,2026-03-24,52540.94,Active
455,455,711,AC1000000455,Salary,2026-05-31,467765.51,Active
456,456,480,AC1000000456,Salary,2026-03-14,235943.52,Closed
457,457,473,AC1000000457,Savings,2026-07-27,18078.95,Active
458,458,91,AC1000000458,Current,2025-11-06,394382.88,Active
459,459,383,AC1000000459,Current,2026-07-11,450456.64,Dormant
460,460,55,AC1000000460,Premium Savings,2025-05-09,204456.35,Active
461,461,827,AC1000000461,Premium Savings,2025-02-25,46906.25,Active
462,462,666,AC1000000462,Savings,2025-12-08,299198.14,Active
463,463,580,AC1000000463,Premium Savings,2025-12-06,432835.49,Active
464,464,599,AC1000000464,Savings,2025-07-29,260550.69,Active
465,465,991,AC1000000465,Premium Savings,2025-05-20,115654.07,Active
466,466,873,AC1000000466,Current,2025-11-05,315978.53,Active
467,467,960,AC1000000467,Savings,2026-05-12,313713.64,Active
468,468,69,AC1000000468,Savings,2025-06-06,303876.38,Active
469,469,100,AC1000000469,Current,2025-07-29,56285.48,Active
470,470,518,AC1000000470,Premium Savings,2026-02-05,32548.32,Active
471,471,415,AC1000000471,Premium Savings,2025-07-08,411034.12,Active
472,472,560,AC1000000472,Salary,2026-03-26,430360.37,Active
473,473,443,AC1000000473,Current,2025-01-23,96479.89,Active
474,474,674,AC1000000474,Current,2025-06-24,258199.92,Active
475,475,206,AC1000000475,Premium Savings,2026-05-07,148567.91,Active
476,476,983,AC1000000476,Premium Savings,2026-01-12,335511.33,Active
477,477,715,AC1000000477,Savings,2026-04-21,211363.75,Active
478,478,29,AC1000000478,Salary,2026-04-14,64462.62,Active
479,479,595,AC1000000479,Salary,2025-02-04,324328.95,Dormant
480,480,635,AC1000000480,Premium Savings,2025-02-13,454513.63,Active
481,481,143,AC1000000481,Premium Savings,2026-04-15,142067.5,Closed
482,482,367,AC1000000482,Current,2025-12-24,451762.51,Active
483,483,526,AC1000000483,Savings,2025-06-28,329680.03,Active
484,484,737,AC1000000484,Salary,2026-04-16,359015.25,Active
485,485,286,AC1000000485,Salary,2026-02-08,38764.0,Active
486,486,496,AC1000000486,Premium Savings,2026-04-29,304891.69,Active
487,487,726,AC1000000487,Salary,2025-05-13,350395.51,Active
488,488,595,AC1000000488,Salary,2026-08-22,310650.14,Active
489,489,47,AC1000000489,Savings,2025-06-12,119693.63,Active
490,490,512,AC1000000490,Premium Savings,2025-11-28,381155.09,Closed
491,491,828,AC1000000491,Current,2025-04-18,450398.18,Active
492,492,914,AC1000000492,Premium Savings,2026-03-07,461576.02,Active
493,493,257,AC1000000493,Savings,2025-02-08,424166.92,Active
494,494,782,AC1000000494,Salary,2025-01-31,462157.67,Active
495,495,716,AC1000000495,Premium Savings,2026-01-22,70942.24,Active
496,496,570,AC1000000496,Current,2025-07-20,129985.0,Active
497,497,293,AC1000000497,Current,2025-07-26,372366.18,Active
498,498,542,AC1000000498,Current,2025-03-30,293143.43,Active
499,499,685,AC1000000499,Savings,2025-07-28,21453.4,Active
500,500,6,AC1000000500,Salary,2026-02-22,286306.04,Dormant
501,501,349,AC1000000501,Current,2026-06-25,250606.86,Active
502,502,585,AC1000000502,Premium Savings,2026-05-28,179292.5,Active
503,503,573,AC1000000503,Current,2025-03-10,222244.64,Active
504,504,895,AC1000000504,Savings,2026-08-06,43681.18,Active
505,505,306,AC1000000505,Savings,2025-05-01,251862.56,Active
506,506,554,AC1000000506,Salary,2025-01-24,115890.51,Dormant
507,507,945,AC1000000507,Salary,2026-02-04,353120.29,Active
508,508,893,AC1000000508,Current,2025-10-22,42014.68,Active
509,509,874,AC1000000509,Salary,2026-02-13,311229.23,Active
510,510,914,AC1000000510,Savings,2026-08-20,238134.46,Dormant
511,511,270,AC1000000511,Savings,2025-02-03,172332.4,Active
512,512,343,AC1000000512,Savings,2025-05-23,106095.49,Active
513,513,338,AC1000000513,Savings,2025-08-30,249309.78,Active
514,514,578,AC1000000514,Savings,2025-12-21,490622.74,Dormant
515,515,613,AC1000000515,Savings,2026-07-19,241991.89,Active
516,516,741,AC1000000516,Savings,2025-04-17,22622.04,Active
517,517,666,AC1000000517,Salary,2026-03-18,241408.33,Active
518,518,898,AC1000000518,Current,2025-01-22,465967.03,Active
519,519,801,AC1000000519,Current,2026-07-02,306028.75,Active
520,520,701,AC1000000520,Savings,2026-07-20,243675.8,Active
521,521,387,AC1000000521,Current,2026-03-17,352162.2,Active
522,522,119,AC1000000522,Premium Savings,2025-05-01,449087.63,Closed
523,523,377,AC1000000523,Salary,2025-07-18,174847.19,Dormant
524,524,244,AC1000000524,Current,2025-04-05,296365.65,Active
525,525,766,AC1000000525,Savings,2025-01-16,437261.63,Active
526,526,59,AC1000000526,Savings,2025-02-28,67724.37,Active
527,527,45,AC1000000527,Salary,2025-12-25,303195.93,Dormant
528,528,300,AC1000000528,Current,2026-02-12,241957.18,Active
529,529,79,AC1000000529,Savings,2025-09-14,469493.22,Active
530,530,723,AC1000000530,Salary,2025-08-14,224553.21,Active
531,531,376,AC1000000531,Salary,2025-09-08,265787.87,Active
532,532,715,AC1000000532,Savings,2025-02-25,176584.55,Active
533,533,974,AC1000000533,Premium Savings,2025-10-14,43830.81,Dormant
534,534,862,AC1000000534,Current,2025-11-09,372244.79,Active
535,535,382,AC1000000535,Current,2025-02-06,489065.3,Active
536,536,666,AC1000000536,Premium Savings,2025-04-27,15538.38,Active
537,537,277,AC1000000537,Salary,2026-01-29,153704.36,Closed
538,538,62,AC1000000538,Salary,2026-01-29,250201.96,Dormant
539,539,394,AC1000000539,Premium Savings,2025-02-15,116101.98,Active
540,540,676,AC1000000540,Premium Savings,2026-06-30,30868.53,Active
541,541,555,AC1000000541,Salary,2025-01-27,455476.73,Active
542,542,345,AC1000000542,Salary,2025-08-10,379839.85,Active
543,543,850,AC1000000543,Premium Savings,2026-03-14,392393.28,Dormant
544,544,771,AC1000000544,Savings,2025-04-22,278880.61,Closed
545,545,955,AC1000000545,Salary,2026-07-02,234433.76,Active
546,546,582,AC1000000546,Salary,2025-06-16,480350.98,Active
547,547,947,AC1000000547,Current,2025-05-16,454317.73,Active
548,548,699,AC1000000548,Salary,2025-03-29,499409.02,Active
549,549,303,AC1000000549,Salary,2026-08-08,200327.6,Active
550,550,371,AC1000000550,Salary,2025-09-14,392301.01,Active
551,551,623,AC1000000551,Savings,2025-05-08,156913.1,Active
552,552,857,AC1000000552,Salary,2025-07-03,224685.3,Active
553,553,10,AC1000000553,Premium Savings,2025-02-07,483113.32,Active
554,554,865,AC1000000554,Current,2026-02-23,33999.49,Dormant
555,555,284,AC1000000555,Salary,2025-03-07,223017.56,Active
556,556,806,AC1000000556,Salary,2025-09-23,435182.41,Active
557,557,646,AC1000000557,Current,2025-05-31,436263.4,Active
558,558,239,AC1000000558,Savings,2025-02-09,96206.47,Active
559,559,451,AC1000000559,Salary,2025-02-12,278936.82,Active
560,560,975,AC1000000560,Salary,2025-09-21,12978.5,Active
561,561,870,AC1000000561,Salary,2026-07-08,360568.05,Active
562,562,359,AC1000000562,Savings,2025-03-21,255934.28,Active
563,563,80,AC1000000563,Current,2025-07-28,166265.58,Active
564,564,843,AC1000000564,Premium Savings,2025-03-15,322734.08,Dormant
565,565,147,AC1000000565,Savings,2025-12-01,305448.54,Active
566,566,999,AC1000000566,Premium Savings,2026-01-19,237989.09,Closed
567,567,637,AC1000000567,Savings,2025-06-14,187309.45,Active
568,568,154,AC1000000568,Savings,2025-04-19,306473.88,Active
569,569,524,AC1000000569,Salary,2025-08-09,192525.65,Active
570,570,673,AC1000000570,Current,2026-01-26,382492.86,Active
571,571,979,AC1000000571,Savings,2025-08-18,284874.18,Closed
572,572,646,AC1000000572,Premium Savings,2026-07-06,367857.6,Active
573,573,541,AC1000000573,Savings,2026-04-29,331302.89,Active
574,574,325,AC1000000574,Salary,2025-07-19,418824.43,Active
575,575,250,AC1000000575,Salary,2025-09-06,400507.95,Closed
576,576,237,AC1000000576,Premium Savings,2025-11-19,375353.2,Active
577,577,247,AC1000000577,Premium Savings,2026-02-24,184131.17,Active
578,578,518,AC1000000578,Savings,2026-01-06,328398.31,Active
579,579,460,AC1000000579,Premium Savings,2025-08-24,286824.42,Active
580,580,129,AC1000000580,Current,2026-02-22,338682.04,Active
581,581,621,AC1000000581,Salary,2025-10-21,174078.04,Active
582,582,419,AC1000000582,Premium Savings,2026-06-02,491707.64,Active
583,583,648,AC1000000583,Current,2025-07-04,438820.82,Active
584,584,124,AC1000000584,Premium Savings,2025-09-27,383927.23,Active
585,585,482,AC1000000585,Savings,2025-05-10,435382.1,Active
586,586,25,AC1000000586,Current,2025-03-16,70526.99,Dormant
587,587,941,AC1000000587,Premium Savings,2026-03-09,180412.05,Active
588,588,571,AC1000000588,Current,2025-10-28,63919.67,Dormant
589,589,920,AC1000000589,Salary,2025-04-21,497096.38,Active
590,590,757,AC1000000590,Salary,2026-04-05,455783.74,Active
591,591,759,AC1000000591,Premium Savings,2025-10-24,380041.73,Active
592,592,752,AC1000000592,Current,2026-06-06,46475.8,Dormant
593,593,608,AC1000000593,Salary,2026-04-10,192790.42,Active
594,594,521,AC1000000594,Salary,2025-04-10,119970.45,Active
595,595,50,AC1000000595,Premium Savings,2025-10-20,164786.04,Active
596,596,183,AC1000000596,Current,2025-02-12,407923.65,Active
597,597,749,AC1000000597,Current,2026-03-17,261971.81,Active
598,598,631,AC1000000598,Salary,2025-04-12,176936.08,Active
599,599,295,AC1000000599,Salary,2026-05-14,222263.79,Dormant
600,600,296,AC1000000600,Salary,2025-04-19,462635.35,Active
601,601,145,AC1000000601,Savings,2025-07-31,278320.9,Active
602,602,173,AC1000000602,Savings,2025-02-10,480129.07,Active
603,603,819,AC1000000603,Current,2025-01-07,246741.12,Active
604,604,379,AC1000000604,Current,2025-10-16,471193.95,Active
605,605,750,AC1000000605,Premium Savings,2026-06-18,67458.46,Active
606,606,941,AC1000000606,Savings,2025-05-03,224980.51,Active
607,607,270,AC1000000607,Savings,2025-05-21,496573.24,Active
608,608,120,AC1000000608,Salary,2025-03-22,373417.38,Active
609,609,77,AC1000000609,Salary,2025-06-10,255994.79,Active
610,610,646,AC1000000610,Savings,2025-11-19,446674.89,Active
611,611,103,AC1000000611,Salary,2025-07-14,421508.37,Active
612,612,899,AC1000000612,Savings,2025-01-09,126727.3,Active
613,613,894,AC1000000613,Current,2025-07-20,136316.59,Active
614,614,834,AC1000000614,Current,2026-05-24,144886.84,Active
615,615,897,AC1000000615,Savings,2026-06-13,429292.61,Active
616,616,4,AC1000000616,Premium Savings,2025-03-10,247892.12,Active
617,617,728,AC1000000617,Current,2025-02-09,211988.88,Active
618,618,390,AC1000000618,Current,2025-12-24,244695.37,Active
619,619,185,AC1000000619,Salary,2025-08-26,438144.34,Active
620,620,502,AC1000000620,Premium Savings,2026-01-01,273989.59,Active
621,621,225,AC1000000621,Savings,2025-10-22,212699.04,Active
622,622,254,AC1000000622,Premium Savings,2025-04-29,92216.25,Closed
623,623,677,AC1000000623,Savings,2025-12-22,349999.45,Active
624,624,793,AC1000000624,Premium Savings,2026-05-16,302524.1,Active
625,625,30,AC1000000625,Salary,2025-10-02,256206.26,Dormant
626,626,802,AC1000000626,Premium Savings,2025-03-04,283317.37,Active
627,627,692,AC1000000627,Salary,2026-02-26,198732.3,Active
628,628,409,AC1000000628,Salary,2025-02-25,137817.03,Active
629,629,348,AC1000000629,Savings,2025-11-12,226579.99,Active
630,630,897,AC1000000630,Current,2026-07-03,107069.41,Active
631,631,971,AC1000000631,Salary,2025-05-13,304455.8,Active
632,632,740,AC1000000632,Savings,2026-01-24,49675.09,Active
633,633,935,AC1000000633,Salary,2026-07-21,36415.07,Active
634,634,216,AC1000000634,Salary,2026-07-03,103227.71,Active
635,635,549,AC1000000635,Premium Savings,2025-08-23,148642.8,Active
636,636,383,AC1000000636,Salary,2026-02-28,111729.47,Active
637,637,963,AC1000000637,Savings,2025-02-06,423513.57,Active
638,638,540,AC1000000638,Savings,2026-05-29,201979.02,Active
639,639,161,AC1000000639,Salary,2025-11-05,17000.96,Active
640,640,705,AC1000000640,Current,2025-02-04,139866.83,Active
641,641,803,AC1000000641,Premium Savings,2026-02-15,69940.63,Active
642,642,277,AC1000000642,Savings,2025-03-20,41575.67,Active
643,643,781,AC1000000643,Premium Savings,2025-01-21,12297.18,Active
644,644,620,AC1000000644,Current,2025-04-08,369257.33,Active
645,645,199,AC1000000645,Salary,2025-11-28,215450.59,Active
646,646,310,AC1000000646,Salary,2026-04-15,105320.01,Active
647,647,672,AC1000000647,Premium Savings,2026-01-21,149163.13,Active
648,648,991,AC1000000648,Premium Savings,2026-07-29,142886.16,Active
649,649,720,AC1000000649,Current,2026-01-27,13520.2,Active
650,650,404,AC1000000650,Salary,2026-07-14,358716.47,Active
651,651,592,AC1000000651,Savings,2026-02-11,386746.87,Active
652,652,489,AC1000000652,Savings,2025-11-15,169555.56,Active
653,653,1000,AC1000000653,Savings,2025-04-08,282638.28,Active
654,654,965,AC1000000654,Premium Savings,2025-09-13,46524.94,Active
655,655,859,AC1000000655,Premium Savings,2026-06-20,362901.04,Active
656,656,239,AC1000000656,Savings,2026-05-21,129751.81,Active
657,657,346,AC1000000657,Current,2025-02-07,164114.28,Active
658,658,417,AC1000000658,Savings,2025-10-02,346746.68,Active
659,659,814,AC1000000659,Premium Savings,2026-07-13,252408.66,Closed
660,660,242,AC1000000660,Salary,2026-04-18,355889.75,Active
661,661,880,AC1000000661,Savings,2025-04-18,215722.5,Active
662,662,131,AC1000000662,Savings,2025-06-15,262369.81,Active
663,663,203,AC1000000663,Premium Savings,2025-04-27,24335.66,Active
664,664,175,AC1000000664,Premium Savings,2025-05-24,375751.75,Active
665,665,409,AC1000000665,Savings,2025-10-31,63203.72,Closed
666,666,738,AC1000000666,Salary,2026-06-20,164581.14,Dormant
667,667,578,AC1000000667,Current,2025-05-25,148647.41,Active
668,668,823,AC1000000668,Salary,2026-06-16,304236.3,Active
669,669,216,AC1000000669,Salary,2025-05-19,86297.91,Active
670,670,486,AC1000000670,Savings,2025-11-22,211069.96,Active
671,671,69,AC1000000671,Savings,2025-11-16,352224.99,Active
672,672,97,AC1000000672,Premium Savings,2025-12-05,51883.71,Active
673,673,609,AC1000000673,Current,2025-03-10,178474.13,Active
674,674,232,AC1000000674,Salary,2025-01-15,464300.35,Active
675,675,841,AC1000000675,Premium Savings,2026-08-22,366014.94,Active
676,676,786,AC1000000676,Premium Savings,2025-09-18,282750.59,Active
677,677,208,AC1000000677,Savings,2025-06-06,55973.26,Active
678,678,183,AC1000000678,Salary,2026-08-01,55649.45,Active
679,679,602,AC1000000679,Premium Savings,2025-12-05,289949.58,Dormant
680,680,620,AC1000000680,Salary,2026-04-30,108606.82,Active
681,681,238,AC1000000681,Current,2025-04-04,465125.82,Active
682,682,147,AC1000000682,Current,2026-05-02,437933.97,Active
683,683,918,AC1000000683,Savings,2025-05-21,258294.11,Active
684,684,681,AC1000000684,Premium Savings,2025-12-01,154766.37,Active
685,685,247,AC1000000685,Premium Savings,2026-01-22,388090.21,Active
686,686,364,AC1000000686,Salary,2026-06-19,161901.1,Active
687,687,620,AC1000000687,Current,2025-06-20,473017.52,Active
688,688,729,AC1000000688,Current,2026-03-24,282440.5,Active
689,689,808,AC1000000689,Salary,2025-05-04,281163.02,Active
690,690,357,AC1000000690,Current,2025-01-26,433738.53,Dormant
691,691,790,AC1000000691,Salary,2026-03-11,110821.08,Active
692,692,943,AC1000000692,Current,2026-01-27,190231.9,Dormant
693,693,11,AC1000000693,Current,2026-03-29,183690.73,Active
694,694,601,AC1000000694,Salary,2025-12-03,51583.7,Active
695,695,260,AC1000000695,Savings,2025-10-07,21596.45,Active
696,696,491,AC1000000696,Premium Savings,2025-02-14,497890.23,Active
697,697,281,AC1000000697,Savings,2026-08-09,412546.23,Dormant
698,698,950,AC1000000698,Premium Savings,2026-04-11,247698.74,Active
699,699,896,AC1000000699,Savings,2025-02-09,187919.26,Active
700,700,731,AC1000000700,Current,2025-07-01,436102.04,Active
701,701,430,AC1000000701,Savings,2025-02-27,224472.11,Active
702,702,322,AC1000000702,Savings,2026-07-12,142351.69,Dormant
703,703,671,AC1000000703,Savings,2025-12-07,419450.4,Active
704,704,325,AC1000000704,Current,2026-08-24,362457.09,Active
705,705,15,AC1000000705,Premium Savings,2026-03-03,419669.75,Active
706,706,67,AC1000000706,Current,2026-05-29,78019.4,Active
707,707,177,AC1000000707,Premium Savings,2025-02-15,141385.1,Active
708,708,518,AC1000000708,Premium Savings,2025-06-27,319473.36,Active
709,709,964,AC1000000709,Savings,2025-11-15,140512.75,Active
710,710,350,AC1000000710,Premium Savings,2026-08-05,418872.29,Active
711,711,953,AC1000000711,Premium Savings,2025-04-01,62549.54,Active
712,712,748,AC1000000712,Savings,2025-07-10,162163.14,Active
713,713,21,AC1000000713,Current,2025-01-11,112675.3,Active
714,714,84,AC1000000714,Current,2025-11-12,419467.62,Active
715,715,924,AC1000000715,Current,2025-05-16,158691.1,Active
716,716,294,AC1000000716,Current,2025-10-13,74510.91,Active
717,717,232,AC1000000717,Current,2025-10-07,442366.45,Active
718,718,303,AC1000000718,Salary,2026-03-27,135949.85,Active
719,719,593,AC1000000719,Salary,2025-12-24,387323.42,Active
720,720,850,AC1000000720,Current,2025-02-07,475084.24,Active
721,721,160,AC1000000721,Current,2026-03-21,176726.16,Active
722,722,816,AC1000000722,Salary,2025-08-01,174379.68,Closed
723,723,565,AC1000000723,Salary,2025-04-03,259069.87,Active
724,724,224,AC1000000724,Premium Savings,2025-09-25,20566.79,Active
725,725,675,AC1000000725,Current,2026-05-02,74208.56,Active
726,726,382,AC1000000726,Premium Savings,2025-02-04,164574.16,Active
727,727,368,AC1000000727,Savings,2025-06-12,213596.84,Active
728,728,664,AC1000000728,Savings,2025-07-11,457008.67,Active
729,729,479,AC1000000729,Current,2025-01-23,222309.31,Active
730,730,608,AC1000000730,Premium Savings,2026-02-13,239418.18,Active
731,731,741,AC1000000731,Salary,2025-12-12,243866.01,Active
732,732,42,AC1000000732,Current,2026-06-04,58388.38,Active
733,733,276,AC1000000733,Premium Savings,2025-01-30,86192.85,Active
734,734,308,AC1000000734,Current,2026-08-05,377165.8,Active
735,735,342,AC1000000735,Savings,2025-04-03,158090.4,Active
736,736,821,AC1000000736,Salary,2026-04-15,201016.96,Active
737,737,675,AC1000000737,Current,2025-07-25,442062.6,Active
738,738,83,AC1000000738,Current,2025-08-30,429592.29,Active
739,739,742,AC1000000739,Current,2025-06-07,343933.22,Active
740,740,384,AC1000000740,Savings,2026-05-04,83868.25,Active
741,741,564,AC1000000741,Premium Savings,2025-08-06,456852.36,Active
742,742,852,AC1000000742,Premium Savings,2025-09-06,382712.81,Active
743,743,132,AC1000000743,Salary,2025-05-17,202942.36,Active
744,744,290,AC1000000744,Premium Savings,2026-02-08,269387.01,Active
745,745,686,AC1000000745,Savings,2025-08-16,443366.12,Active
746,746,241,AC1000000746,Salary,2026-01-06,173226.22,Active
747,747,626,AC1000000747,Premium Savings,2025-03-21,324560.75,Active
748,748,193,AC1000000748,Savings,2025-08-05,154459.27,Active
749,749,394,AC1000000749,Current,2026-03-12,79620.05,Active
750,750,692,AC1000000750,Premium Savings,2025-02-05,134204.65,Closed
751,751,184,AC1000000751,Current,2026-02-12,342758.19,Active
752,752,477,AC1000000752,Savings,2025-12-21,344602.48,Active
753,753,884,AC1000000753,Premium Savings,2025-01-13,84637.47,Active
754,754,520,AC1000000754,Premium Savings,2026-04-11,10736.39,Active
755,755,687,AC1000000755,Premium Savings,2026-03-09,386823.03,Active
756,756,265,AC1000000756,Savings,2026-04-07,253520.49,Active
757,757,730,AC1000000757,Salary,2026-07-02,486026.27,Active
758,758,184,AC1000000758,Premium Savings,2026-06-29,381007.34,Dormant
759,759,82,AC1000000759,Current,2025-01-08,171872.27,Dormant
760,760,605,AC1000000760,Salary,2025-07-22,259873.66,Active
761,761,894,AC1000000761,Premium Savings,2026-03-22,29029.08,Active
762,762,125,AC1000000762,Premium Savings,2026-04-17,186716.54,Dormant
763,763,703,AC1000000763,Salary,2025-09-16,215722.76,Active
764,764,786,AC1000000764,Savings,2026-07-10,137281.58,Active
765,765,428,AC1000000765,Savings,2026-04-03,165693.11,Active
766,766,611,AC1000000766,Savings,2026-01-01,367292.64,Active
767,767,406,AC1000000767,Current,2025-06-29,46603.2,Active
768,768,745,AC1000000768,Current,2026-05-21,218394.77,Active
769,769,996,AC1000000769,Premium Savings,2025-09-07,459793.69,Dormant
770,770,955,AC1000000770,Premium Savings,2025-02-11,42885.39,Active
771,771,151,AC1000000771,Savings,2026-01-27,258752.98,Active
772,772,346,AC1000000772,Salary,2026-03-09,203366.1,Active
773,773,765,AC1000000773,Salary,2025-03-23,419242.39,Active
774,774,120,AC1000000774,Current,2026-08-08,134183.0,Active
775,775,527,AC1000000775,Current,2025-02-20,190247.01,Active
776,776,779,AC1000000776,Premium Savings,2025-10-09,374700.55,Active
777,777,284,AC1000000777,Savings,2026-02-13,455324.47,Active
778,778,280,AC1000000778,Savings,2026-02-21,107532.49,Active
779,779,673,AC1000000779,Current,2025-10-09,137191.37,Active
780,780,1000,AC1000000780,Salary,2025-04-10,114555.22,Active
781,781,333,AC1000000781,Current,2025-03-07,307636.21,Active
782,782,624,AC1000000782,Premium Savings,2026-03-07,319212.47,Active
783,783,399,AC1000000783,Premium Savings,2026-07-26,11220.78,Active
784,784,355,AC1000000784,Premium Savings,2025-06-05,233664.04,Active
785,785,216,AC1000000785,Current,2026-02-04,131567.84,Active
786,786,873,AC1000000786,Savings,2026-05-14,282856.24,Active
787,787,213,AC1000000787,Salary,2025-11-08,149452.41,Active
788,788,691,AC1000000788,Premium Savings,2025-01-31,82170.75,Active
789,789,640,AC1000000789,Salary,2026-08-02,218607.74,Closed
790,790,24,AC1000000790,Salary,2026-07-24,373305.75,Closed
791,791,385,AC1000000791,Current,2026-01-23,305525.26,Active
792,792,100,AC1000000792,Premium Savings,2025-08-12,109596.06,Active
793,793,297,AC1000000793,Current,2025-06-12,384602.95,Closed
794,794,411,AC1000000794,Premium Savings,2025-12-27,376884.06,Active
795,795,614,AC1000000795,Salary,2025-11-24,386397.34,Active
796,796,681,AC1000000796,Salary,2026-05-30,270135.39,Active
797,797,880,AC1000000797,Premium Savings,2026-05-22,379629.95,Active
798,798,947,AC1000000798,Premium Savings,2025-06-10,462335.73,Active
799,799,296,AC1000000799,Savings,2026-06-30,415783.82,Active
800,800,672,AC1000000800,Current,2025-04-11,194759.94,Active
801,801,998,AC1000000801,Premium Savings,2026-02-25,98493.1,Active
802,802,230,AC1000000802,Current,2026-05-31,499460.39,Active
803,803,750,AC1000000803,Premium Savings,2025-01-24,165885.05,Active
804,804,583,AC1000000804,Premium Savings,2025-04-04,476163.81,Active
805,805,616,AC1000000805,Premium Savings,2026-07-20,258111.05,Active
806,806,936,AC1000000806,Current,2026-04-14,187686.84,Dormant
807,807,180,AC1000000807,Premium Savings,2025-07-24,164748.48,Active
808,808,916,AC1000000808,Savings,2025-07-31,290913.11,Active
809,809,701,AC1000000809,Premium Savings,2025-09-05,399393.01,Closed
810,810,513,AC1000000810,Savings,2025-12-06,436682.3,Dormant
811,811,251,AC1000000811,Premium Savings,2025-03-13,8407.24,Active
812,812,694,AC1000000812,Premium Savings,2026-06-17,497789.6,Dormant
813,813,73,AC1000000813,Premium Savings,2025-09-24,442261.73,Active
814,814,733,AC1000000814,Savings,2026-03-26,242999.74,Active
815,815,300,AC1000000815,Premium Savings,2025-02-10,184869.77,Active
816,816,524,AC1000000816,Premium Savings,2026-03-15,394774.65,Active
817,817,868,AC1000000817,Salary,2026-08-17,378021.04,Active
818,818,174,AC1000000818,Salary,2026-02-27,329985.81,Active
819,819,249,AC1000000819,Premium Savings,2025-08-04,135931.31,Active
820,820,711,AC1000000820,Savings,2026-04-15,450101.68,Active
821,821,251,AC1000000821,Salary,2025-12-17,151169.57,Active
822,822,807,AC1000000822,Premium Savings,2025-09-22,286274.44,Active
823,823,780,AC1000000823,Current,2025-06-01,263280.75,Active
824,824,902,AC1000000824,Salary,2026-08-01,184548.5,Active
825,825,968,AC1000000825,Current,2026-08-05,318777.82,Active
826,826,451,AC1000000826,Salary,2025-06-08,373147.92,Active
827,827,151,AC1000000827,Salary,2026-01-29,132366.35,Active
828,828,872,AC1000000828,Current,2026-08-21,154963.5,Active
829,829,266,AC1000000829,Salary,2026-06-05,374001.33,Closed
830,830,416,AC1000000830,Premium Savings,2025-06-24,486339.64,Active
831,831,602,AC1000000831,Salary,2026-06-20,190309.48,Dormant
832,832,497,AC1000000832,Current,2026-06-22,243615.98,Active
833,833,389,AC1000000833,Savings,2025-03-08,174471.66,Active
834,834,230,AC1000000834,Current,2025-10-12,306277.41,Active
835,835,123,AC1000000835,Current,2026-01-01,251901.17,Active
836,836,654,AC1000000836,Savings,2026-06-21,449576.66,Active
837,837,373,AC1000000837,Savings,2026-02-13,315069.0,Closed
838,838,520,AC1000000838,Savings,2025-10-05,278875.82,Active
839,839,760,AC1000000839,Savings,2025-02-27,226083.26,Active
840,840,251,AC1000000840,Salary,2025-07-07,346401.02,Active
841,841,251,AC1000000841,Current,2026-04-13,92828.18,Closed
842,842,273,AC1000000842,Salary,2025-04-04,372839.67,Active
843,843,940,AC1000000843,Savings,2025-05-16,263666.06,Active
844,844,234,AC1000000844,Current,2026-08-23,382031.85,Active
845,845,101,AC1000000845,Savings,2025-11-23,396057.98,Active
846,846,490,AC1000000846,Savings,2026-03-29,46276.17,Active
847,847,556,AC1000000847,Current,2026-05-14,153480.68,Active
848,848,441,AC1000000848,Savings,2026-03-30,389810.95,Active
849,849,826,AC1000000849,Premium Savings,2025-01-01,129615.15,Active
850,850,278,AC1000000850,Premium Savings,2025-06-30,167676.5,Active
851,851,291,AC1000000851,Salary,2025-09-28,434294.18,Active
852,852,282,AC1000000852,Salary,2026-03-27,60177.68,Active
853,853,187,AC1000000853,Premium Savings,2025-01-07,163007.74,Closed
854,854,482,AC1000000854,Premium Savings,2025-06-17,93503.61,Active
855,855,690,AC1000000855,Salary,2025-04-07,463021.19,Active
856,856,654,AC1000000856,Current,2025-07-18,390501.94,Active
857,857,219,AC1000000857,Salary,2026-05-29,156164.99,Active
858,858,484,AC1000000858,Savings,2025-11-04,464137.99,Active
859,859,689,AC1000000859,Current,2025-11-28,82411.92,Active
860,860,805,AC1000000860,Current,2025-06-11,307011.0,Active
861,861,980,AC1000000861,Premium Savings,2026-03-03,390978.68,Active
862,862,956,AC1000000862,Salary,2026-04-29,467493.34,Active
863,863,380,AC1000000863,Current,2025-11-10,170192.47,Active
864,864,764,AC1000000864,Salary,2026-04-06,157468.36,Active
865,865,781,AC1000000865,Premium Savings,2025-01-06,382300.26,Active
866,866,992,AC1000000866,Premium Savings,2025-12-29,324667.39,Active
867,867,468,AC1000000867,Salary,2025-01-20,410173.87,Active
868,868,678,AC1000000868,Salary,2025-10-29,417113.11,Active
869,869,438,AC1000000869,Premium Savings,2025-11-30,281243.74,Active
870,870,817,AC1000000870,Current,2026-05-31,222851.06,Active
871,871,77,AC1000000871,Current,2025-06-14,166114.1,Active
872,872,739,AC1000000872,Premium Savings,2025-02-17,391707.83,Active
873,873,983,AC1000000873,Premium Savings,2025-09-13,143670.59,Active
874,874,385,AC1000000874,Savings,2025-04-14,32776.71,Active
875,875,551,AC1000000875,Salary,2026-03-25,462185.02,Active
876,876,138,AC1000000876,Savings,2025-11-29,488703.49,Active
877,877,845,AC1000000877,Current,2025-06-04,296955.12,Active
878,878,576,AC1000000878,Savings,2026-03-25,126387.2,Active
879,879,782,AC1000000879,Salary,2026-07-25,267858.6,Active
880,880,23,AC1000000880,Current,2025-03-11,436009.04,Active
881,881,757,AC1000000881,Salary,2026-01-05,453026.23,Active
882,882,906,AC1000000882,Current,2025-07-08,164027.23,Active
883,883,371,AC1000000883,Salary,2025-07-23,340446.06,Active
884,884,262,AC1000000884,Savings,2025-05-24,63999.27,Active
885,885,406,AC1000000885,Premium Savings,2025-02-19,416678.85,Active
886,886,525,AC1000000886,Salary,2025-01-17,285028.72,Closed
887,887,983,AC1000000887,Salary,2026-07-06,248544.69,Active
888,888,650,AC1000000888,Savings,2025-03-19,284826.87,Closed
889,889,800,AC1000000889,Savings,2026-06-29,83320.84,Active
890,890,872,AC1000000890,Savings,2026-08-11,461635.96,Active
891,891,196,AC1000000891,Savings,2026-03-18,409789.11,Active
892,892,911,AC1000000892,Current,2025-12-05,41147.76,Active
893,893,348,AC1000000893,Premium Savings,2026-06-25,391650.89,Active
894,894,972,AC1000000894,Premium Savings,2025-01-22,203725.7,Active
895,895,639,AC1000000895,Premium Savings,2025-01-20,9226.26,Active
896,896,155,AC1000000896,Salary,2025-08-17,294266.36,Active
897,897,546,AC1000000897,Premium Savings,2025-07-25,386114.27,Active
898,898,364,AC1000000898,Current,2025-07-13,387631.04,Active
899,899,186,AC1000000899,Savings,2025-01-27,269043.91,Dormant
900,900,41,AC1000000900,Current,2026-07-08,177517.2,Active
901,901,892,AC1000000901,Salary,2025-08-24,330792.69,Active
902,902,168,AC1000000902,Premium Savings,2025-10-05,120324.53,Dormant
903,903,791,AC1000000903,Salary,2025-01-28,72969.52,Dormant
904,904,451,AC1000000904,Savings,2026-01-20,17584.82,Dormant
905,905,875,AC1000000905,Current,2026-01-25,29361.07,Active
906,906,204,AC1000000906,Current,2026-01-25,297157.51,Active
907,907,993,AC1000000907,Current,2026-06-03,457075.19,Active
908,908,125,AC1000000908,Current,2025-08-03,64577.37,Active
909,909,620,AC1000000909,Salary,2025-11-21,210488.29,Active
910,910,93,AC1000000910,Salary,2026-05-05,131365.85,Active
911,911,468,AC1000000911,Savings,2025-01-08,193114.42,Active
912,912,985,AC1000000912,Savings,2025-12-30,183394.26,Active
913,913,67,AC1000000913,Premium Savings,2025-11-04,118532.62,Active
914,914,667,AC1000000914,Premium Savings,2026-04-28,12845.76,Closed
915,915,748,AC1000000915,Salary,2025-02-16,74664.23,Active
916,916,579,AC1000000916,Savings,2025-05-12,261717.9,Active
917,917,482,AC1000000917,Savings,2025-03-04,300121.22,Active
918,918,758,AC1000000918,Salary,2026-01-16,310689.74,Active
919,919,430,AC1000000919,Current,2025-06-28,468464.34,Closed
920,920,760,AC1000000920,Current,2026-01-09,440143.32,Active
921,921,167,AC1000000921,Savings,2026-05-25,106018.06,Active
922,922,383,AC1000000922,Salary,2025-11-25,19096.7,Active
923,923,30,AC1000000923,Premium Savings,2025-02-05,368800.67,Active
924,924,418,AC1000000924,Savings,2026-07-07,191633.2,Active
925,925,538,AC1000000925,Current,2025-06-11,54557.05,Active
926,926,229,AC1000000926,Savings,2026-03-06,494154.8,Active
927,927,488,AC1000000927,Premium Savings,2026-03-02,428789.51,Active
928,928,138,AC1000000928,Savings,2025-11-15,240740.52,Dormant
929,929,264,AC1000000929,Current,2025-11-27,329905.26,Active
930,930,629,AC1000000930,Savings,2026-05-05,248936.85,Active
931,931,585,AC1000000931,Current,2025-05-09,113559.01,Active
932,932,965,AC1000000932,Current,2025-08-19,331308.92,Active
933,933,735,AC1000000933,Premium Savings,2025-10-17,444024.37,Active
934,934,232,AC1000000934,Salary,2025-07-09,366364.99,Active
935,935,728,AC1000000935,Premium Savings,2026-06-17,260867.66,Closed
936,936,274,AC1000000936,Current,2025-12-02,213900.37,Active
937,937,594,AC1000000937,Savings,2026-01-30,317780.71,Active
938,938,187,AC1000000938,Savings,2025-05-27,319142.17,Active
939,939,244,AC1000000939,Current,2026-02-11,164653.53,Active
940,940,496,AC1000000940,Salary,2025-07-12,316212.9,Active
941,941,592,AC1000000941,Premium Savings,2026-04-08,496385.9,Active
942,942,270,AC1000000942,Premium Savings,2025-05-01,373755.41,Active
943,943,527,AC1000000943,Salary,2025-12-12,498359.42,Active
944,944,350,AC1000000944,Premium Savings,2026-07-17,230876.42,Active
945,945,877,AC1000000945,Salary,2026-06-16,135117.36,Active
946,946,437,AC1000000946,Savings,2026-07-11,67482.94,Active
947,947,469,AC1000000947,Savings,2025-05-04,277480.06,Active
948,948,895,AC1000000948,Salary,2025-11-11,229019.59,Active
949,949,963,AC1000000949,Savings,2026-06-01,95393.13,Active
950,950,907,AC1000000950,Current,2025-05-26,420806.34,Active
951,951,18,AC1000000951,Current,2025-12-29,265159.47,Active
952,952,577,AC1000000952,Savings,2026-06-30,184514.79,Active
953,953,970,AC1000000953,Current,2026-01-19,83581.15,Active
954,954,651,AC1000000954,Current,2025-06-05,272706.68,Closed
955,955,435,AC1000000955,Current,2025-10-13,29211.53,Closed
956,956,411,AC1000000956,Salary,2026-02-04,450973.53,Closed
957,957,916,AC1000000957,Premium Savings,2026-04-25,164351.03,Active
958,958,308,AC1000000958,Savings,2025-03-18,129407.97,Active
959,959,320,AC1000000959,Current,2025-03-10,34315.0,Active
960,960,148,AC1000000960,Premium Savings,2025-06-14,383473.5,Active
961,961,974,AC1000000961,Current,2026-02-05,394224.86,Active
962,962,401,AC1000000962,Current,2025-09-12,417992.87,Active
963,963,987,AC1000000963,Salary,2025-05-24,446856.06,Active
964,964,758,AC1000000964,Current,2025-07-30,224473.77,Active
965,965,779,AC1000000965,Salary,2025-01-12,320194.52,Active
966,966,537,AC1000000966,Savings,2026-04-28,119929.68,Active
967,967,842,AC1000000967,Savings,2026-07-09,372741.31,Active
968,968,73,AC1000000968,Salary,2025-10-06,474996.52,Active
969,969,859,AC1000000969,Salary,2025-04-26,315314.68,Active
970,970,173,AC1000000970,Premium Savings,2025-10-26,116193.54,Active
971,971,750,AC1000000971,Salary,2025-09-05,435333.84,Active
972,972,857,AC1000000972,Premium Savings,2026-03-08,33043.0,Active
973,973,789,AC1000000973,Salary,2025-10-10,452842.02,Active
974,974,337,AC1000000974,Premium Savings,2025-09-15,491627.87,Active
975,975,104,AC1000000975,Premium Savings,2025-09-06,294963.14,Active
976,976,445,AC1000000976,Salary,2025-04-17,498664.76,Active
977,977,500,AC1000000977,Premium Savings,2026-06-16,435844.76,Active
978,978,44,AC1000000978,Savings,2025-04-11,289934.63,Active
979,979,783,AC1000000979,Current,2026-01-05,292160.42,Active
980,980,619,AC1000000980,Premium Savings,2026-02-08,360553.06,Active
981,981,663,AC1000000981,Premium Savings,2026-04-17,288805.74,Active
982,982,963,AC1000000982,Premium Savings,2026-03-19,336188.84,Active
983,983,581,AC1000000983,Current,2025-01-25,317108.03,Active
984,984,300,AC1000000984,Premium Savings,2025-01-30,365883.4,Active
985,985,260,AC1000000985,Salary,2025-12-19,179427.33,Closed
986,986,284,AC1000000986,Premium Savings,2025-02-18,165633.64,Active
987,987,651,AC1000000987,Salary,2025-06-14,108643.6,Active
988,988,561,AC1000000988,Salary,2026-02-15,377892.98,Active
989,989,177,AC1000000989,Premium Savings,2025-04-02,170212.82,Active
990,990,758,AC1000000990,Current,2025-11-21,415198.14,Active
991,991,740,AC1000000991,Savings,2026-02-20,159897.55,Active
992,992,191,AC1000000992,Premium Savings,2025-07-27,136016.79,Active
993,993,360,AC1000000993,Salary,2026-03-25,448411.21,Active
994,994,983,AC1000000994,Current,2025-11-27,12884.03,Active
995,995,318,AC1000000995,Salary,2026-07-28,271435.91,Active
996,996,713,AC1000000996,Savings,2025-07-23,51215.02,Active
997,997,937,AC1000000997,Premium Savings,2025-09-27,77153.89,Active
998,998,363,AC1000000998,Premium Savings,2025-05-17,461022.87,Active
999,999,980,AC1000000999,Salary,2026-08-07,485518.91,Active
1000,1000,231,AC1000001000,Premium Savings,2025-02-11,126722.28,Active
