beneficiary_id,account_id,beneficiary_name,bank_name,beneficiary_account,ifsc_code,added_date
1,306,Beneficiary Shah 1,Kotak Bank,BA2000000001,BNK0362372,2025-04-02
2,49,Beneficiary Menon 2,Axis Bank,BA2000000002,BNK0493262,2025-12-16
3,886,Beneficiary Das 3,Canara Bank,BA2000000003,BNK0683797,2025-11-11
4,446,Beneficiary Pillai 4,Axis Bank,BA2000000004,BNK0530398,2025-01-26
5,335,Beneficiary Pillai 5,ICICI Bank,BA2000000005,BNK0269690,2025-01-08
6,840,Beneficiary Menon 6,ICICI Bank,BA2000000006,BNK0544167,2026-03-19
7,373,Beneficiary Verma 7,Axis Bank,BA2000000007,BNK0456428,2025-10-03
8,914,Beneficiary Kumar 8,Kotak Bank,BA2000000008,BNK0572510,2026-02-05
9,976,Beneficiary Menon 9,ICICI Bank,BA2000000009,BNK0331454,2025-04-09
10,801,Beneficiary Shah 10,Kotak Bank,BA2000000010,BNK0130294,2025-08-06
11,134,Beneficiary Singh 11,ICICI Bank,BA2000000011,BNK0370625,2026-02-14
12,415,Beneficiary Joshi 12,HDFC Bank,BA2000000012,BNK0995786,2025-11-21
13,189,Beneficiary Pillai 13,ICICI Bank,BA2000000013,BNK0834630,2025-05-29
14,56,Beneficiary Reddy 14,Axis Bank,BA2000000014,BNK0763354,2025-06-21
15,619,Beneficiary Balan 15,ICICI Bank,BA2000000015,BNK0340021,2026-04-19
16,55,Beneficiary Kumar 16,Canara Bank,BA2000000016,BNK0808069,2025-08-06
17,165,Beneficiary Nair 17,SBI,BA2000000017,BNK0283404,2025-03-19
18,302,Beneficiary Nair 18,Axis Bank,BA2000000018,BNK0548981,2026-05-09
19,903,Beneficiary Verma 19,Canara Bank,BA2000000019,BNK0788541,2025-08-31
20,319,Beneficiary Joshi 20,HDFC Bank,BA2000000020,BNK0900911,2025-06-11
21,628,Beneficiary Iyer 21,Axis Bank,BA2000000021,BNK0129096,2025-02-23
22,81,Beneficiary Nair 22,ICICI Bank,BA2000000022,BNK0843588,2025-02-21
23,95,Beneficiary Gupta 23,Kotak Bank,BA2000000023,BNK0954888,2026-05-05
24,258,Beneficiary Mishra 24,Kotak Bank,BA2000000024,BNK0770478,2025-07-18
25,62,Beneficiary Kumar 25,Kotak Bank,BA2000000025,BNK0115743,2025-02-25
26,486,Beneficiary Naidu 26,Kotak Bank,BA2000000026,BNK0515320,2025-09-04
27,729,Beneficiary Verma 27,Kotak Bank,BA2000000027,BNK0234062,2025-04-11
28,896,Beneficiary Iyer 28,HDFC Bank,BA2000000028,BNK0705908,2025-11-01
29,904,Beneficiary Gupta 29,Axis Bank,BA2000000029,BNK0923754,2026-04-05
30,14,Beneficiary Das 30,Axis Bank,BA2000000030,BNK0241463,2026-01-03
31,419,Beneficiary Das 31,HDFC Bank,BA2000000031,BNK0769614,2026-02-20
32,436,Beneficiary Iyer 32,HDFC Bank,BA2000000032,BNK0865929,2025-02-26
33,942,Beneficiary Nair 33,SBI,BA2000000033,BNK0313795,2025-09-28
34,258,Beneficiary Singh 34,Canara Bank,BA2000000034,BNK0896626,2026-03-29
35,491,Beneficiary Krishnan 35,HDFC Bank,BA2000000035,BNK0550975,2025-06-27
36,714,Beneficiary Naidu 36,Canara Bank,BA2000000036,BNK0504613,2026-03-20
37,771,Beneficiary Mishra 37,SBI,BA2000000037,BNK0583607,2025-10-11
38,359,Beneficiary Nair 38,ICICI Bank,BA2000000038,BNK0377586,2026-05-01
39,527,Beneficiary Nair 39,ICICI Bank,BA2000000039,BNK0234130,2025-03-05
40,688,Beneficiary Mishra 40,Canara Bank,BA2000000040,BNK0887667,2025-04-30
41,516,Beneficiary Krishnan 41,ICICI Bank,BA2000000041,BNK0479615,2026-02-13
42,771,Beneficiary Das 42,SBI,BA2000000042,BNK0132962,2025-12-13
43,968,Beneficiary Pillai 43,ICICI Bank,BA2000000043,BNK0420343,2025-12-01
44,377,Beneficiary Menon 44,Canara Bank,BA2000000044,BNK0589919,2025-06-23
45,758,Beneficiary Patel 45,HDFC Bank,BA2000000045,BNK0986581,2026-03-27
46,79,Beneficiary Reddy 46,HDFC Bank,BA2000000046,BNK0302950,2025-03-20
47,958,Beneficiary Bose 47,ICICI Bank,BA2000000047,BNK0907142,2025-10-03
48,630,Beneficiary Verma 48,Canara Bank,BA2000000048,BNK0750945,2026-01-11
49,836,Beneficiary Iyer 49,Axis Bank,BA2000000049,BNK0559683,2026-04-07
50,793,Beneficiary Joshi 50,HDFC Bank,BA2000000050,BNK0354695,2025-12-07
51,301,Beneficiary Nair 51,Axis Bank,BA2000000051,BNK0277965,2025-01-16
52,197,Beneficiary Mishra 52,Kotak Bank,BA2000000052,BNK0497941,2025-12-17
53,174,Beneficiary Iyer 53,Axis Bank,BA2000000053,BNK0470808,2026-01-01
54,13,Beneficiary Mishra 54,SBI,BA2000000054,BNK0940115,2026-03-10
55,69,Beneficiary Balan 55,Axis Bank,BA2000000055,BNK0358933,2026-02-28
56,43,Beneficiary Das 56,ICICI Bank,BA2000000056,BNK0849478,2025-11-22
57,200,Beneficiary Sharma 57,Axis Bank,BA2000000057,BNK0738457,2026-02-10
58,236,Beneficiary Krishnan 58,Canara Bank,BA2000000058,BNK0671808,2025-09-15
59,850,Beneficiary Patel 59,ICICI Bank,BA2000000059,BNK0754446,2026-04-03
60,235,Beneficiary Krishnan 60,HDFC Bank,BA2000000060,BNK0420427,2025-01-07
61,37,Beneficiary Reddy 61,Kotak Bank,BA2000000061,BNK0172481,2026-01-02
62,894,Beneficiary Joshi 62,Axis Bank,BA2000000062,BNK0597203,2025-09-16
63,294,Beneficiary Shah 63,SBI,BA2000000063,BNK0983488,2025-08-06
64,354,Beneficiary Nair 64,ICICI Bank,BA2000000064,BNK0366445,2025-05-11
65,939,Beneficiary Gupta 65,ICICI Bank,BA2000000065,BNK0374609,2025-08-07
66,55,Beneficiary Mishra 66,HDFC Bank,BA2000000066,BNK0959254,2025-10-01
67,901,Beneficiary Gupta 67,Canara Bank,BA2000000067,BNK0169161,2025-09-01
68,618,Beneficiary Balan 68,HDFC Bank,BA2000000068,BNK0572211,2025-12-27
69,804,Beneficiary Mishra 69,SBI,BA2000000069,BNK0116325,2025-11-25
70,703,Beneficiary Krishnan 70,HDFC Bank,BA2000000070,BNK0774915,2025-11-02
71,127,Beneficiary Patel 71,Kotak Bank,BA2000000071,BNK0578667,2026-05-07
72,515,Beneficiary Shah 72,Canara Bank,BA2000000072,BNK0367865,2026-03-24
73,552,Beneficiary Joshi 73,Kotak Bank,BA2000000073,BNK0695484,2025-10-24
74,436,Beneficiary Naidu 74,Kotak Bank,BA2000000074,BNK0639484,2026-02-02
75,159,Beneficiary Balan 75,SBI,BA2000000075,BNK0420942,2025-06-11
76,493,Beneficiary Naidu 76,Canara Bank,BA2000000076,BNK0239297,2026-03-05
77,491,Beneficiary Reddy 77,ICICI Bank,BA2000000077,BNK0980537,2025-08-19
78,698,Beneficiary Patel 78,ICICI Bank,BA2000000078,BNK0495147,2025-04-30
79,38,Beneficiary Iyer 79,Canara Bank,BA2000000079,BNK0727276,2025-10-04
80,766,Beneficiary Joshi 80,Canara Bank,BA2000000080,BNK0364905,2025-03-31
81,275,Beneficiary Patel 81,HDFC Bank,BA2000000081,BNK0972039,2025-10-13
82,665,Beneficiary Singh 82,Kotak Bank,BA2000000082,BNK0571366,2025-03-25
83,534,Beneficiary Singh 83,HDFC Bank,BA2000000083,BNK0695604,2026-02-10
84,106,Beneficiary Patel 84,SBI,BA2000000084,BNK0777454,2025-12-04
85,563,Beneficiary Verma 85,SBI,BA2000000085,BNK0510933,2026-04-17
86,837,Beneficiary Nair 86,Kotak Bank,BA2000000086,BNK0320295,2025-03-30
87,530,Beneficiary Shah 87,SBI,BA2000000087,BNK0846261,2025-10-23
88,571,Beneficiary Rao 88,HDFC Bank,BA2000000088,BNK0252783,2025-03-04
89,46,Beneficiary Reddy 89,SBI,BA2000000089,BNK0294106,2025-04-28
90,180,Beneficiary Kumar 90,SBI,BA2000000090,BNK0166092,2025-12-21
91,535,Beneficiary Joshi 91,Axis Bank,BA2000000091,BNK0555051,2025-07-14
92,118,Beneficiary Sharma 92,SBI,BA2000000092,BNK0632596,2026-03-07
93,647,Beneficiary Balan 93,Canara Bank,BA2000000093,BNK0685219,2026-04-16
94,822,Beneficiary Verma 94,Canara Bank,BA2000000094,BNK0504995,2025-03-04
95,12,Beneficiary Mishra 95,SBI,BA2000000095,BNK0957556,2025-06-01
96,194,Beneficiary Gupta 96,Axis Bank,BA2000000096,BNK0935567,2025-02-17
97,296,Beneficiary Sharma 97,Canara Bank,BA2000000097,BNK0346658,2026-04-05
98,567,Beneficiary Menon 98,ICICI Bank,BA2000000098,BNK0781444,2025-05-05
99,657,Beneficiary Iyer 99,Kotak Bank,BA2000000099,BNK0635124,2026-01-22
100,49,Beneficiary Verma 100,ICICI Bank,BA2000000100,BNK0541597,2026-02-05
101,770,Beneficiary Mishra 101,Canara Bank,BA2000000101,BNK0244968,2025-04-10
102,323,Beneficiary Menon 102,Axis Bank,BA2000000102,BNK0717298,2025-06-11
103,853,Beneficiary Reddy 103,SBI,BA2000000103,BNK0103827,2025-04-12
104,751,Beneficiary Kumar 104,Axis Bank,BA2000000104,BNK0975876,2026-01-20
105,414,Beneficiary Nair 105,SBI,BA2000000105,BNK0488034,2026-02-23
106,836,Beneficiary Das 106,ICICI Bank,BA2000000106,BNK0878247,2025-10-29
107,389,Beneficiary Bose 107,SBI,BA2000000107,BNK0447505,2025-01-11
108,925,Beneficiary Sharma 108,Axis Bank,BA2000000108,BNK0553876,2026-05-13
109,919,Beneficiary Joshi 109,Axis Bank,BA2000000109,BNK0381723,2025-02-17
110,76,Beneficiary Kumar 110,Canara Bank,BA2000000110,BNK0512077,2026-04-15
111,380,Beneficiary Menon 111,SBI,BA2000000111,BNK0843397,2025-02-16
112,721,Beneficiary Singh 112,ICICI Bank,BA2000000112,BNK0101662,2026-02-18
113,458,Beneficiary Mishra 113,ICICI Bank,BA2000000113,BNK0205456,2025-07-24
114,629,Beneficiary Naidu 114,ICICI Bank,BA2000000114,BNK0909947,2025-11-13
115,481,Beneficiary Sharma 115,Kotak Bank,BA2000000115,BNK0745058,2025-01-08
116,377,Beneficiary Mishra 116,HDFC Bank,BA2000000116,BNK0550779,2025-08-03
117,562,Beneficiary Rao 117,ICICI Bank,BA2000000117,BNK0680870,2025-03-14
118,387,Beneficiary Mishra 118,Canara Bank,BA2000000118,BNK0695033,2025-10-17
119,637,Beneficiary Joshi 119,HDFC Bank,BA2000000119,BNK0507281,2025-11-07
120,471,Beneficiary Kumar 120,Kotak Bank,BA2000000120,BNK0345450,2025-10-04
121,444,Beneficiary Mishra 121,Kotak Bank,BA2000000121,BNK0645300,2026-04-05
122,651,Beneficiary Naidu 122,SBI,BA2000000122,BNK0595429,2025-09-28
123,699,Beneficiary Verma 123,Kotak Bank,BA2000000123,BNK0176176,2025-07-06
124,32,Beneficiary Gupta 124,Kotak Bank,BA2000000124,BNK0549581,2025-04-03
125,372,Beneficiary Bose 125,SBI,BA2000000125,BNK0697006,2025-08-21
126,919,Beneficiary Joshi 126,SBI,BA2000000126,BNK0826886,2025-11-01
127,243,Beneficiary Patel 127,SBI,BA2000000127,BNK0191200,2025-03-09
128,442,Beneficiary Gupta 128,Axis Bank,BA2000000128,BNK0990524,2026-05-09
129,647,Beneficiary Shah 129,Kotak Bank,BA2000000129,BNK0686225,2026-03-02
130,894,Beneficiary Nair 130,Axis Bank,BA2000000130,BNK0115406,2025-06-04
131,81,Beneficiary Mishra 131,SBI,BA2000000131,BNK0898021,2026-04-29
132,919,Beneficiary Naidu 132,ICICI Bank,BA2000000132,BNK0245961,2026-04-27
133,75,Beneficiary Bose 133,ICICI Bank,BA2000000133,BNK0451917,2025-09-19
134,322,Beneficiary Reddy 134,Axis Bank,BA2000000134,BNK0610297,2025-08-22
135,298,Beneficiary Iyer 135,Canara Bank,BA2000000135,BNK0884285,2025-03-12
136,500,Beneficiary Menon 136,Axis Bank,BA2000000136,BNK0731371,2025-04-05
137,803,Beneficiary Iyer 137,SBI,BA2000000137,BNK0668129,2025-12-11
138,817,Beneficiary Mishra 138,HDFC Bank,BA2000000138,BNK0393948,2025-02-17
139,624,Beneficiary Naidu 139,Axis Bank,BA2000000139,BNK0244463,2025-08-12
140,273,Beneficiary Nair 140,HDFC Bank,BA2000000140,BNK0247758,2025-11-05
141,966,Beneficiary Verma 141,ICICI Bank,BA2000000141,BNK0637108,2025-10-28
142,77,Beneficiary Bose 142,SBI,BA2000000142,BNK0950565,2025-12-29
143,903,Beneficiary Das 143,Canara Bank,BA2000000143,BNK0866940,2025-07-07
144,273,Beneficiary Patel 144,SBI,BA2000000144,BNK0963300,2025-10-11
145,355,Beneficiary Menon 145,ICICI Bank,BA2000000145,BNK0609719,2026-03-03
146,856,Beneficiary Sharma 146,ICICI Bank,BA2000000146,BNK0556253,2026-02-04
147,518,Beneficiary Patel 147,SBI,BA2000000147,BNK0985964,2025-10-23
148,145,Beneficiary Patel 148,ICICI Bank,BA2000000148,BNK0621084,2026-03-02
149,1,Beneficiary Naidu 149,SBI,BA2000000149,BNK0869987,2025-01-26
150,65,Beneficiary Joshi 150,HDFC Bank,BA2000000150,BNK0838330,2026-04-06
151,351,Beneficiary Pillai 151,ICICI Bank,BA2000000151,BNK0155407,2025-08-24
152,176,Beneficiary Rao 152,HDFC Bank,BA2000000152,BNK0391971,2026-03-10
153,886,Beneficiary Verma 153,HDFC Bank,BA2000000153,BNK0627537,2025-03-25
154,942,Beneficiary Mishra 154,Kotak Bank,BA2000000154,BNK0444036,2026-03-31
155,739,Beneficiary Das 155,SBI,BA2000000155,BNK0161248,2025-02-15
156,498,Beneficiary Shah 156,Canara Bank,BA2000000156,BNK0956505,2025-09-22
157,188,Beneficiary Nair 157,Canara Bank,BA2000000157,BNK0374535,2026-01-03
158,464,Beneficiary Singh 158,SBI,BA2000000158,BNK0242868,2025-08-03
159,75,Beneficiary Joshi 159,Kotak Bank,BA2000000159,BNK0933451,2026-01-31
160,383,Beneficiary Kumar 160,Axis Bank,BA2000000160,BNK0169112,2025-01-31
161,806,Beneficiary Gupta 161,Kotak Bank,BA2000000161,BNK0772640,2025-12-24
162,772,Beneficiary Sharma 162,SBI,BA2000000162,BNK0221811,2025-10-22
163,381,Beneficiary Kumar 163,Kotak Bank,BA2000000163,BNK0286646,2026-03-09
164,475,Beneficiary Reddy 164,Canara Bank,BA2000000164,BNK0190359,2025-06-11
165,191,Beneficiary Pillai 165,SBI,BA2000000165,BNK0883843,2026-03-27
166,45,Beneficiary Gupta 166,HDFC Bank,BA2000000166,BNK0956624,2026-03-18
167,813,Beneficiary Bose 167,SBI,BA2000000167,BNK0960687,2025-10-19
168,140,Beneficiary Rao 168,SBI,BA2000000168,BNK0134422,2025-08-25
169,73,Beneficiary Pillai 169,Kotak Bank,BA2000000169,BNK0429158,2025-12-15
170,16,Beneficiary Kumar 170,Axis Bank,BA2000000170,BNK0368881,2026-04-09
171,718,Beneficiary Iyer 171,Kotak Bank,BA2000000171,BNK0701885,2026-02-07
172,320,Beneficiary Mishra 172,Canara Bank,BA2000000172,BNK0443124,2025-12-24
173,301,Beneficiary Singh 173,Canara Bank,BA2000000173,BNK0247691,2026-02-13
174,582,Beneficiary Shah 174,Axis Bank,BA2000000174,BNK0533276,2025-10-31
175,569,Beneficiary Naidu 175,HDFC Bank,BA2000000175,BNK0999115,2025-07-31
176,353,Beneficiary Patel 176,Kotak Bank,BA2000000176,BNK0369579,2025-05-23
177,980,Beneficiary Verma 177,SBI,BA2000000177,BNK0533501,2026-03-05
178,751,Beneficiary Iyer 178,Kotak Bank,BA2000000178,BNK0931553,2026-01-05
179,528,Beneficiary Patel 179,Axis Bank,BA2000000179,BNK0312005,2026-02-17
180,319,Beneficiary Mishra 180,SBI,BA2000000180,BNK0323574,2026-04-07
181,790,Beneficiary Iyer 181,SBI,BA2000000181,BNK0370340,2025-06-20
182,47,Beneficiary Patel 182,ICICI Bank,BA2000000182,BNK0912314,2025-10-15
183,680,Beneficiary Balan 183,Axis Bank,BA2000000183,BNK0332552,2025-12-17
184,188,Beneficiary Iyer 184,Axis Bank,BA2000000184,BNK0411185,2025-04-20
185,995,Beneficiary Gupta 185,Axis Bank,BA2000000185,BNK0368470,2025-09-26
186,783,Beneficiary Singh 186,ICICI Bank,BA2000000186,BNK0258737,2025-08-04
187,543,Beneficiary Sharma 187,Axis Bank,BA2000000187,BNK0386270,2025-10-07
188,446,Beneficiary Sharma 188,Canara Bank,BA2000000188,BNK0550118,2025-08-18
189,199,Beneficiary Naidu 189,Kotak Bank,BA2000000189,BNK0329668,2026-01-03
190,258,Beneficiary Menon 190,Kotak Bank,BA2000000190,BNK0627832,2025-04-10
191,561,Beneficiary Menon 191,HDFC Bank,BA2000000191,BNK0433362,2026-02-14
192,234,Beneficiary Joshi 192,Canara Bank,BA2000000192,BNK0991090,2025-06-02
193,416,Beneficiary Patel 193,Kotak Bank,BA2000000193,BNK0149736,2025-06-19
194,343,Beneficiary Sharma 194,Axis Bank,BA2000000194,BNK0955957,2025-08-16
195,950,Beneficiary Das 195,Canara Bank,BA2000000195,BNK0152555,2025-07-21
196,369,Beneficiary Bose 196,Kotak Bank,BA2000000196,BNK0451863,2025-06-30
197,82,Beneficiary Gupta 197,Axis Bank,BA2000000197,BNK0267201,2025-04-16
198,579,Beneficiary Nair 198,Canara Bank,BA2000000198,BNK0964710,2025-01-05
199,609,Beneficiary Sharma 199,Kotak Bank,BA2000000199,BNK0449497,2026-04-07
200,785,Beneficiary Krishnan 200,SBI,BA2000000200,BNK0144569,2025-09-10
201,645,Beneficiary Menon 201,Canara Bank,BA2000000201,BNK0128894,2025-12-08
202,615,Beneficiary Reddy 202,HDFC Bank,BA2000000202,BNK0204574,2026-05-02
203,86,Beneficiary Reddy 203,Axis Bank,BA2000000203,BNK0916745,2025-09-17
204,964,Beneficiary Joshi 204,SBI,BA2000000204,BNK0730222,2025-12-18
205,20,Beneficiary Patel 205,ICICI Bank,BA2000000205,BNK0944566,2025-06-01
206,722,Beneficiary Bose 206,Canara Bank,BA2000000206,BNK0507964,2025-01-28
207,704,Beneficiary Nair 207,HDFC Bank,BA2000000207,BNK0764635,2025-01-13
208,416,Beneficiary Balan 208,ICICI Bank,BA2000000208,BNK0345165,2025-06-11
209,838,Beneficiary Das 209,Canara Bank,BA2000000209,BNK0187197,2025-12-16
210,182,Beneficiary Kumar 210,SBI,BA2000000210,BNK0799254,2025-03-11
211,187,Beneficiary Bose 211,ICICI Bank,BA2000000211,BNK0923062,2026-02-11
212,922,Beneficiary Naidu 212,ICICI Bank,BA2000000212,BNK0162412,2025-01-06
213,162,Beneficiary Pillai 213,Canara Bank,BA2000000213,BNK0153240,2025-02-10
214,328,Beneficiary Reddy 214,ICICI Bank,BA2000000214,BNK0325023,2026-03-18
215,737,Beneficiary Nair 215,ICICI Bank,BA2000000215,BNK0936708,2025-12-02
216,703,Beneficiary Naidu 216,ICICI Bank,BA2000000216,BNK0561535,2025-11-21
217,912,Beneficiary Balan 217,ICICI Bank,BA2000000217,BNK0133544,2025-08-13
218,290,Beneficiary Sharma 218,Axis Bank,BA2000000218,BNK0204745,2026-01-27
219,454,Beneficiary Rao 219,HDFC Bank,BA2000000219,BNK0586220,2025-11-01
220,564,Beneficiary Sharma 220,ICICI Bank,BA2000000220,BNK0842703,2026-01-16
221,605,Beneficiary Gupta 221,Canara Bank,BA2000000221,BNK0129412,2026-04-13
222,237,Beneficiary Iyer 222,SBI,BA2000000222,BNK0110195,2025-07-21
223,295,Beneficiary Balan 223,HDFC Bank,BA2000000223,BNK0418832,2026-01-31
224,739,Beneficiary Kumar 224,HDFC Bank,BA2000000224,BNK0823548,2026-04-05
225,593,Beneficiary Reddy 225,SBI,BA2000000225,BNK0390910,2025-06-28
226,130,Beneficiary Sharma 226,HDFC Bank,BA2000000226,BNK0549218,2025-01-24
227,519,Beneficiary Balan 227,Canara Bank,BA2000000227,BNK0897250,2025-05-26
228,66,Beneficiary Iyer 228,Kotak Bank,BA2000000228,BNK0414459,2025-11-17
229,629,Beneficiary Reddy 229,HDFC Bank,BA2000000229,BNK0785707,2025-06-22
230,902,Beneficiary Balan 230,Kotak Bank,BA2000000230,BNK0282727,2026-05-07
231,559,Beneficiary Gupta 231,ICICI Bank,BA2000000231,BNK0896881,2026-01-20
232,250,Beneficiary Gupta 232,Canara Bank,BA2000000232,BNK0694628,2025-06-24
233,151,Beneficiary Sharma 233,ICICI Bank,BA2000000233,BNK0506766,2025-02-06
234,35,Beneficiary Sharma 234,Axis Bank,BA2000000234,BNK0610544,2025-10-19
235,964,Beneficiary Naidu 235,SBI,BA2000000235,BNK0775414,2025-01-10
236,408,Beneficiary Naidu 236,Axis Bank,BA2000000236,BNK0964286,2025-10-08
237,61,Beneficiary Iyer 237,Kotak Bank,BA2000000237,BNK0505649,2026-01-03
238,450,Beneficiary Verma 238,ICICI Bank,BA2000000238,BNK0146230,2026-02-03
239,713,Beneficiary Singh 239,Axis Bank,BA2000000239,BNK0625288,2025-05-17
240,712,Beneficiary Patel 240,Canara Bank,BA2000000240,BNK0328384,2025-12-06
241,199,Beneficiary Naidu 241,ICICI Bank,BA2000000241,BNK0421657,2025-10-25
242,716,Beneficiary Gupta 242,HDFC Bank,BA2000000242,BNK0121507,2025-01-02
243,403,Beneficiary Verma 243,Axis Bank,BA2000000243,BNK0495288,2026-01-24
244,869,Beneficiary Nair 244,ICICI Bank,BA2000000244,BNK0444029,2025-01-05
245,224,Beneficiary Nair 245,Canara Bank,BA2000000245,BNK0464840,2026-03-01
246,12,Beneficiary Iyer 246,Axis Bank,BA2000000246,BNK0322839,2025-07-14
247,321,Beneficiary Das 247,HDFC Bank,BA2000000247,BNK0510164,2025-04-05
248,293,Beneficiary Reddy 248,Axis Bank,BA2000000248,BNK0663335,2025-05-11
249,189,Beneficiary Naidu 249,SBI,BA2000000249,BNK0758229,2025-04-06
250,678,Beneficiary Naidu 250,Canara Bank,BA2000000250,BNK0916943,2025-03-18
251,225,Beneficiary Singh 251,ICICI Bank,BA2000000251,BNK0447110,2026-03-15
252,98,Beneficiary Iyer 252,SBI,BA2000000252,BNK0873040,2026-02-08
253,33,Beneficiary Naidu 253,SBI,BA2000000253,BNK0774392,2026-04-04
254,914,Beneficiary Pillai 254,Canara Bank,BA2000000254,BNK0148648,2025-07-02
255,251,Beneficiary Kumar 255,Canara Bank,BA2000000255,BNK0901432,2026-05-07
256,554,Beneficiary Mishra 256,Axis Bank,BA2000000256,BNK0635231,2025-05-10
257,249,Beneficiary Kumar 257,HDFC Bank,BA2000000257,BNK0222314,2025-02-15
258,394,Beneficiary Joshi 258,Axis Bank,BA2000000258,BNK0330628,2026-02-11
259,140,Beneficiary Balan 259,SBI,BA2000000259,BNK0395268,2026-04-04
260,695,Beneficiary Krishnan 260,Axis Bank,BA2000000260,BNK0450311,2026-01-22
261,898,Beneficiary Naidu 261,Kotak Bank,BA2000000261,BNK0928327,2025-10-06
262,462,Beneficiary Krishnan 262,Kotak Bank,BA2000000262,BNK0295106,2025-02-14
263,176,Beneficiary Naidu 263,Canara Bank,BA2000000263,BNK0722431,2026-01-30
264,434,Beneficiary Menon 264,HDFC Bank,BA2000000264,BNK0514440,2025-01-24
265,237,Beneficiary Singh 265,Axis Bank,BA2000000265,BNK0803632,2026-02-16
266,904,Beneficiary Nair 266,SBI,BA2000000266,BNK0827937,2025-03-14
267,469,Beneficiary Gupta 267,ICICI Bank,BA2000000267,BNK0645952,2025-04-06
268,80,Beneficiary Das 268,Axis Bank,BA2000000268,BNK0585875,2026-04-01
269,26,Beneficiary Balan 269,HDFC Bank,BA2000000269,BNK0101150,2026-04-10
270,456,Beneficiary Reddy 270,SBI,BA2000000270,BNK0940069,2025-06-26
271,863,Beneficiary Nair 271,HDFC Bank,BA2000000271,BNK0848362,2026-01-20
272,564,Beneficiary Kumar 272,HDFC Bank,BA2000000272,BNK0298228,2025-08-09
273,718,Beneficiary Nair 273,SBI,BA2000000273,BNK0778465,2026-02-12
274,623,Beneficiary Nair 274,SBI,BA2000000274,BNK0469698,2026-04-10
275,933,Beneficiary Shah 275,SBI,BA2000000275,BNK0647622,2025-10-21
276,932,Beneficiary Verma 276,Canara Bank,BA2000000276,BNK0104483,2025-12-18
277,375,Beneficiary Naidu 277,SBI,BA2000000277,BNK0554803,2025-02-24
278,792,Beneficiary Reddy 278,Kotak Bank,BA2000000278,BNK0557735,2025-04-19
279,549,Beneficiary Gupta 279,ICICI Bank,BA2000000279,BNK0676966,2025-10-09
280,84,Beneficiary Naidu 280,ICICI Bank,BA2000000280,BNK0696613,2026-01-19
281,475,Beneficiary Verma 281,HDFC Bank,BA2000000281,BNK0838174,2025-12-20
282,97,Beneficiary Joshi 282,Kotak Bank,BA2000000282,BNK0641866,2025-01-23
283,726,Beneficiary Sharma 283,ICICI Bank,BA2000000283,BNK0347813,2025-09-03
284,548,Beneficiary Balan 284,HDFC Bank,BA2000000284,BNK0170431,2025-10-08
285,385,Beneficiary Balan 285,HDFC Bank,BA2000000285,BNK0633222,2026-04-11
286,596,Beneficiary Verma 286,HDFC Bank,BA2000000286,BNK0942746,2025-09-18
287,283,Beneficiary Krishnan 287,ICICI Bank,BA2000000287,BNK0156015,2025-12-03
288,99,Beneficiary Shah 288,HDFC Bank,BA2000000288,BNK0276288,2026-01-05
289,773,Beneficiary Verma 289,HDFC Bank,BA2000000289,BNK0101278,2025-01-28
290,182,Beneficiary Mishra 290,HDFC Bank,BA2000000290,BNK0744918,2025-05-31
291,550,Beneficiary Patel 291,Canara Bank,BA2000000291,BNK0979422,2025-04-28
292,139,Beneficiary Patel 292,SBI,BA2000000292,BNK0364201,2025-02-15
293,285,Beneficiary Das 293,Axis Bank,BA2000000293,BNK0392302,2025-12-02
294,217,Beneficiary Patel 294,Canara Bank,BA2000000294,BNK0650398,2026-01-18
295,113,Beneficiary Iyer 295,Axis Bank,BA2000000295,BNK0477384,2025-10-23
296,617,Beneficiary Rao 296,Canara Bank,BA2000000296,BNK0110703,2025-12-11
297,130,Beneficiary Kumar 297,HDFC Bank,BA2000000297,BNK0137870,2025-11-21
298,213,Beneficiary Sharma 298,ICICI Bank,BA2000000298,BNK0849096,2025-12-23
299,153,Beneficiary Singh 299,HDFC Bank,BA2000000299,BNK0236927,2026-01-03
300,450,Beneficiary Verma 300,ICICI Bank,BA2000000300,BNK0991799,2026-04-22
301,131,Beneficiary Reddy 301,HDFC Bank,BA2000000301,BNK0491046,2026-01-03
302,199,Beneficiary Sharma 302,HDFC Bank,BA2000000302,BNK0627788,2025-02-17
303,428,Beneficiary Krishnan 303,SBI,BA2000000303,BNK0526936,2025-05-10
304,406,Beneficiary Rao 304,SBI,BA2000000304,BNK0815319,2026-02-27
305,59,Beneficiary Gupta 305,Canara Bank,BA2000000305,BNK0931570,2025-11-01
306,237,Beneficiary Bose 306,Axis Bank,BA2000000306,BNK0581924,2025-07-02
307,408,Beneficiary Naidu 307,SBI,BA2000000307,BNK0740790,2025-10-03
308,230,Beneficiary Patel 308,SBI,BA2000000308,BNK0817002,2025-01-12
309,668,Beneficiary Nair 309,Kotak Bank,BA2000000309,BNK0194014,2025-08-01
310,700,Beneficiary Iyer 310,Axis Bank,BA2000000310,BNK0413039,2025-07-13
311,886,Beneficiary Balan 311,SBI,BA2000000311,BNK0266850,2025-10-26
312,768,Beneficiary Shah 312,HDFC Bank,BA2000000312,BNK0225128,2026-04-29
313,805,Beneficiary Kumar 313,ICICI Bank,BA2000000313,BNK0359985,2026-03-08
314,989,Beneficiary Mishra 314,ICICI Bank,BA2000000314,BNK0170129,2025-11-14
315,397,Beneficiary Joshi 315,HDFC Bank,BA2000000315,BNK0258162,2025-10-18
316,84,Beneficiary Rao 316,SBI,BA2000000316,BNK0540191,2025-09-07
317,15,Beneficiary Shah 317,SBI,BA2000000317,BNK0484714,2025-07-27
318,571,Beneficiary Gupta 318,Axis Bank,BA2000000318,BNK0982308,2026-05-12
319,930,Beneficiary Joshi 319,Axis Bank,BA2000000319,BNK0889727,2026-03-26
320,913,Beneficiary Sharma 320,Axis Bank,BA2000000320,BNK0345228,2025-12-25
321,404,Beneficiary Patel 321,SBI,BA2000000321,BNK0698032,2025-09-20
322,824,Beneficiary Joshi 322,ICICI Bank,BA2000000322,BNK0479239,2025-01-31
323,311,Beneficiary Naidu 323,ICICI Bank,BA2000000323,BNK0916634,2026-01-26
324,803,Beneficiary Das 324,ICICI Bank,BA2000000324,BNK0787894,2025-01-19
325,452,Beneficiary Pillai 325,Axis Bank,BA2000000325,BNK0305884,2025-12-17
326,314,Beneficiary Balan 326,HDFC Bank,BA2000000326,BNK0852122,2025-04-26
327,582,Beneficiary Pillai 327,ICICI Bank,BA2000000327,BNK0108950,2025-06-04
328,663,Beneficiary Balan 328,Axis Bank,BA2000000328,BNK0275400,2025-08-21
329,195,Beneficiary Patel 329,HDFC Bank,BA2000000329,BNK0504058,2025-03-10
330,445,Beneficiary Reddy 330,SBI,BA2000000330,BNK0409872,2026-05-11
331,151,Beneficiary Das 331,HDFC Bank,BA2000000331,BNK0924002,2025-07-30
332,682,Beneficiary Patel 332,Canara Bank,BA2000000332,BNK0460209,2026-04-27
333,671,Beneficiary Mishra 333,Canara Bank,BA2000000333,BNK0436133,2025-05-17
334,690,Beneficiary Patel 334,SBI,BA2000000334,BNK0812169,2025-09-21
335,871,Beneficiary Shah 335,Canara Bank,BA2000000335,BNK0141199,2025-10-01
336,753,Beneficiary Verma 336,Kotak Bank,BA2000000336,BNK0820626,2025-11-13
337,101,Beneficiary Balan 337,Axis Bank,BA2000000337,BNK0254684,2025-11-24
338,246,Beneficiary Menon 338,Canara Bank,BA2000000338,BNK0188746,2025-12-03
339,616,Beneficiary Naidu 339,Canara Bank,BA2000000339,BNK0498738,2025-05-15
340,226,Beneficiary Rao 340,Kotak Bank,BA2000000340,BNK0455294,2026-02-17
341,246,Beneficiary Patel 341,Canara Bank,BA2000000341,BNK0395418,2026-04-30
342,472,Beneficiary Nair 342,ICICI Bank,BA2000000342,BNK0799096,2025-01-30
343,374,Beneficiary Mishra 343,HDFC Bank,BA2000000343,BNK0335838,2025-05-06
344,267,Beneficiary Rao 344,SBI,BA2000000344,BNK0948210,2025-12-20
345,247,Beneficiary Iyer 345,SBI,BA2000000345,BNK0840720,2026-03-04
346,375,Beneficiary Shah 346,Axis Bank,BA2000000346,BNK0525373,2025-01-15
347,383,Beneficiary Das 347,ICICI Bank,BA2000000347,BNK0589584,2026-02-03
348,746,Beneficiary Joshi 348,Canara Bank,BA2000000348,BNK0691098,2025-12-12
349,276,Beneficiary Verma 349,ICICI Bank,BA2000000349,BNK0934735,2025-08-21
350,412,Beneficiary Naidu 350,Canara Bank,BA2000000350,BNK0855553,2026-02-13
351,275,Beneficiary Krishnan 351,HDFC Bank,BA2000000351,BNK0478003,2026-05-11
352,246,Beneficiary Pillai 352,ICICI Bank,BA2000000352,BNK0691729,2025-08-30
353,878,Beneficiary Das 353,Axis Bank,BA2000000353,BNK0505441,2026-04-22
354,746,Beneficiary Balan 354,Kotak Bank,BA2000000354,BNK0500878,2026-05-08
355,827,Beneficiary Iyer 355,Axis Bank,BA2000000355,BNK0318755,2026-04-09
356,288,Beneficiary Patel 356,SBI,BA2000000356,BNK0285685,2025-06-25
357,293,Beneficiary Gupta 357,SBI,BA2000000357,BNK0661498,2025-12-24
358,931,Beneficiary Kumar 358,Kotak Bank,BA2000000358,BNK0448169,2026-04-19
359,859,Beneficiary Balan 359,ICICI Bank,BA2000000359,BNK0632724,2025-02-14
360,835,Beneficiary Krishnan 360,HDFC Bank,BA2000000360,BNK0897355,2025-07-24
361,611,Beneficiary Patel 361,ICICI Bank,BA2000000361,BNK0924733,2026-04-27
362,381,Beneficiary Naidu 362,Axis Bank,BA2000000362,BNK0516363,2025-06-04
363,865,Beneficiary Bose 363,HDFC Bank,BA2000000363,BNK0218323,2026-03-13
364,945,Beneficiary Singh 364,SBI,BA2000000364,BNK0575214,2026-03-22
365,283,Beneficiary Patel 365,HDFC Bank,BA2000000365,BNK0485815,2026-02-02
366,735,Beneficiary Naidu 366,SBI,BA2000000366,BNK0378601,2025-04-03
367,395,Beneficiary Reddy 367,ICICI Bank,BA2000000367,BNK0155196,2025-12-08
368,977,Beneficiary Das 368,Canara Bank,BA2000000368,BNK0670909,2025-10-26
369,201,Beneficiary Singh 369,HDFC Bank,BA2000000369,BNK0535637,2026-02-23
370,120,Beneficiary Menon 370,ICICI Bank,BA2000000370,BNK0423953,2025-04-20
371,736,Beneficiary Sharma 371,Axis Bank,BA2000000371,BNK0694093,2025-07-31
372,226,Beneficiary Bose 372,HDFC Bank,BA2000000372,BNK0209313,2026-05-08
373,930,Beneficiary Kumar 373,SBI,BA2000000373,BNK0660105,2025-11-27
374,703,Beneficiary Reddy 374,Axis Bank,BA2000000374,BNK0656615,2026-02-25
375,365,Beneficiary Nair 375,HDFC Bank,BA2000000375,BNK0226088,2025-02-10
376,378,Beneficiary Mishra 376,Axis Bank,BA2000000376,BNK0196865,2026-04-15
377,955,Beneficiary Mishra 377,ICICI Bank,BA2000000377,BNK0433799,2025-03-22
378,215,Beneficiary Gupta 378,Canara Bank,BA2000000378,BNK0392930,2026-01-14
379,918,Beneficiary Nair 379,Axis Bank,BA2000000379,BNK0630040,2026-02-13
380,472,Beneficiary Das 380,ICICI Bank,BA2000000380,BNK0985146,2025-12-15
381,667,Beneficiary Verma 381,SBI,BA2000000381,BNK0217889,2025-09-12
382,199,Beneficiary Nair 382,Canara Bank,BA2000000382,BNK0955499,2025-12-13
383,26,Beneficiary Shah 383,Axis Bank,BA2000000383,BNK0935329,2025-06-24
384,897,Beneficiary Patel 384,HDFC Bank,BA2000000384,BNK0566311,2025-08-25
385,464,Beneficiary Patel 385,Kotak Bank,BA2000000385,BNK0550861,2025-07-24
386,699,Beneficiary Krishnan 386,Axis Bank,BA2000000386,BNK0297447,2025-04-10
387,480,Beneficiary Kumar 387,SBI,BA2000000387,BNK0392193,2026-04-12
388,64,Beneficiary Sharma 388,Canara Bank,BA2000000388,BNK0834282,2025-07-02
389,835,Beneficiary Patel 389,Axis Bank,BA2000000389,BNK0663095,2025-02-02
390,26,Beneficiary Gupta 390,ICICI Bank,BA2000000390,BNK0780606,2025-09-23
391,675,Beneficiary Sharma 391,SBI,BA2000000391,BNK0126547,2026-04-17
392,156,Beneficiary Verma 392,Canara Bank,BA2000000392,BNK0286836,2026-01-09
393,132,Beneficiary Iyer 393,ICICI Bank,BA2000000393,BNK0295358,2025-06-13
394,475,Beneficiary Rao 394,SBI,BA2000000394,BNK0546087,2025-01-14
395,619,Beneficiary Menon 395,HDFC Bank,BA2000000395,BNK0701530,2025-12-21
396,811,Beneficiary Reddy 396,HDFC Bank,BA2000000396,BNK0900130,2025-07-23
397,542,Beneficiary Iyer 397,Axis Bank,BA2000000397,BNK0272468,2026-04-11
398,36,Beneficiary Rao 398,SBI,BA2000000398,BNK0307739,2025-07-13
399,638,Beneficiary Gupta 399,ICICI Bank,BA2000000399,BNK0843636,2025-03-20
400,531,Beneficiary Joshi 400,HDFC Bank,BA2000000400,BNK0855861,2025-01-14
401,616,Beneficiary Nair 401,Kotak Bank,BA2000000401,BNK0861532,2025-11-20
402,877,Beneficiary Verma 402,HDFC Bank,BA2000000402,BNK0460678,2025-03-07
403,737,Beneficiary Gupta 403,Kotak Bank,BA2000000403,BNK0469359,2026-02-28
404,915,Beneficiary Rao 404,HDFC Bank,BA2000000404,BNK0255565,2025-03-28
405,155,Beneficiary Bose 405,HDFC Bank,BA2000000405,BNK0833280,2025-11-12
406,195,Beneficiary Shah 406,Kotak Bank,BA2000000406,BNK0737454,2025-03-31
407,2,Beneficiary Menon 407,ICICI Bank,BA2000000407,BNK0994292,2025-08-31
408,708,Beneficiary Singh 408,ICICI Bank,BA2000000408,BNK0336455,2025-03-08
409,233,Beneficiary Pillai 409,Axis Bank,BA2000000409,BNK0191338,2025-09-17
410,359,Beneficiary Sharma 410,Axis Bank,BA2000000410,BNK0516385,2025-02-16
411,930,Beneficiary Sharma 411,Kotak Bank,BA2000000411,BNK0581416,2025-01-24
412,524,Beneficiary Nair 412,Axis Bank,BA2000000412,BNK0736626,2025-09-12
413,807,Beneficiary Reddy 413,Kotak Bank,BA2000000413,BNK0946123,2025-03-23
414,850,Beneficiary Rao 414,Axis Bank,BA2000000414,BNK0140448,2025-02-20
415,15,Beneficiary Verma 415,SBI,BA2000000415,BNK0263547,2025-07-22
416,103,Beneficiary Gupta 416,Canara Bank,BA2000000416,BNK0986384,2026-05-03
417,844,Beneficiary Mishra 417,HDFC Bank,BA2000000417,BNK0685394,2025-12-14
418,574,Beneficiary Nair 418,Canara Bank,BA2000000418,BNK0193994,2026-05-09
419,880,Beneficiary Verma 419,Canara Bank,BA2000000419,BNK0932313,2026-03-08
420,646,Beneficiary Pillai 420,Canara Bank,BA2000000420,BNK0899061,2025-05-15
421,547,Beneficiary Das 421,Axis Bank,BA2000000421,BNK0601718,2025-04-13
422,333,Beneficiary Bose 422,ICICI Bank,BA2000000422,BNK0237388,2025-03-16
423,215,Beneficiary Rao 423,Canara Bank,BA2000000423,BNK0260187,2025-03-14
424,976,Beneficiary Nair 424,Canara Bank,BA2000000424,BNK0633052,2025-01-09
425,650,Beneficiary Reddy 425,Kotak Bank,BA2000000425,BNK0406222,2025-05-10
426,158,Beneficiary Gupta 426,Kotak Bank,BA2000000426,BNK0802916,2026-03-16
427,759,Beneficiary Naidu 427,HDFC Bank,BA2000000427,BNK0852201,2026-02-22
428,681,Beneficiary Nair 428,HDFC Bank,BA2000000428,BNK0869919,2026-05-06
429,363,Beneficiary Joshi 429,SBI,BA2000000429,BNK0495341,2025-04-04
430,841,Beneficiary Balan 430,ICICI Bank,BA2000000430,BNK0321316,2025-07-10
431,672,Beneficiary Sharma 431,Axis Bank,BA2000000431,BNK0354010,2026-03-03
432,919,Beneficiary Verma 432,HDFC Bank,BA2000000432,BNK0169907,2026-03-14
433,664,Beneficiary Reddy 433,Kotak Bank,BA2000000433,BNK0158114,2025-05-20
434,407,Beneficiary Verma 434,ICICI Bank,BA2000000434,BNK0209619,2026-02-28
435,242,Beneficiary Kumar 435,Axis Bank,BA2000000435,BNK0801499,2025-06-11
436,235,Beneficiary Mishra 436,ICICI Bank,BA2000000436,BNK0909679,2025-03-04
437,669,Beneficiary Mishra 437,ICICI Bank,BA2000000437,BNK0255710,2025-01-07
438,910,Beneficiary Iyer 438,HDFC Bank,BA2000000438,BNK0912403,2025-07-17
439,179,Beneficiary Joshi 439,Canara Bank,BA2000000439,BNK0160116,2025-09-18
440,804,Beneficiary Menon 440,Canara Bank,BA2000000440,BNK0518692,2025-04-28
441,585,Beneficiary Verma 441,Canara Bank,BA2000000441,BNK0483123,2025-07-17
442,65,Beneficiary Krishnan 442,Canara Bank,BA2000000442,BNK0390297,2026-02-09
443,488,Beneficiary Sharma 443,ICICI Bank,BA2000000443,BNK0433888,2025-05-09
444,583,Beneficiary Iyer 444,HDFC Bank,BA2000000444,BNK0756627,2025-12-04
445,69,Beneficiary Gupta 445,SBI,BA2000000445,BNK0548915,2026-05-16
446,738,Beneficiary Das 446,SBI,BA2000000446,BNK0181257,2025-10-17
447,785,Beneficiary Krishnan 447,ICICI Bank,BA2000000447,BNK0549068,2025-05-20
448,18,Beneficiary Naidu 448,Canara Bank,BA2000000448,BNK0195760,2025-10-23
449,739,Beneficiary Joshi 449,Kotak Bank,BA2000000449,BNK0321794,2025-10-30
450,329,Beneficiary Bose 450,Kotak Bank,BA2000000450,BNK0620776,2025-07-03
451,825,Beneficiary Nair 451,SBI,BA2000000451,BNK0600338,2026-02-16
452,1,Beneficiary Patel 452,SBI,BA2000000452,BNK0365940,2025-03-28
453,446,Beneficiary Nair 453,Canara Bank,BA2000000453,BNK0115633,2025-02-06
454,638,Beneficiary Verma 454,SBI,BA2000000454,BNK0242559,2026-01-09
455,678,Beneficiary Iyer 455,HDFC Bank,BA2000000455,BNK0422417,2025-02-07
456,964,Beneficiary Rao 456,Kotak Bank,BA2000000456,BNK0355486,2026-01-20
457,734,Beneficiary Pillai 457,Kotak Bank,BA2000000457,BNK0523135,2025-08-25
458,545,Beneficiary Naidu 458,Canara Bank,BA2000000458,BNK0575952,2025-07-27
459,38,Beneficiary Naidu 459,Kotak Bank,BA2000000459,BNK0597619,2025-04-21
460,76,Beneficiary Nair 460,Axis Bank,BA2000000460,BNK0614378,2026-04-03
461,496,Beneficiary Singh 461,SBI,BA2000000461,BNK0936648,2025-11-05
462,789,Beneficiary Nair 462,HDFC Bank,BA2000000462,BNK0559118,2025-11-30
463,399,Beneficiary Kumar 463,Axis Bank,BA2000000463,BNK0455591,2025-12-23
464,591,Beneficiary Shah 464,Kotak Bank,BA2000000464,BNK0751834,2025-09-01
465,665,Beneficiary Mishra 465,Axis Bank,BA2000000465,BNK0469535,2025-05-02
466,861,Beneficiary Rao 466,Canara Bank,BA2000000466,BNK0818209,2025-10-20
467,922,Beneficiary Menon 467,HDFC Bank,BA2000000467,BNK0220888,2025-11-05
468,94,Beneficiary Joshi 468,ICICI Bank,BA2000000468,BNK0423765,2025-04-07
469,32,Beneficiary Shah 469,Canara Bank,BA2000000469,BNK0860302,2026-02-07
470,593,Beneficiary Krishnan 470,HDFC Bank,BA2000000470,BNK0344501,2025-03-05
471,149,Beneficiary Sharma 471,HDFC Bank,BA2000000471,BNK0226931,2025-10-28
472,71,Beneficiary Gupta 472,SBI,BA2000000472,BNK0912222,2025-06-28
473,498,Beneficiary Joshi 473,ICICI Bank,BA2000000473,BNK0396525,2025-10-16
474,656,Beneficiary Bose 474,ICICI Bank,BA2000000474,BNK0603251,2025-01-04
475,729,Beneficiary Sharma 475,SBI,BA2000000475,BNK0247094,2025-08-04
476,992,Beneficiary Mishra 476,Axis Bank,BA2000000476,BNK0514861,2025-06-06
477,317,Beneficiary Mishra 477,Canara Bank,BA2000000477,BNK0899555,2025-08-11
478,509,Beneficiary Joshi 478,ICICI Bank,BA2000000478,BNK0700200,2025-08-18
479,608,Beneficiary Bose 479,ICICI Bank,BA2000000479,BNK0193351,2025-08-03
480,836,Beneficiary Rao 480,Axis Bank,BA2000000480,BNK0464441,2025-08-07
481,708,Beneficiary Sharma 481,ICICI Bank,BA2000000481,BNK0999574,2025-06-19
482,34,Beneficiary Kumar 482,Axis Bank,BA2000000482,BNK0356129,2025-06-30
483,323,Beneficiary Singh 483,Axis Bank,BA2000000483,BNK0308855,2025-01-20
484,603,Beneficiary Joshi 484,ICICI Bank,BA2000000484,BNK0692493,2025-08-07
485,632,Beneficiary Nair 485,Axis Bank,BA2000000485,BNK0562819,2025-02-10
486,113,Beneficiary Naidu 486,Canara Bank,BA2000000486,BNK0475488,2025-03-12
487,583,Beneficiary Joshi 487,HDFC Bank,BA2000000487,BNK0436693,2025-04-16
488,51,Beneficiary Gupta 488,Kotak Bank,BA2000000488,BNK0588585,2026-01-04
489,9,Beneficiary Nair 489,ICICI Bank,BA2000000489,BNK0466754,2025-02-26
490,166,Beneficiary Shah 490,HDFC Bank,BA2000000490,BNK0585147,2025-07-31
491,691,Beneficiary Rao 491,Axis Bank,BA2000000491,BNK0414268,2025-05-01
492,81,Beneficiary Krishnan 492,Kotak Bank,BA2000000492,BNK0404066,2026-04-15
493,538,Beneficiary Balan 493,Kotak Bank,BA2000000493,BNK0981323,2025-10-19
494,782,Beneficiary Krishnan 494,Kotak Bank,BA2000000494,BNK0512584,2025-06-28
495,945,Beneficiary Menon 495,Axis Bank,BA2000000495,BNK0789395,2025-08-11
496,254,Beneficiary Menon 496,ICICI Bank,BA2000000496,BNK0890331,2025-05-15
497,896,Beneficiary Menon 497,Canara Bank,BA2000000497,BNK0332161,2025-06-07
498,727,Beneficiary Das 498,SBI,BA2000000498,BNK0930165,2026-04-05
499,313,Beneficiary Balan 499,SBI,BA2000000499,BNK0514734,2025-10-19
500,951,Beneficiary Balan 500,Kotak Bank,BA2000000500,BNK0356469,2026-01-21
501,623,Beneficiary Singh 501,Canara Bank,BA2000000501,BNK0999389,2025-05-13
502,283,Beneficiary Naidu 502,Axis Bank,BA2000000502,BNK0398937,2025-04-26
503,589,Beneficiary Das 503,Axis Bank,BA2000000503,BNK0376608,2025-01-09
504,539,Beneficiary Mishra 504,HDFC Bank,BA2000000504,BNK0253201,2025-04-25
505,49,Beneficiary Naidu 505,ICICI Bank,BA2000000505,BNK0624816,2025-08-04
506,132,Beneficiary Balan 506,Canara Bank,BA2000000506,BNK0600200,2026-01-06
507,958,Beneficiary Rao 507,Kotak Bank,BA2000000507,BNK0801505,2026-02-23
508,546,Beneficiary Shah 508,Kotak Bank,BA2000000508,BNK0999818,2026-04-24
509,277,Beneficiary Reddy 509,HDFC Bank,BA2000000509,BNK0265353,2025-02-23
510,991,Beneficiary Kumar 510,Kotak Bank,BA2000000510,BNK0567185,2025-03-08
511,63,Beneficiary Nair 511,SBI,BA2000000511,BNK0601992,2026-01-25
512,45,Beneficiary Verma 512,ICICI Bank,BA2000000512,BNK0415997,2026-04-06
513,873,Beneficiary Shah 513,ICICI Bank,BA2000000513,BNK0302077,2025-05-27
514,646,Beneficiary Pillai 514,ICICI Bank,BA2000000514,BNK0453032,2025-08-30
515,820,Beneficiary Naidu 515,HDFC Bank,BA2000000515,BNK0915525,2025-03-06
516,39,Beneficiary Singh 516,SBI,BA2000000516,BNK0144995,2025-06-04
517,285,Beneficiary Naidu 517,Axis Bank,BA2000000517,BNK0989461,2025-06-05
518,391,Beneficiary Iyer 518,HDFC Bank,BA2000000518,BNK0858680,2025-11-09
519,229,Beneficiary Naidu 519,SBI,BA2000000519,BNK0962936,2025-01-15
520,145,Beneficiary Gupta 520,SBI,BA2000000520,BNK0242984,2026-02-03
521,118,Beneficiary Rao 521,Canara Bank,BA2000000521,BNK0583887,2025-06-20
522,880,Beneficiary Joshi 522,ICICI Bank,BA2000000522,BNK0654450,2025-12-28
523,610,Beneficiary Joshi 523,HDFC Bank,BA2000000523,BNK0446834,2025-10-26
524,346,Beneficiary Verma 524,SBI,BA2000000524,BNK0682355,2026-04-27
525,441,Beneficiary Iyer 525,Kotak Bank,BA2000000525,BNK0739090,2025-04-22
526,968,Beneficiary Iyer 526,ICICI Bank,BA2000000526,BNK0840102,2025-07-04
527,566,Beneficiary Menon 527,HDFC Bank,BA2000000527,BNK0371974,2025-12-23
528,336,Beneficiary Joshi 528,Axis Bank,BA2000000528,BNK0332036,2025-02-13
529,75,Beneficiary Singh 529,Kotak Bank,BA2000000529,BNK0677482,2025-07-09
530,50,Beneficiary Rao 530,ICICI Bank,BA2000000530,BNK0292484,2025-04-08
531,849,Beneficiary Pillai 531,HDFC Bank,BA2000000531,BNK0803330,2026-01-15
532,139,Beneficiary Sharma 532,HDFC Bank,BA2000000532,BNK0304370,2025-06-08
533,469,Beneficiary Menon 533,HDFC Bank,BA2000000533,BNK0378001,2025-07-28
534,213,Beneficiary Reddy 534,SBI,BA2000000534,BNK0415891,2025-04-29
535,680,Beneficiary Bose 535,Canara Bank,BA2000000535,BNK0707592,2025-08-01
536,517,Beneficiary Joshi 536,Kotak Bank,BA2000000536,BNK0971571,2025-01-15
537,34,Beneficiary Mishra 537,Canara Bank,BA2000000537,BNK0429035,2025-12-30
538,725,Beneficiary Patel 538,Kotak Bank,BA2000000538,BNK0394209,2025-07-15
539,772,Beneficiary Naidu 539,SBI,BA2000000539,BNK0260422,2026-03-30
540,825,Beneficiary Iyer 540,Canara Bank,BA2000000540,BNK0794853,2026-05-13
541,499,Beneficiary Bose 541,ICICI Bank,BA2000000541,BNK0167540,2025-08-27
542,270,Beneficiary Rao 542,SBI,BA2000000542,BNK0416772,2025-04-17
543,862,Beneficiary Krishnan 543,SBI,BA2000000543,BNK0262703,2025-04-27
544,550,Beneficiary Gupta 544,SBI,BA2000000544,BNK0271305,2025-03-24
545,835,Beneficiary Mishra 545,Kotak Bank,BA2000000545,BNK0393948,2025-08-05
546,401,Beneficiary Krishnan 546,HDFC Bank,BA2000000546,BNK0570239,2026-01-20
547,345,Beneficiary Nair 547,HDFC Bank,BA2000000547,BNK0310807,2025-03-10
548,533,Beneficiary Patel 548,Kotak Bank,BA2000000548,BNK0931738,2025-04-30
549,10,Beneficiary Patel 549,SBI,BA2000000549,BNK0240972,2025-06-19
550,411,Beneficiary Naidu 550,SBI,BA2000000550,BNK0325995,2025-04-15
551,899,Beneficiary Kumar 551,HDFC Bank,BA2000000551,BNK0123033,2025-04-23
552,203,Beneficiary Das 552,Axis Bank,BA2000000552,BNK0591201,2025-08-14
553,70,Beneficiary Reddy 553,Canara Bank,BA2000000553,BNK0548555,2026-02-06
554,468,Beneficiary Gupta 554,SBI,BA2000000554,BNK0558793,2026-03-15
555,438,Beneficiary Patel 555,Axis Bank,BA2000000555,BNK0739287,2025-11-09
556,356,Beneficiary Krishnan 556,HDFC Bank,BA2000000556,BNK0884746,2025-01-30
557,178,Beneficiary Das 557,Canara Bank,BA2000000557,BNK0488177,2025-04-18
558,58,Beneficiary Iyer 558,HDFC Bank,BA2000000558,BNK0342043,2026-01-12
559,596,Beneficiary Mishra 559,ICICI Bank,BA2000000559,BNK0955705,2025-09-07
560,175,Beneficiary Singh 560,SBI,BA2000000560,BNK0327315,2025-05-19
561,734,Beneficiary Patel 561,SBI,BA2000000561,BNK0233227,2025-10-04
562,304,Beneficiary Bose 562,SBI,BA2000000562,BNK0938394,2025-10-25
563,829,Beneficiary Kumar 563,SBI,BA2000000563,BNK0576283,2026-01-03
564,167,Beneficiary Nair 564,Canara Bank,BA2000000564,BNK0935787,2025-03-09
565,300,Beneficiary Sharma 565,ICICI Bank,BA2000000565,BNK0161330,2025-08-13
566,834,Beneficiary Pillai 566,ICICI Bank,BA2000000566,BNK0792640,2026-03-29
567,560,Beneficiary Bose 567,Canara Bank,BA2000000567,BNK0913892,2026-05-06
568,105,Beneficiary Verma 568,Canara Bank,BA2000000568,BNK0766959,2025-12-20
569,508,Beneficiary Krishnan 569,ICICI Bank,BA2000000569,BNK0534026,2025-02-24
570,638,Beneficiary Balan 570,HDFC Bank,BA2000000570,BNK0376519,2025-01-26
571,396,Beneficiary Gupta 571,Canara Bank,BA2000000571,BNK0667933,2025-04-27
572,550,Beneficiary Bose 572,HDFC Bank,BA2000000572,BNK0926927,2025-12-13
573,481,Beneficiary Patel 573,ICICI Bank,BA2000000573,BNK0630358,2026-03-23
574,954,Beneficiary Iyer 574,HDFC Bank,BA2000000574,BNK0263107,2025-06-12
575,614,Beneficiary Sharma 575,Kotak Bank,BA2000000575,BNK0919924,2025-12-19
576,352,Beneficiary Joshi 576,Axis Bank,BA2000000576,BNK0895082,2025-10-01
577,289,Beneficiary Das 577,Kotak Bank,BA2000000577,BNK0859910,2026-01-14
578,151,Beneficiary Singh 578,Axis Bank,BA2000000578,BNK0361204,2025-11-18
579,193,Beneficiary Bose 579,Kotak Bank,BA2000000579,BNK0906796,2026-04-27
580,79,Beneficiary Nair 580,SBI,BA2000000580,BNK0236305,2025-02-13
581,89,Beneficiary Sharma 581,SBI,BA2000000581,BNK0656705,2025-08-23
582,990,Beneficiary Shah 582,SBI,BA2000000582,BNK0347155,2025-12-23
583,355,Beneficiary Mishra 583,Axis Bank,BA2000000583,BNK0946559,2026-04-16
584,761,Beneficiary Balan 584,SBI,BA2000000584,BNK0802136,2026-04-15
585,913,Beneficiary Iyer 585,Axis Bank,BA2000000585,BNK0996593,2025-01-26
586,884,Beneficiary Verma 586,ICICI Bank,BA2000000586,BNK0827277,2025-01-19
587,818,Beneficiary Singh 587,Kotak Bank,BA2000000587,BNK0258388,2025-06-30
588,107,Beneficiary Naidu 588,Kotak Bank,BA2000000588,BNK0747234,2025-05-09
589,712,Beneficiary Gupta 589,HDFC Bank,BA2000000589,BNK0727234,2025-06-12
590,753,Beneficiary Reddy 590,Axis Bank,BA2000000590,BNK0206979,2025-03-30
591,180,Beneficiary Patel 591,Axis Bank,BA2000000591,BNK0506648,2026-01-19
592,261,Beneficiary Singh 592,HDFC Bank,BA2000000592,BNK0684640,2025-08-21
593,187,Beneficiary Nair 593,SBI,BA2000000593,BNK0478238,2026-03-15
594,297,Beneficiary Patel 594,HDFC Bank,BA2000000594,BNK0218475,2025-07-12
595,181,Beneficiary Joshi 595,Canara Bank,BA2000000595,BNK0436071,2025-12-17
596,831,Beneficiary Das 596,Kotak Bank,BA2000000596,BNK0777431,2025-07-15
597,871,Beneficiary Rao 597,HDFC Bank,BA2000000597,BNK0875985,2026-01-12
598,2,Beneficiary Mishra 598,HDFC Bank,BA2000000598,BNK0312186,2026-05-15
599,297,Beneficiary Menon 599,ICICI Bank,BA2000000599,BNK0564328,2026-03-26
600,927,Beneficiary Kumar 600,ICICI Bank,BA2000000600,BNK0626598,2026-03-07
601,532,Beneficiary Verma 601,Kotak Bank,BA2000000601,BNK0728328,2025-10-25
602,945,Beneficiary Krishnan 602,SBI,BA2000000602,BNK0384124,2025-08-26
603,22,Beneficiary Nair 603,SBI,BA2000000603,BNK0492367,2025-11-11
604,700,Beneficiary Joshi 604,Kotak Bank,BA2000000604,BNK0817597,2025-06-28
605,74,Beneficiary Balan 605,ICICI Bank,BA2000000605,BNK0298670,2026-02-08
606,699,Beneficiary Bose 606,Axis Bank,BA2000000606,BNK0369881,2025-11-16
607,719,Beneficiary Nair 607,Axis Bank,BA2000000607,BNK0547887,2025-11-21
608,674,Beneficiary Rao 608,HDFC Bank,BA2000000608,BNK0726768,2026-01-15
609,325,Beneficiary Pillai 609,HDFC Bank,BA2000000609,BNK0381026,2025-04-05
610,464,Beneficiary Verma 610,Axis Bank,BA2000000610,BNK0434397,2026-02-11
611,175,Beneficiary Nair 611,ICICI Bank,BA2000000611,BNK0694792,2025-03-20
612,18,Beneficiary Pillai 612,SBI,BA2000000612,BNK0518767,2025-06-28
613,556,Beneficiary Iyer 613,HDFC Bank,BA2000000613,BNK0948844,2025-11-06
614,138,Beneficiary Kumar 614,Canara Bank,BA2000000614,BNK0486804,2025-10-21
615,743,Beneficiary Nair 615,HDFC Bank,BA2000000615,BNK0721311,2025-05-27
616,120,Beneficiary Iyer 616,ICICI Bank,BA2000000616,BNK0905940,2025-07-30
617,224,Beneficiary Sharma 617,HDFC Bank,BA2000000617,BNK0720140,2025-06-12
618,324,Beneficiary Naidu 618,Axis Bank,BA2000000618,BNK0343889,2025-08-12
619,251,Beneficiary Bose 619,Canara Bank,BA2000000619,BNK0855186,2026-02-20
620,158,Beneficiary Pillai 620,HDFC Bank,BA2000000620,BNK0966824,2025-11-15
621,741,Beneficiary Menon 621,Canara Bank,BA2000000621,BNK0901054,2026-05-04
622,185,Beneficiary Sharma 622,Axis Bank,BA2000000622,BNK0495295,2025-02-08
623,344,Beneficiary Das 623,Kotak Bank,BA2000000623,BNK0639358,2025-01-14
624,662,Beneficiary Mishra 624,ICICI Bank,BA2000000624,BNK0201812,2025-04-10
625,210,Beneficiary Reddy 625,HDFC Bank,BA2000000625,BNK0786504,2025-10-03
626,779,Beneficiary Sharma 626,SBI,BA2000000626,BNK0385853,2025-10-21
627,548,Beneficiary Singh 627,Canara Bank,BA2000000627,BNK0997097,2025-03-22
628,66,Beneficiary Iyer 628,HDFC Bank,BA2000000628,BNK0991817,2025-03-19
629,97,Beneficiary Nair 629,SBI,BA2000000629,BNK0490188,2026-01-19
630,304,Beneficiary Shah 630,Canara Bank,BA2000000630,BNK0218124,2025-12-31
631,382,Beneficiary Mishra 631,HDFC Bank,BA2000000631,BNK0556592,2025-10-06
632,428,Beneficiary Mishra 632,Axis Bank,BA2000000632,BNK0520964,2025-06-02
633,916,Beneficiary Kumar 633,SBI,BA2000000633,BNK0900667,2025-10-26
634,113,Beneficiary Shah 634,ICICI Bank,BA2000000634,BNK0374877,2025-10-12
635,551,Beneficiary Sharma 635,Axis Bank,BA2000000635,BNK0424328,2025-06-06
636,769,Beneficiary Patel 636,Canara Bank,BA2000000636,BNK0101006,2025-01-22
637,814,Beneficiary Joshi 637,HDFC Bank,BA2000000637,BNK0697706,2026-04-21
638,515,Beneficiary Verma 638,Axis Bank,BA2000000638,BNK0769286,2025-09-26
639,492,Beneficiary Singh 639,ICICI Bank,BA2000000639,BNK0646078,2025-06-17
640,795,Beneficiary Joshi 640,Canara Bank,BA2000000640,BNK0521240,2025-05-25
641,969,Beneficiary Joshi 641,Canara Bank,BA2000000641,BNK0425889,2026-02-01
642,764,Beneficiary Reddy 642,Kotak Bank,BA2000000642,BNK0556491,2026-01-06
643,133,Beneficiary Rao 643,ICICI Bank,BA2000000643,BNK0790491,2025-04-03
644,115,Beneficiary Balan 644,HDFC Bank,BA2000000644,BNK0849584,2026-04-22
645,447,Beneficiary Patel 645,HDFC Bank,BA2000000645,BNK0178751,2025-04-09
646,188,Beneficiary Kumar 646,ICICI Bank,BA2000000646,BNK0823703,2025-02-02
647,47,Beneficiary Menon 647,HDFC Bank,BA2000000647,BNK0741449,2025-05-10
648,545,Beneficiary Rao 648,SBI,BA2000000648,BNK0395074,2026-01-11
649,498,Beneficiary Shah 649,Kotak Bank,BA2000000649,BNK0910009,2026-03-18
650,717,Beneficiary Reddy 650,SBI,BA2000000650,BNK0593941,2026-03-18
651,630,Beneficiary Bose 651,HDFC Bank,BA2000000651,BNK0965476,2026-01-25
652,417,Beneficiary Naidu 652,Kotak Bank,BA2000000652,BNK0722918,2026-05-16
653,628,Beneficiary Das 653,Kotak Bank,BA2000000653,BNK0824203,2025-09-27
654,99,Beneficiary Nair 654,Kotak Bank,BA2000000654,BNK0832230,2025-04-12
655,114,Beneficiary Mishra 655,SBI,BA2000000655,BNK0159782,2025-04-23
656,897,Beneficiary Pillai 656,Axis Bank,BA2000000656,BNK0529728,2025-01-11
657,756,Beneficiary Nair 657,Canara Bank,BA2000000657,BNK0102234,2025-02-01
658,6,Beneficiary Gupta 658,HDFC Bank,BA2000000658,BNK0884330,2025-03-24
659,553,Beneficiary Krishnan 659,HDFC Bank,BA2000000659,BNK0670395,2025-07-22
660,194,Beneficiary Reddy 660,SBI,BA2000000660,BNK0437395,2025-11-20
661,48,Beneficiary Krishnan 661,HDFC Bank,BA2000000661,BNK0383275,2025-05-06
662,908,Beneficiary Shah 662,HDFC Bank,BA2000000662,BNK0676542,2025-12-30
663,2,Beneficiary Gupta 663,Kotak Bank,BA2000000663,BNK0822586,2025-03-24
664,948,Beneficiary Pillai 664,Kotak Bank,BA2000000664,BNK0279218,2025-12-04
665,798,Beneficiary Naidu 665,Kotak Bank,BA2000000665,BNK0165481,2025-01-31
666,462,Beneficiary Joshi 666,Kotak Bank,BA2000000666,BNK0831388,2025-08-10
667,168,Beneficiary Bose 667,Axis Bank,BA2000000667,BNK0355921,2026-03-16
668,233,Beneficiary Nair 668,Kotak Bank,BA2000000668,BNK0316855,2026-03-28
669,894,Beneficiary Shah 669,Kotak Bank,BA2000000669,BNK0504083,2025-12-11
670,809,Beneficiary Rao 670,HDFC Bank,BA2000000670,BNK0954125,2025-09-05
671,418,Beneficiary Iyer 671,Kotak Bank,BA2000000671,BNK0452554,2025-11-22
672,117,Beneficiary Mishra 672,Axis Bank,BA2000000672,BNK0285632,2025-07-23
673,466,Beneficiary Reddy 673,HDFC Bank,BA2000000673,BNK0555138,2025-10-10
674,313,Beneficiary Reddy 674,SBI,BA2000000674,BNK0177998,2025-04-08
675,159,Beneficiary Shah 675,HDFC Bank,BA2000000675,BNK0310894,2026-04-06
676,232,Beneficiary Balan 676,HDFC Bank,BA2000000676,BNK0203965,2025-12-11
677,554,Beneficiary Shah 677,Canara Bank,BA2000000677,BNK0334677,2025-06-28
678,920,Beneficiary Nair 678,Axis Bank,BA2000000678,BNK0872982,2025-11-04
679,746,Beneficiary Iyer 679,Kotak Bank,BA2000000679,BNK0600035,2025-06-16
680,726,Beneficiary Kumar 680,Axis Bank,BA2000000680,BNK0605705,2025-09-10
681,395,Beneficiary Reddy 681,Canara Bank,BA2000000681,BNK0145559,2025-08-05
682,774,Beneficiary Gupta 682,Kotak Bank,BA2000000682,BNK0275162,2025-01-04
683,651,Beneficiary Mishra 683,Kotak Bank,BA2000000683,BNK0205330,2026-03-15
684,670,Beneficiary Das 684,HDFC Bank,BA2000000684,BNK0907743,2025-02-08
685,637,Beneficiary Patel 685,Axis Bank,BA2000000685,BNK0736169,2025-08-16
686,980,Beneficiary Pillai 686,SBI,BA2000000686,BNK0583020,2026-04-16
687,516,Beneficiary Reddy 687,ICICI Bank,BA2000000687,BNK0722246,2025-08-03
688,594,Beneficiary Mishra 688,Canara Bank,BA2000000688,BNK0358945,2025-10-05
689,710,Beneficiary Menon 689,ICICI Bank,BA2000000689,BNK0792837,2025-09-12
690,183,Beneficiary Kumar 690,Canara Bank,BA2000000690,BNK0961833,2026-01-10
691,155,Beneficiary Joshi 691,Axis Bank,BA2000000691,BNK0486546,2025-12-23
692,977,Beneficiary Joshi 692,Kotak Bank,BA2000000692,BNK0503148,2026-01-27
693,175,Beneficiary Balan 693,ICICI Bank,BA2000000693,BNK0702665,2026-03-01
694,97,Beneficiary Patel 694,ICICI Bank,BA2000000694,BNK0569989,2025-04-15
695,316,Beneficiary Balan 695,Kotak Bank,BA2000000695,BNK0721990,2025-10-17
696,913,Beneficiary Nair 696,ICICI Bank,BA2000000696,BNK0441993,2025-04-25
697,617,Beneficiary Das 697,Canara Bank,BA2000000697,BNK0556293,2025-11-18
698,652,Beneficiary Kumar 698,Axis Bank,BA2000000698,BNK0874031,2025-06-02
699,908,Beneficiary Patel 699,Kotak Bank,BA2000000699,BNK0737355,2025-01-12
700,456,Beneficiary Das 700,Canara Bank,BA2000000700,BNK0598261,2025-03-15
701,784,Beneficiary Balan 701,Axis Bank,BA2000000701,BNK0543601,2025-10-30
702,312,Beneficiary Iyer 702,Axis Bank,BA2000000702,BNK0701981,2025-11-13
703,406,Beneficiary Verma 703,SBI,BA2000000703,BNK0689756,2025-01-02
704,567,Beneficiary Balan 704,Axis Bank,BA2000000704,BNK0421906,2025-12-18
705,697,Beneficiary Verma 705,ICICI Bank,BA2000000705,BNK0686311,2025-06-30
706,703,Beneficiary Balan 706,Kotak Bank,BA2000000706,BNK0398033,2025-07-27
707,283,Beneficiary Iyer 707,Kotak Bank,BA2000000707,BNK0302942,2026-02-15
708,623,Beneficiary Shah 708,ICICI Bank,BA2000000708,BNK0218011,2025-07-30
709,474,Beneficiary Singh 709,ICICI Bank,BA2000000709,BNK0979645,2025-08-23
710,532,Beneficiary Krishnan 710,HDFC Bank,BA2000000710,BNK0518033,2026-01-11
711,596,Beneficiary Mishra 711,Kotak Bank,BA2000000711,BNK0212006,2025-07-14
712,300,Beneficiary Naidu 712,Kotak Bank,BA2000000712,BNK0129312,2025-05-16
713,297,Beneficiary Krishnan 713,SBI,BA2000000713,BNK0930823,2025-11-06
714,171,Beneficiary Shah 714,Axis Bank,BA2000000714,BNK0110394,2025-06-17
715,989,Beneficiary Nair 715,SBI,BA2000000715,BNK0976288,2026-03-31
716,33,Beneficiary Nair 716,Axis Bank,BA2000000716,BNK0246319,2026-05-08
717,470,Beneficiary Sharma 717,Axis Bank,BA2000000717,BNK0519655,2025-05-29
718,567,Beneficiary Balan 718,SBI,BA2000000718,BNK0118956,2026-03-07
719,558,Beneficiary Nair 719,ICICI Bank,BA2000000719,BNK0660612,2026-03-03
720,259,Beneficiary Gupta 720,Kotak Bank,BA2000000720,BNK0209444,2026-01-30
721,227,Beneficiary Kumar 721,Kotak Bank,BA2000000721,BNK0665836,2025-10-21
722,569,Beneficiary Rao 722,Canara Bank,BA2000000722,BNK0943577,2025-01-22
723,338,Beneficiary Verma 723,ICICI Bank,BA2000000723,BNK0799145,2026-02-22
724,554,Beneficiary Mishra 724,HDFC Bank,BA2000000724,BNK0748915,2025-11-01
725,755,Beneficiary Verma 725,ICICI Bank,BA2000000725,BNK0973891,2026-03-14
726,762,Beneficiary Reddy 726,Kotak Bank,BA2000000726,BNK0464519,2025-08-01
727,887,Beneficiary Singh 727,SBI,BA2000000727,BNK0256633,2026-04-19
728,984,Beneficiary Bose 728,ICICI Bank,BA2000000728,BNK0113343,2025-01-25
729,1,Beneficiary Rao 729,SBI,BA2000000729,BNK0812672,2025-06-26
730,738,Beneficiary Joshi 730,Canara Bank,BA2000000730,BNK0522887,2025-02-22
731,607,Beneficiary Balan 731,ICICI Bank,BA2000000731,BNK0776383,2025-04-15
732,18,Beneficiary Gupta 732,Axis Bank,BA2000000732,BNK0407006,2025-02-19
733,572,Beneficiary Das 733,Kotak Bank,BA2000000733,BNK0300888,2026-02-27
734,449,Beneficiary Mishra 734,Canara Bank,BA2000000734,BNK0985701,2026-04-05
735,302,Beneficiary Pillai 735,Axis Bank,BA2000000735,BNK0697145,2025-01-27
736,515,Beneficiary Verma 736,Canara Bank,BA2000000736,BNK0120453,2025-12-01
737,122,Beneficiary Shah 737,Axis Bank,BA2000000737,BNK0269864,2025-08-01
738,900,Beneficiary Sharma 738,SBI,BA2000000738,BNK0218487,2025-11-20
739,769,Beneficiary Rao 739,Axis Bank,BA2000000739,BNK0490449,2026-03-31
740,705,Beneficiary Reddy 740,SBI,BA2000000740,BNK0342143,2025-05-19
741,941,Beneficiary Menon 741,ICICI Bank,BA2000000741,BNK0364309,2025-03-09
742,616,Beneficiary Balan 742,SBI,BA2000000742,BNK0512504,2025-09-05
743,281,Beneficiary Krishnan 743,Axis Bank,BA2000000743,BNK0685761,2026-04-08
744,952,Beneficiary Joshi 744,ICICI Bank,BA2000000744,BNK0272841,2025-06-04
745,963,Beneficiary Sharma 745,Axis Bank,BA2000000745,BNK0248649,2026-02-08
746,797,Beneficiary Patel 746,SBI,BA2000000746,BNK0439326,2026-04-12
747,353,Beneficiary Balan 747,Kotak Bank,BA2000000747,BNK0557376,2026-03-23
748,490,Beneficiary Patel 748,ICICI Bank,BA2000000748,BNK0546137,2026-01-29
749,183,Beneficiary Nair 749,HDFC Bank,BA2000000749,BNK0230950,2025-11-08
750,9,Beneficiary Krishnan 750,HDFC Bank,BA2000000750,BNK0325920,2026-04-23
751,651,Beneficiary Menon 751,Axis Bank,BA2000000751,BNK0931655,2025-01-16
752,265,Beneficiary Verma 752,ICICI Bank,BA2000000752,BNK0603736,2026-04-07
753,399,Beneficiary Menon 753,Kotak Bank,BA2000000753,BNK0402591,2025-12-17
754,805,Beneficiary Krishnan 754,ICICI Bank,BA2000000754,BNK0726301,2025-04-25
755,616,Beneficiary Pillai 755,ICICI Bank,BA2000000755,BNK0279015,2025-02-19
756,869,Beneficiary Singh 756,Kotak Bank,BA2000000756,BNK0336164,2025-06-10
757,7,Beneficiary Verma 757,SBI,BA2000000757,BNK0243843,2025-05-28
758,342,Beneficiary Gupta 758,HDFC Bank,BA2000000758,BNK0206564,2025-03-27
759,719,Beneficiary Balan 759,SBI,BA2000000759,BNK0103485,2026-01-15
760,256,Beneficiary Joshi 760,HDFC Bank,BA2000000760,BNK0790395,2025-04-05
761,970,Beneficiary Iyer 761,SBI,BA2000000761,BNK0851966,2026-02-03
762,484,Beneficiary Singh 762,Canara Bank,BA2000000762,BNK0250141,2025-11-21
763,994,Beneficiary Bose 763,Axis Bank,BA2000000763,BNK0264681,2025-08-06
764,791,Beneficiary Das 764,Kotak Bank,BA2000000764,BNK0773749,2025-10-07
765,750,Beneficiary Singh 765,Kotak Bank,BA2000000765,BNK0463336,2025-10-12
766,329,Beneficiary Krishnan 766,Kotak Bank,BA2000000766,BNK0440497,2025-03-29
767,186,Beneficiary Naidu 767,Canara Bank,BA2000000767,BNK0420102,2025-03-29
768,698,Beneficiary Gupta 768,HDFC Bank,BA2000000768,BNK0847427,2026-03-16
769,321,Beneficiary Reddy 769,Axis Bank,BA2000000769,BNK0221274,2026-05-16
770,515,Beneficiary Krishnan 770,Axis Bank,BA2000000770,BNK0486131,2025-11-11
771,87,Beneficiary Bose 771,SBI,BA2000000771,BNK0157398,2025-06-22
772,939,Beneficiary Sharma 772,Kotak Bank,BA2000000772,BNK0993050,2025-11-23
773,49,Beneficiary Gupta 773,ICICI Bank,BA2000000773,BNK0728397,2025-02-17
774,265,Beneficiary Bose 774,Axis Bank,BA2000000774,BNK0422181,2025-05-18
775,483,Beneficiary Singh 775,ICICI Bank,BA2000000775,BNK0769650,2025-04-20
776,366,Beneficiary Patel 776,ICICI Bank,BA2000000776,BNK0559654,2026-03-24
777,542,Beneficiary Menon 777,SBI,BA2000000777,BNK0973743,2026-02-09
778,865,Beneficiary Bose 778,SBI,BA2000000778,BNK0473719,2025-10-25
779,308,Beneficiary Naidu 779,Axis Bank,BA2000000779,BNK0309126,2025-05-14
780,297,Beneficiary Balan 780,HDFC Bank,BA2000000780,BNK0138427,2025-06-20
781,237,Beneficiary Verma 781,Kotak Bank,BA2000000781,BNK0660270,2025-01-16
782,228,Beneficiary Rao 782,SBI,BA2000000782,BNK0655589,2025-04-22
783,432,Beneficiary Iyer 783,SBI,BA2000000783,BNK0821819,2025-04-13
784,246,Beneficiary Shah 784,Kotak Bank,BA2000000784,BNK0291071,2025-08-07
785,959,Beneficiary Sharma 785,Kotak Bank,BA2000000785,BNK0597480,2025-09-17
786,548,Beneficiary Nair 786,Kotak Bank,BA2000000786,BNK0171635,2025-06-30
787,814,Beneficiary Nair 787,Axis Bank,BA2000000787,BNK0669696,2025-09-01
788,202,Beneficiary Kumar 788,ICICI Bank,BA2000000788,BNK0967392,2025-10-12
789,446,Beneficiary Nair 789,ICICI Bank,BA2000000789,BNK0817510,2025-02-02
790,321,Beneficiary Nair 790,SBI,BA2000000790,BNK0566794,2025-12-21
791,314,Beneficiary Pillai 791,ICICI Bank,BA2000000791,BNK0972134,2025-12-05
792,218,Beneficiary Krishnan 792,Canara Bank,BA2000000792,BNK0337425,2025-09-05
793,832,Beneficiary Shah 793,SBI,BA2000000793,BNK0206458,2025-09-20
794,579,Beneficiary Reddy 794,ICICI Bank,BA2000000794,BNK0545493,2025-12-18
795,490,Beneficiary Rao 795,ICICI Bank,BA2000000795,BNK0392779,2026-03-22
796,391,Beneficiary Verma 796,SBI,BA2000000796,BNK0870934,2025-09-03
797,454,Beneficiary Joshi 797,HDFC Bank,BA2000000797,BNK0721270,2026-02-19
798,408,Beneficiary Naidu 798,SBI,BA2000000798,BNK0425469,2025-04-25
799,215,Beneficiary Joshi 799,HDFC Bank,BA2000000799,BNK0716206,2025-11-06
800,590,Beneficiary Das 800,Axis Bank,BA2000000800,BNK0759664,2026-02-11
801,441,Beneficiary Das 801,ICICI Bank,BA2000000801,BNK0155216,2025-11-09
802,602,Beneficiary Naidu 802,Kotak Bank,BA2000000802,BNK0928686,2025-01-15
803,707,Beneficiary Sharma 803,SBI,BA2000000803,BNK0150566,2025-09-30
804,610,Beneficiary Mishra 804,ICICI Bank,BA2000000804,BNK0602992,2025-04-27
805,592,Beneficiary Kumar 805,Kotak Bank,BA2000000805,BNK0345317,2026-03-03
806,954,Beneficiary Krishnan 806,HDFC Bank,BA2000000806,BNK0199824,2025-12-27
807,88,Beneficiary Mishra 807,Kotak Bank,BA2000000807,BNK0529495,2025-12-06
808,535,Beneficiary Menon 808,ICICI Bank,BA2000000808,BNK0278468,2025-11-30
809,302,Beneficiary Joshi 809,ICICI Bank,BA2000000809,BNK0871880,2026-04-26
810,527,Beneficiary Shah 810,ICICI Bank,BA2000000810,BNK0749334,2026-01-20
811,962,Beneficiary Balan 811,Canara Bank,BA2000000811,BNK0580060,2025-10-26
812,380,Beneficiary Bose 812,HDFC Bank,BA2000000812,BNK0688293,2026-04-12
813,898,Beneficiary Gupta 813,Axis Bank,BA2000000813,BNK0444555,2025-11-22
814,728,Beneficiary Naidu 814,ICICI Bank,BA2000000814,BNK0890871,2025-09-24
815,130,Beneficiary Shah 815,Canara Bank,BA2000000815,BNK0216561,2026-03-08
816,607,Beneficiary Sharma 816,HDFC Bank,BA2000000816,BNK0250427,2025-02-06
817,452,Beneficiary Naidu 817,Axis Bank,BA2000000817,BNK0866643,2025-10-03
818,624,Beneficiary Iyer 818,HDFC Bank,BA2000000818,BNK0413775,2025-09-28
819,554,Beneficiary Rao 819,Canara Bank,BA2000000819,BNK0737991,2026-04-10
820,881,Beneficiary Bose 820,SBI,BA2000000820,BNK0584570,2025-01-08
821,949,Beneficiary Krishnan 821,Kotak Bank,BA2000000821,BNK0654823,2025-06-03
822,938,Beneficiary Das 822,ICICI Bank,BA2000000822,BNK0950274,2025-02-20
823,809,Beneficiary Das 823,HDFC Bank,BA2000000823,BNK0546120,2025-09-12
824,779,Beneficiary Nair 824,Kotak Bank,BA2000000824,BNK0510222,2025-09-25
825,108,Beneficiary Iyer 825,HDFC Bank,BA2000000825,BNK0861391,2025-04-22
826,654,Beneficiary Kumar 826,HDFC Bank,BA2000000826,BNK0653819,2025-09-15
827,350,Beneficiary Pillai 827,Kotak Bank,BA2000000827,BNK0219618,2026-02-01
828,84,Beneficiary Naidu 828,HDFC Bank,BA2000000828,BNK0739374,2025-09-09
829,855,Beneficiary Mishra 829,SBI,BA2000000829,BNK0388465,2026-04-29
830,939,Beneficiary Krishnan 830,Kotak Bank,BA2000000830,BNK0111908,2026-03-31
831,841,Beneficiary Kumar 831,Canara Bank,BA2000000831,BNK0933541,2025-11-13
832,673,Beneficiary Naidu 832,Canara Bank,BA2000000832,BNK0987014,2025-03-27
833,854,Beneficiary Reddy 833,Axis Bank,BA2000000833,BNK0590744,2025-10-23
834,49,Beneficiary Gupta 834,ICICI Bank,BA2000000834,BNK0254986,2025-10-14
835,883,Beneficiary Pillai 835,Axis Bank,BA2000000835,BNK0713627,2025-04-17
836,227,Beneficiary Gupta 836,SBI,BA2000000836,BNK0758510,2026-03-01
837,673,Beneficiary Krishnan 837,Canara Bank,BA2000000837,BNK0629103,2025-10-03
838,769,Beneficiary Kumar 838,Canara Bank,BA2000000838,BNK0587251,2026-05-08
839,767,Beneficiary Kumar 839,Canara Bank,BA2000000839,BNK0433884,2025-04-10
840,130,Beneficiary Joshi 840,SBI,BA2000000840,BNK0882372,2026-01-17
841,125,Beneficiary Reddy 841,Kotak Bank,BA2000000841,BNK0352844,2026-02-08
842,599,Beneficiary Iyer 842,SBI,BA2000000842,BNK0360696,2026-05-06
843,879,Beneficiary Mishra 843,HDFC Bank,BA2000000843,BNK0994258,2025-10-21
844,486,Beneficiary Menon 844,HDFC Bank,BA2000000844,BNK0777713,2026-03-20
845,323,Beneficiary Gupta 845,SBI,BA2000000845,BNK0355170,2026-01-06
846,437,Beneficiary Sharma 846,Kotak Bank,BA2000000846,BNK0161940,2025-12-20
847,544,Beneficiary Krishnan 847,Kotak Bank,BA2000000847,BNK0936345,2025-02-21
848,877,Beneficiary Shah 848,Canara Bank,BA2000000848,BNK0228992,2025-01-22
849,291,Beneficiary Krishnan 849,SBI,BA2000000849,BNK0242217,2025-06-03
850,218,Beneficiary Bose 850,HDFC Bank,BA2000000850,BNK0519913,2025-02-05
851,928,Beneficiary Krishnan 851,Canara Bank,BA2000000851,BNK0933696,2026-02-07
852,544,Beneficiary Verma 852,HDFC Bank,BA2000000852,BNK0497530,2026-01-23
853,412,Beneficiary Patel 853,Axis Bank,BA2000000853,BNK0182696,2025-04-22
854,707,Beneficiary Gupta 854,Kotak Bank,BA2000000854,BNK0855629,2025-11-03
855,411,Beneficiary Naidu 855,HDFC Bank,BA2000000855,BNK0319137,2025-06-30
856,248,Beneficiary Balan 856,SBI,BA2000000856,BNK0838527,2025-01-04
857,642,Beneficiary Krishnan 857,Kotak Bank,BA2000000857,BNK0437386,2026-05-15
858,895,Beneficiary Pillai 858,SBI,BA2000000858,BNK0484531,2025-11-21
859,979,Beneficiary Menon 859,Axis Bank,BA2000000859,BNK0797994,2025-05-07
860,89,Beneficiary Krishnan 860,Axis Bank,BA2000000860,BNK0960263,2025-07-12
861,246,Beneficiary Naidu 861,Axis Bank,BA2000000861,BNK0695695,2025-04-06
862,366,Beneficiary Gupta 862,SBI,BA2000000862,BNK0206180,2025-07-14
863,298,Beneficiary Singh 863,Axis Bank,BA2000000863,BNK0811818,2025-11-11
864,44,Beneficiary Patel 864,Kotak Bank,BA2000000864,BNK0351641,2025-08-30
865,498,Beneficiary Nair 865,Axis Bank,BA2000000865,BNK0129541,2026-03-14
866,163,Beneficiary Mishra 866,Kotak Bank,BA2000000866,BNK0542314,2026-01-28
867,666,Beneficiary Joshi 867,Axis Bank,BA2000000867,BNK0104913,2025-06-25
868,937,Beneficiary Singh 868,ICICI Bank,BA2000000868,BNK0285691,2025-09-24
869,85,Beneficiary Joshi 869,ICICI Bank,BA2000000869,BNK0368880,2025-02-05
870,837,Beneficiary Pillai 870,SBI,BA2000000870,BNK0136660,2026-04-03
871,108,Beneficiary Balan 871,Canara Bank,BA2000000871,BNK0584260,2026-05-06
872,972,Beneficiary Krishnan 872,Canara Bank,BA2000000872,BNK0314683,2025-06-21
873,549,Beneficiary Menon 873,Axis Bank,BA2000000873,BNK0968467,2025-05-16
874,44,Beneficiary Gupta 874,SBI,BA2000000874,BNK0139293,2025-04-07
875,686,Beneficiary Mishra 875,Kotak Bank,BA2000000875,BNK0101281,2025-03-11
876,503,Beneficiary Rao 876,SBI,BA2000000876,BNK0376885,2025-03-15
877,499,Beneficiary Pillai 877,HDFC Bank,BA2000000877,BNK0542730,2025-03-10
878,957,Beneficiary Shah 878,SBI,BA2000000878,BNK0376087,2025-11-21
879,266,Beneficiary Das 879,Axis Bank,BA2000000879,BNK0221696,2025-09-28
880,774,Beneficiary Naidu 880,HDFC Bank,BA2000000880,BNK0720733,2025-06-12
881,814,Beneficiary Rao 881,SBI,BA2000000881,BNK0703292,2025-07-30
882,589,Beneficiary Sharma 882,Axis Bank,BA2000000882,BNK0619356,2025-07-25
883,267,Beneficiary Balan 883,Canara Bank,BA2000000883,BNK0825672,2026-04-16
884,4,Beneficiary Naidu 884,HDFC Bank,BA2000000884,BNK0281543,2025-09-16
885,550,Beneficiary Das 885,Kotak Bank,BA2000000885,BNK0633879,2025-08-21
886,784,Beneficiary Das 886,ICICI Bank,BA2000000886,BNK0891044,2026-05-07
887,360,Beneficiary Reddy 887,Canara Bank,BA2000000887,BNK0348648,2026-03-02
888,852,Beneficiary Krishnan 888,Kotak Bank,BA2000000888,BNK0884981,2026-04-03
889,465,Beneficiary Patel 889,Axis Bank,BA2000000889,BNK0229274,2025-08-21
890,273,Beneficiary Rao 890,SBI,BA2000000890,BNK0772979,2026-05-11
891,436,Beneficiary Mishra 891,Kotak Bank,BA2000000891,BNK0225638,2026-02-08
892,109,Beneficiary Joshi 892,ICICI Bank,BA2000000892,BNK0913338,2026-01-05
893,785,Beneficiary Sharma 893,HDFC Bank,BA2000000893,BNK0419885,2026-04-30
894,214,Beneficiary Naidu 894,Kotak Bank,BA2000000894,BNK0896924,2025-09-25
895,923,Beneficiary Iyer 895,Kotak Bank,BA2000000895,BNK0617385,2025-04-16
896,562,Beneficiary Verma 896,Axis Bank,BA2000000896,BNK0783566,2026-01-18
897,368,Beneficiary Shah 897,HDFC Bank,BA2000000897,BNK0867870,2025-04-30
898,220,Beneficiary Joshi 898,ICICI Bank,BA2000000898,BNK0897946,2025-09-01
899,461,Beneficiary Kumar 899,ICICI Bank,BA2000000899,BNK0198873,2025-04-30
900,735,Beneficiary Kumar 900,Kotak Bank,BA2000000900,BNK0113061,2025-11-15
901,936,Beneficiary Reddy 901,ICICI Bank,BA2000000901,BNK0302376,2025-09-20
902,846,Beneficiary Pillai 902,SBI,BA2000000902,BNK0295338,2025-10-07
903,131,Beneficiary Joshi 903,HDFC Bank,BA2000000903,BNK0465618,2025-05-16
904,807,Beneficiary Nair 904,SBI,BA2000000904,BNK0374691,2025-02-04
905,671,Beneficiary Nair 905,HDFC Bank,BA2000000905,BNK0189121,2025-11-09
906,36,Beneficiary Gupta 906,Axis Bank,BA2000000906,BNK0584258,2025-03-10
907,8,Beneficiary Das 907,ICICI Bank,BA2000000907,BNK0169504,2025-01-11
908,58,Beneficiary Verma 908,Canara Bank,BA2000000908,BNK0720301,2026-03-06
909,722,Beneficiary Das 909,SBI,BA2000000909,BNK0692472,2025-04-21
910,164,Beneficiary Das 910,ICICI Bank,BA2000000910,BNK0918710,2025-05-03
911,861,Beneficiary Mishra 911,Canara Bank,BA2000000911,BNK0178940,2025-01-31
912,637,Beneficiary Verma 912,Canara Bank,BA2000000912,BNK0746054,2025-06-08
913,102,Beneficiary Patel 913,HDFC Bank,BA2000000913,BNK0887116,2025-05-22
914,558,Beneficiary Bose 914,SBI,BA2000000914,BNK0715914,2026-01-09
915,754,Beneficiary Mishra 915,Axis Bank,BA2000000915,BNK0258359,2026-01-17
916,400,Beneficiary Das 916,Kotak Bank,BA2000000916,BNK0526638,2025-04-15
917,188,Beneficiary Nair 917,ICICI Bank,BA2000000917,BNK0181923,2025-09-11
918,863,Beneficiary Menon 918,HDFC Bank,BA2000000918,BNK0294534,2025-05-29
919,15,Beneficiary Das 919,Canara Bank,BA2000000919,BNK0777051,2025-12-11
920,220,Beneficiary Nair 920,Axis Bank,BA2000000920,BNK0204520,2025-02-25
921,547,Beneficiary Balan 921,SBI,BA2000000921,BNK0137167,2025-04-09
922,313,Beneficiary Joshi 922,Kotak Bank,BA2000000922,BNK0552587,2025-02-20
923,705,Beneficiary Joshi 923,HDFC Bank,BA2000000923,BNK0152701,2025-09-01
924,13,Beneficiary Patel 924,Kotak Bank,BA2000000924,BNK0518755,2025-08-18
925,712,Beneficiary Nair 925,SBI,BA2000000925,BNK0258803,2026-02-03
926,36,Beneficiary Sharma 926,Kotak Bank,BA2000000926,BNK0451504,2026-02-04
927,812,Beneficiary Singh 927,Axis Bank,BA2000000927,BNK0941574,2025-08-01
928,739,Beneficiary Patel 928,SBI,BA2000000928,BNK0698989,2025-07-04
929,202,Beneficiary Pillai 929,Kotak Bank,BA2000000929,BNK0711731,2025-01-16
930,11,Beneficiary Krishnan 930,Axis Bank,BA2000000930,BNK0598908,2025-11-06
931,321,Beneficiary Kumar 931,SBI,BA2000000931,BNK0200432,2025-09-11
932,250,Beneficiary Patel 932,ICICI Bank,BA2000000932,BNK0936702,2025-10-16
933,989,Beneficiary Kumar 933,SBI,BA2000000933,BNK0937319,2025-08-25
934,222,Beneficiary Balan 934,Axis Bank,BA2000000934,BNK0193821,2025-04-08
935,771,Beneficiary Sharma 935,Canara Bank,BA2000000935,BNK0573401,2025-03-29
936,165,Beneficiary Iyer 936,SBI,BA2000000936,BNK0314112,2025-10-04
937,833,Beneficiary Joshi 937,Kotak Bank,BA2000000937,BNK0143260,2026-01-16
938,522,Beneficiary Verma 938,SBI,BA2000000938,BNK0786907,2025-07-19
939,508,Beneficiary Patel 939,HDFC Bank,BA2000000939,BNK0225777,2025-01-13
940,824,Beneficiary Das 940,ICICI Bank,BA2000000940,BNK0844431,2026-02-01
941,287,Beneficiary Pillai 941,SBI,BA2000000941,BNK0620070,2025-02-26
942,584,Beneficiary Nair 942,Kotak Bank,BA2000000942,BNK0946980,2026-05-09
943,71,Beneficiary Verma 943,SBI,BA2000000943,BNK0576879,2025-05-12
944,314,Beneficiary Singh 944,Axis Bank,BA2000000944,BNK0156406,2026-05-16
945,149,Beneficiary Singh 945,ICICI Bank,BA2000000945,BNK0407375,2026-03-15
946,806,Beneficiary Patel 946,HDFC Bank,BA2000000946,BNK0478059,2025-03-15
947,96,Beneficiary Joshi 947,SBI,BA2000000947,BNK0251069,2025-06-25
948,186,Beneficiary Rao 948,Kotak Bank,BA2000000948,BNK0382987,2026-01-22
949,85,Beneficiary Patel 949,Canara Bank,BA2000000949,BNK0796588,2026-01-09
950,18,Beneficiary Naidu 950,ICICI Bank,BA2000000950,BNK0419911,2026-01-15
951,844,Beneficiary Bose 951,Axis Bank,BA2000000951,BNK0289052,2025-07-12
952,632,Beneficiary Kumar 952,HDFC Bank,BA2000000952,BNK0807162,2025-04-04
953,431,Beneficiary Gupta 953,ICICI Bank,BA2000000953,BNK0198957,2025-04-26
954,946,Beneficiary Patel 954,Axis Bank,BA2000000954,BNK0528841,2025-02-10
955,668,Beneficiary Bose 955,Kotak Bank,BA2000000955,BNK0958092,2025-06-03
956,738,Beneficiary Mishra 956,SBI,BA2000000956,BNK0810019,2025-03-10
957,277,Beneficiary Gupta 957,Canara Bank,BA2000000957,BNK0476533,2025-10-27
958,554,Beneficiary Gupta 958,SBI,BA2000000958,BNK0500833,2025-01-19
959,135,Beneficiary Reddy 959,SBI,BA2000000959,BNK0702902,2025-12-08
960,114,Beneficiary Krishnan 960,Kotak Bank,BA2000000960,BNK0709686,2026-04-18
961,862,Beneficiary Iyer 961,HDFC Bank,BA2000000961,BNK0944547,2025-08-09
962,554,Beneficiary Joshi 962,Canara Bank,BA2000000962,BNK0399405,2026-01-11
963,622,Beneficiary Mishra 963,Axis Bank,BA2000000963,BNK0367700,2025-09-03
964,570,Beneficiary Pillai 964,Kotak Bank,BA2000000964,BNK0807227,2025-08-04
965,130,Beneficiary Rao 965,Axis Bank,BA2000000965,BNK0497797,2025-01-31
966,930,Beneficiary Kumar 966,Kotak Bank,BA2000000966,BNK0651046,2025-05-18
967,320,Beneficiary Bose 967,ICICI Bank,BA2000000967,BNK0124783,2025-09-19
968,768,Beneficiary Singh 968,Axis Bank,BA2000000968,BNK0960738,2025-12-03
969,571,Beneficiary Iyer 969,Kotak Bank,BA2000000969,BNK0214856,2025-10-20
970,34,Beneficiary Verma 970,ICICI Bank,BA2000000970,BNK0749814,2026-03-10
971,581,Beneficiary Patel 971,SBI,BA2000000971,BNK0558419,2025-06-03
972,45,Beneficiary Sharma 972,Axis Bank,BA2000000972,BNK0699031,2026-01-13
973,744,Beneficiary Shah 973,HDFC Bank,BA2000000973,BNK0512130,2025-11-08
974,986,Beneficiary Patel 974,HDFC Bank,BA2000000974,BNK0923575,2025-06-16
975,236,Beneficiary Das 975,Kotak Bank,BA2000000975,BNK0382083,2025-09-19
976,448,Beneficiary Das 976,Axis Bank,BA2000000976,BNK0140970,2025-09-16
977,162,Beneficiary Reddy 977,HDFC Bank,BA2000000977,BNK0701970,2026-05-10
978,541,Beneficiary Pillai 978,ICICI Bank,BA2000000978,BNK0387646,2025-08-10
979,192,Beneficiary Patel 979,Canara Bank,BA2000000979,BNK0997248,2025-01-05
980,173,Beneficiary Iyer 980,HDFC Bank,BA2000000980,BNK0308983,2026-01-16
981,745,Beneficiary Verma 981,Canara Bank,BA2000000981,BNK0878613,2025-03-17
982,888,Beneficiary Kumar 982,ICICI Bank,BA2000000982,BNK0444827,2025-01-01
983,900,Beneficiary Rao 983,HDFC Bank,BA2000000983,BNK0102074,2025-02-01
984,22,Beneficiary Kumar 984,Kotak Bank,BA2000000984,BNK0644207,2025-07-12
985,255,Beneficiary Menon 985,Canara Bank,BA2000000985,BNK0849015,2025-07-26
986,465,Beneficiary Singh 986,Kotak Bank,BA2000000986,BNK0216632,2025-11-10
987,5,Beneficiary Kumar 987,Kotak Bank,BA2000000987,BNK0646404,2025-10-20
988,787,Beneficiary Naidu 988,SBI,BA2000000988,BNK0227211,2025-05-10
989,122,Beneficiary Joshi 989,SBI,BA2000000989,BNK0124266,2025-10-24
990,978,Beneficiary Iyer 990,Axis Bank,BA2000000990,BNK0695294,2026-01-21
991,760,Beneficiary Patel 991,HDFC Bank,BA2000000991,BNK0245609,2025-12-17
992,507,Beneficiary Rao 992,Axis Bank,BA2000000992,BNK0878215,2026-03-02
993,596,Beneficiary Mishra 993,Kotak Bank,BA2000000993,BNK0862058,2025-08-24
994,758,Beneficiary Balan 994,SBI,BA2000000994,BNK0507062,2025-01-05
995,555,Beneficiary Krishnan 995,ICICI Bank,BA2000000995,BNK0669719,2026-03-08
996,974,Beneficiary Iyer 996,Kotak Bank,BA2000000996,BNK0545914,2025-09-03
997,265,Beneficiary Joshi 997,HDFC Bank,BA2000000997,BNK0142604,2025-01-26
998,24,Beneficiary Balan 998,Kotak Bank,BA2000000998,BNK0640069,2025-05-22
999,701,Beneficiary Singh 999,HDFC Bank,BA2000000999,BNK0555671,2025-03-02
1000,912,Beneficiary Reddy 1000,Canara Bank,BA2000001000,BNK0975595,2025-05-06
