branch_id,branch_code,branch_name,city,state,branch_type
1,BR0001,Coimbatore Branch 1,Chennai,Karnataka,Metro
2,BR0002,Chennai Branch 2,Hyderabad,Tamil Nadu,Rural
3,BR0003,Hyderabad Branch 3,Coimbatore,Tamil Nadu,Rural
4,BR0004,Kochi Branch 4,Madurai,Delhi,Semi-Urban
5,BR0005,Chennai Branch 5,Pune,Karnataka,Urban
6,BR0006,Chennai Branch 6,Hyderabad,Kerala,Rural
7,BR0007,Coimbatore Branch 7,Kochi,Kerala,Urban
8,BR0008,Pune Branch 8,Madurai,Kerala,Rural
9,BR0009,Pune Branch 9,Chennai,Delhi,Semi-Urban
10,BR0010,Madurai Branch 10,Chennai,Kerala,Urban
11,BR0011,Mumbai Branch 11,Coimbatore,Karnataka,Urban
12,BR0012,Coimbatore Branch 12,Hyderabad,Delhi,Rural
13,BR0013,Hyderabad Branch 13,Hyderabad,Delhi,Metro
14,BR0014,Salem Branch 14,Bengaluru,Delhi,Rural
15,BR0015,Coimbatore Branch 15,Salem,Telangana,Rural
16,BR0016,Delhi Branch 16,Coimbatore,Karnataka,Metro
17,BR0017,Madurai Branch 17,Delhi,Delhi,Semi-Urban
18,BR0018,Bengaluru Branch 18,Madurai,Delhi,Rural
19,BR0019,Pune Branch 19,Pune,Delhi,Semi-Urban
20,BR0020,Pune Branch 20,Delhi,Kerala,Rural
21,BR0021,Pune Branch 21,Salem,Karnataka,Metro
22,BR0022,Delhi Branch 22,Madurai,Kerala,Semi-Urban
23,BR0023,Pune Branch 23,Kochi,Maharashtra,Rural
24,BR0024,Chennai Branch 24,Chennai,Telangana,Urban
25,BR0025,Madurai Branch 25,Bengaluru,Telangana,Urban
26,BR0026,Mumbai Branch 26,Hyderabad,Karnataka,Semi-Urban
27,BR0027,Chennai Branch 27,Mumbai,Delhi,Metro
28,BR0028,Coimbatore Branch 28,Chennai,Maharashtra,Semi-Urban
29,BR0029,Bengaluru Branch 29,Bengaluru,Telangana,Semi-Urban
30,BR0030,Salem Branch 30,Hyderabad,Karnataka,Semi-Urban
31,BR0031,Mumbai Branch 31,Coimbatore,Delhi,Rural
32,BR0032,Salem Branch 32,Hyderabad,Kerala,Urban
33,BR0033,Pune Branch 33,Kochi,Karnataka,Rural
34,BR0034,Salem Branch 34,Coimbatore,Delhi,Semi-Urban
35,BR0035,Chennai Branch 35,Salem,Maharashtra,Urban
36,BR0036,Chennai Branch 36,Pune,Telangana,Rural
37,BR0037,Delhi Branch 37,Coimbatore,Karnataka,Urban
38,BR0038,Delhi Branch 38,Chennai,Telangana,Urban
39,BR0039,Pune Branch 39,Madurai,Delhi,Metro
40,BR0040,Pune Branch 40,Madurai,Kerala,Metro
41,BR0041,Bengaluru Branch 41,Chennai,Kerala,Rural
42,BR0042,Kochi Branch 42,Salem,Delhi,Urban
43,BR0043,Hyderabad Branch 43,Delhi,Telangana,Rural
44,BR0044,Bengaluru Branch 44,Bengaluru,Telangana,Urban
45,BR0045,Kochi Branch 45,Salem,Kerala,Urban
46,BR0046,Madurai Branch 46,Delhi,Telangana,Urban
47,BR0047,Delhi Branch 47,Madurai,Maharashtra,Metro
48,BR0048,Bengaluru Branch 48,Kochi,Delhi,Metro
49,BR0049,Kochi Branch 49,Delhi,Kerala,Metro
50,BR0050,Madurai Branch 50,Salem,Kerala,Metro
51,BR0051,Hyderabad Branch 51,Coimbatore,Telangana,Rural
52,BR0052,Pune Branch 52,Salem,Tamil Nadu,Urban
53,BR0053,Delhi Branch 53,Delhi,Telangana,Semi-Urban
54,BR0054,Hyderabad Branch 54,Pune,Telangana,Urban
55,BR0055,Mumbai Branch 55,Bengaluru,Telangana,Rural
56,BR0056,Salem Branch 56,Bengaluru,Maharashtra,Urban
57,BR0057,Hyderabad Branch 57,Hyderabad,Kerala,Semi-Urban
58,BR0058,Bengaluru Branch 58,Coimbatore,Tamil Nadu,Urban
59,BR0059,Hyderabad Branch 59,Salem,Karnataka,Semi-Urban
60,BR0060,Chennai Branch 60,Pune,Kerala,Urban
61,BR0061,Mumbai Branch 61,Kochi,Maharashtra,Urban
62,BR0062,Pune Branch 62,Hyderabad,Kerala,Metro
63,BR0063,Hyderabad Branch 63,Madurai,Delhi,Semi-Urban
64,BR0064,Madurai Branch 64,Kochi,Delhi,Metro
65,BR0065,Chennai Branch 65,Delhi,Delhi,Urban
66,BR0066,Mumbai Branch 66,Bengaluru,Tamil Nadu,Semi-Urban
67,BR0067,Hyderabad Branch 67,Salem,Telangana,Urban
68,BR0068,Kochi Branch 68,Chennai,Tamil Nadu,Rural
69,BR0069,Mumbai Branch 69,Pune,Tamil Nadu,Urban
70,BR0070,Mumbai Branch 70,Delhi,Karnataka,Rural
71,BR0071,Madurai Branch 71,Coimbatore,Telangana,Rural
72,BR0072,Salem Branch 72,Madurai,Tamil Nadu,Metro
73,BR0073,Hyderabad Branch 73,Madurai,Maharashtra,Urban
74,BR0074,Chennai Branch 74,Hyderabad,Delhi,Semi-Urban
75,BR0075,Pune Branch 75,Kochi,Maharashtra,Metro
76,BR0076,Chennai Branch 76,Pune,Kerala,Semi-Urban
77,BR0077,Pune Branch 77,Mumbai,Karnataka,Semi-Urban
78,BR0078,Chennai Branch 78,Mumbai,Maharashtra,Urban
79,BR0079,Madurai Branch 79,Mumbai,Karnataka,Metro
80,BR0080,Pune Branch 80,Delhi,Kerala,Metro
81,BR0081,Coimbatore Branch 81,Delhi,Delhi,Metro
82,BR0082,Delhi Branch 82,Hyderabad,Delhi,Metro
83,BR0083,Delhi Branch 83,Mumbai,Delhi,Semi-Urban
84,BR0084,Kochi Branch 84,Madurai,Karnataka,Metro
85,BR0085,Bengaluru Branch 85,Salem,Delhi,Metro
86,BR0086,Bengaluru Branch 86,Mumbai,Kerala,Metro
87,BR0087,Delhi Branch 87,Bengaluru,Kerala,Metro
88,BR0088,Pune Branch 88,Coimbatore,Delhi,Urban
89,BR0089,Bengaluru Branch 89,Pune,Karnataka,Urban
90,BR0090,Pune Branch 90,Delhi,Maharashtra,Semi-Urban
91,BR0091,Kochi Branch 91,Mumbai,Karnataka,Metro
92,BR0092,Coimbatore Branch 92,Bengaluru,Karnataka,Urban
93,BR0093,Salem Branch 93,Salem,Telangana,Metro
94,BR0094,Salem Branch 94,Hyderabad,Karnataka,Urban
95,BR0095,Pune Branch 95,Coimbatore,Kerala,Rural
96,BR0096,Bengaluru Branch 96,Madurai,Delhi,Rural
97,BR0097,Pune Branch 97,Bengaluru,Maharashtra,Rural
98,BR0098,Kochi Branch 98,Bengaluru,Karnataka,Metro
99,BR0099,Hyderabad Branch 99,Chennai,Maharashtra,Urban
100,BR0100,Mumbai Branch 100,Delhi,Karnataka,Metro
101,BR0101,Hyderabad Branch 101,Coimbatore,Karnataka,Rural
102,BR0102,Salem Branch 102,Kochi,Kerala,Semi-Urban
103,BR0103,Kochi Branch 103,Hyderabad,Maharashtra,Rural
104,BR0104,Chennai Branch 104,Salem,Kerala,Rural
105,BR0105,Pune Branch 105,Delhi,Delhi,Urban
106,BR0106,Madurai Branch 106,Coimbatore,Maharashtra,Rural
107,BR0107,Chennai Branch 107,Hyderabad,Delhi,Rural
108,BR0108,Chennai Branch 108,Madurai,Maharashtra,Urban
109,BR0109,Hyderabad Branch 109,Mumbai,Maharashtra,Rural
110,BR0110,Mumbai Branch 110,Mumbai,Maharashtra,Metro
111,BR0111,Delhi Branch 111,Mumbai,Delhi,Urban
112,BR0112,Madurai Branch 112,Bengaluru,Maharashtra,Rural
113,BR0113,Coimbatore Branch 113,Madurai,Tamil Nadu,Metro
114,BR0114,Salem Branch 114,Madurai,Karnataka,Rural
115,BR0115,Delhi Branch 115,Pune,Maharashtra,Urban
116,BR0116,Bengaluru Branch 116,Kochi,Delhi,Metro
117,BR0117,Kochi Branch 117,Coimbatore,Telangana,Semi-Urban
118,BR0118,Bengaluru Branch 118,Coimbatore,Tamil Nadu,Urban
119,BR0119,Kochi Branch 119,Pune,Tamil Nadu,Rural
120,BR0120,Madurai Branch 120,Salem,Karnataka,Rural
121,BR0121,Madurai Branch 121,Delhi,Tamil Nadu,Metro
122,BR0122,Pune Branch 122,Salem,Kerala,Metro
123,BR0123,Bengaluru Branch 123,Bengaluru,Karnataka,Urban
124,BR0124,Delhi Branch 124,Mumbai,Telangana,Rural
125,BR0125,Mumbai Branch 125,Bengaluru,Tamil Nadu,Metro
126,BR0126,Hyderabad Branch 126,Chennai,Delhi,Semi-Urban
127,BR0127,Chennai Branch 127,Kochi,Maharashtra,Rural
128,BR0128,Madurai Branch 128,Chennai,Delhi,Rural
129,BR0129,Hyderabad Branch 129,Hyderabad,Delhi,Rural
130,BR0130,Kochi Branch 130,Delhi,Maharashtra,Urban
131,BR0131,Salem Branch 131,Salem,Tamil Nadu,Metro
132,BR0132,Madurai Branch 132,Mumbai,Delhi,Metro
133,BR0133,Chennai Branch 133,Bengaluru,Karnataka,Urban
134,BR0134,Pune Branch 134,Chennai,Karnataka,Urban
135,BR0135,Salem Branch 135,Salem,Telangana,Semi-Urban
136,BR0136,Coimbatore Branch 136,Chennai,Tamil Nadu,Rural
137,BR0137,Bengaluru Branch 137,Bengaluru,Kerala,Semi-Urban
138,BR0138,Salem Branch 138,Salem,Delhi,Metro
139,BR0139,Kochi Branch 139,Salem,Telangana,Urban
140,BR0140,Coimbatore Branch 140,Mumbai,Telangana,Semi-Urban
141,BR0141,Delhi Branch 141,Coimbatore,Maharashtra,Urban
142,BR0142,Mumbai Branch 142,Kochi,Karnataka,Urban
143,BR0143,Mumbai Branch 143,Pune,Delhi,Rural
144,BR0144,Madurai Branch 144,Hyderabad,Kerala,Metro
145,BR0145,Salem Branch 145,Chennai,Tamil Nadu,Urban
146,BR0146,Kochi Branch 146,Salem,Kerala,Semi-Urban
147,BR0147,Delhi Branch 147,Salem,Telangana,Semi-Urban
148,BR0148,Madurai Branch 148,Salem,Delhi,Semi-Urban
149,BR0149,Bengaluru Branch 149,Salem,Delhi,Rural
150,BR0150,Madurai Branch 150,Kochi,Maharashtra,Metro
151,BR0151,Salem Branch 151,Hyderabad,Kerala,Semi-Urban
152,BR0152,Hyderabad Branch 152,Chennai,Tamil Nadu,Urban
153,BR0153,Kochi Branch 153,Coimbatore,Kerala,Metro
154,BR0154,Salem Branch 154,Delhi,Maharashtra,Urban
155,BR0155,Pune Branch 155,Pune,Delhi,Metro
156,BR0156,Chennai Branch 156,Hyderabad,Kerala,Semi-Urban
157,BR0157,Mumbai Branch 157,Coimbatore,Telangana,Semi-Urban
158,BR0158,Madurai Branch 158,Madurai,Telangana,Urban
159,BR0159,Coimbatore Branch 159,Pune,Telangana,Rural
160,BR0160,Salem Branch 160,Salem,Tamil Nadu,Metro
161,BR0161,Hyderabad Branch 161,Pune,Telangana,Rural
162,BR0162,Kochi Branch 162,Chennai,Kerala,Metro
163,BR0163,Kochi Branch 163,Bengaluru,Kerala,Rural
164,BR0164,Madurai Branch 164,Pune,Maharashtra,Rural
165,BR0165,Chennai Branch 165,Madurai,Telangana,Semi-Urban
166,BR0166,Madurai Branch 166,Madurai,Tamil Nadu,Metro
167,BR0167,Salem Branch 167,Pune,Telangana,Urban
168,BR0168,Bengaluru Branch 168,Mumbai,Tamil Nadu,Semi-Urban
169,BR0169,Delhi Branch 169,Madurai,Karnataka,Rural
170,BR0170,Bengaluru Branch 170,Salem,Tamil Nadu,Semi-Urban
171,BR0171,Pune Branch 171,Chennai,Telangana,Rural
172,BR0172,Coimbatore Branch 172,Kochi,Karnataka,Semi-Urban
173,BR0173,Kochi Branch 173,Mumbai,Karnataka,Semi-Urban
174,BR0174,Bengaluru Branch 174,Coimbatore,Telangana,Urban
175,BR0175,Hyderabad Branch 175,Coimbatore,Maharashtra,Urban
176,BR0176,Kochi Branch 176,Madurai,Karnataka,Metro
177,BR0177,Pune Branch 177,Kochi,Kerala,Semi-Urban
178,BR0178,Pune Branch 178,Bengaluru,Tamil Nadu,Metro
179,BR0179,Hyderabad Branch 179,Chennai,Maharashtra,Rural
180,BR0180,Madurai Branch 180,Coimbatore,Tamil Nadu,Semi-Urban
181,BR0181,Chennai Branch 181,Salem,Tamil Nadu,Semi-Urban
182,BR0182,Kochi Branch 182,Chennai,Tamil Nadu,Semi-Urban
183,BR0183,Chennai Branch 183,Salem,Telangana,Metro
184,BR0184,Pune Branch 184,Hyderabad,Karnataka,Semi-Urban
185,BR0185,Mumbai Branch 185,Madurai,Telangana,Rural
186,BR0186,Coimbatore Branch 186,Mumbai,Karnataka,Metro
187,BR0187,Mumbai Branch 187,Coimbatore,Tamil Nadu,Urban
188,BR0188,Hyderabad Branch 188,Madurai,Telangana,Semi-Urban
189,BR0189,Mumbai Branch 189,Bengaluru,Kerala,Semi-Urban
190,BR0190,Salem Branch 190,Hyderabad,Karnataka,Urban
191,BR0191,Mumbai Branch 191,Salem,Telangana,Rural
192,BR0192,Chennai Branch 192,Bengaluru,Tamil Nadu,Rural
193,BR0193,Chennai Branch 193,Coimbatore,Maharashtra,Urban
194,BR0194,Coimbatore Branch 194,Delhi,Maharashtra,Metro
195,BR0195,Salem Branch 195,Salem,Kerala,Rural
196,BR0196,Salem Branch 196,Pune,Telangana,Semi-Urban
197,BR0197,Hyderabad Branch 197,Madurai,Tamil Nadu,Rural
198,BR0198,Salem Branch 198,Bengaluru,Tamil Nadu,Rural
199,BR0199,Coimbatore Branch 199,Kochi,Telangana,Rural
200,BR0200,Kochi Branch 200,Hyderabad,Karnataka,Metro
201,BR0201,Salem Branch 201,Mumbai,Telangana,Rural
202,BR0202,Bengaluru Branch 202,Pune,Telangana,Rural
203,BR0203,Kochi Branch 203,Chennai,Tamil Nadu,Rural
204,BR0204,Coimbatore Branch 204,Pune,Maharashtra,Rural
205,BR0205,Bengaluru Branch 205,Mumbai,Telangana,Metro
206,BR0206,Madurai Branch 206,Coimbatore,Maharashtra,Urban
207,BR0207,Pune Branch 207,Madurai,Kerala,Urban
208,BR0208,Mumbai Branch 208,Madurai,Maharashtra,Rural
209,BR0209,Salem Branch 209,Delhi,Karnataka,Metro
210,BR0210,Madurai Branch 210,Bengaluru,Maharashtra,Rural
211,BR0211,Coimbatore Branch 211,Pune,Karnataka,Rural
212,BR0212,Delhi Branch 212,Salem,Telangana,Metro
213,BR0213,Bengaluru Branch 213,Coimbatore,Kerala,Rural
214,BR0214,Coimbatore Branch 214,Salem,Delhi,Rural
215,BR0215,Pune Branch 215,Madurai,Tamil Nadu,Rural
216,BR0216,Bengaluru Branch 216,Mumbai,Maharashtra,Urban
217,BR0217,Salem Branch 217,Coimbatore,Kerala,Rural
218,BR0218,Pune Branch 218,Kochi,Kerala,Urban
219,BR0219,Coimbatore Branch 219,Hyderabad,Karnataka,Urban
220,BR0220,Bengaluru Branch 220,Bengaluru,Maharashtra,Semi-Urban
221,BR0221,Delhi Branch 221,Salem,Delhi,Rural
222,BR0222,Hyderabad Branch 222,Hyderabad,Kerala,Semi-Urban
223,BR0223,Mumbai Branch 223,Salem,Kerala,Semi-Urban
224,BR0224,Delhi Branch 224,Pune,Tamil Nadu,Urban
225,BR0225,Salem Branch 225,Madurai,Maharashtra,Metro
226,BR0226,Mumbai Branch 226,Chennai,Telangana,Urban
227,BR0227,Chennai Branch 227,Madurai,Telangana,Urban
228,BR0228,Mumbai Branch 228,Chennai,Karnataka,Rural
229,BR0229,Salem Branch 229,Delhi,Kerala,Semi-Urban
230,BR0230,Delhi Branch 230,Delhi,Maharashtra,Rural
231,BR0231,Madurai Branch 231,Hyderabad,Kerala,Metro
232,BR0232,Kochi Branch 232,Bengaluru,Karnataka,Rural
233,BR0233,Pune Branch 233,Delhi,Karnataka,Semi-Urban
234,BR0234,Bengaluru Branch 234,Bengaluru,Tamil Nadu,Urban
235,BR0235,Chennai Branch 235,Bengaluru,Kerala,Rural
236,BR0236,Delhi Branch 236,Bengaluru,Tamil Nadu,Metro
237,BR0237,Delhi Branch 237,Kochi,Kerala,Rural
238,BR0238,Salem Branch 238,Bengaluru,Maharashtra,Rural
239,BR0239,Madurai Branch 239,Kochi,Maharashtra,Semi-Urban
240,BR0240,Hyderabad Branch 240,Bengaluru,Maharashtra,Urban
241,BR0241,Salem Branch 241,Kochi,Kerala,Metro
242,BR0242,Madurai Branch 242,Mumbai,Maharashtra,Semi-Urban
243,BR0243,Chennai Branch 243,Chennai,Delhi,Rural
244,BR0244,Pune Branch 244,Coimbatore,Delhi,Rural
245,BR0245,Coimbatore Branch 245,Bengaluru,Kerala,Semi-Urban
246,BR0246,Kochi Branch 246,Madurai,Tamil Nadu,Urban
247,BR0247,Hyderabad Branch 247,Kochi,Kerala,Urban
248,BR0248,Madurai Branch 248,Salem,Telangana,Urban
249,BR0249,Pune Branch 249,Madurai,Tamil Nadu,Rural
250,BR0250,Kochi Branch 250,Madurai,Maharashtra,Semi-Urban
251,BR0251,Delhi Branch 251,Pune,Telangana,Semi-Urban
252,BR0252,Bengaluru Branch 252,Chennai,Kerala,Semi-Urban
253,BR0253,Salem Branch 253,Mumbai,Tamil Nadu,Rural
254,BR0254,Salem Branch 254,Bengaluru,Delhi,Urban
255,BR0255,Mumbai Branch 255,Salem,Tamil Nadu,Semi-Urban
256,BR0256,Kochi Branch 256,Coimbatore,Karnataka,Urban
257,BR0257,Mumbai Branch 257,Mumbai,Karnataka,Semi-Urban
258,BR0258,Mumbai Branch 258,Mumbai,Tamil Nadu,Urban
259,BR0259,Salem Branch 259,Bengaluru,Delhi,Metro
260,BR0260,Kochi Branch 260,Pune,Karnataka,Semi-Urban
261,BR0261,Hyderabad Branch 261,Kochi,Karnataka,Urban
262,BR0262,Pune Branch 262,Coimbatore,Karnataka,Metro
263,BR0263,Kochi Branch 263,Delhi,Maharashtra,Metro
264,BR0264,Kochi Branch 264,Bengaluru,Karnataka,Semi-Urban
265,BR0265,Chennai Branch 265,Mumbai,Tamil Nadu,Urban
266,BR0266,Bengaluru Branch 266,Kochi,Maharashtra,Rural
267,BR0267,Mumbai Branch 267,Kochi,Kerala,Metro
268,BR0268,Delhi Branch 268,Delhi,Maharashtra,Semi-Urban
269,BR0269,Bengaluru Branch 269,Madurai,Maharashtra,Urban
270,BR0270,Mumbai Branch 270,Kochi,Maharashtra,Semi-Urban
271,BR0271,Madurai Branch 271,Chennai,Tamil Nadu,Semi-Urban
272,BR0272,Delhi Branch 272,Salem,Kerala,Semi-Urban
273,BR0273,Pune Branch 273,Mumbai,Telangana,Urban
274,BR0274,Mumbai Branch 274,Salem,Maharashtra,Rural
275,BR0275,Hyderabad Branch 275,Salem,Karnataka,Semi-Urban
276,BR0276,Bengaluru Branch 276,Pune,Delhi,Urban
277,BR0277,Chennai Branch 277,Coimbatore,Tamil Nadu,Rural
278,BR0278,Coimbatore Branch 278,Madurai,Tamil Nadu,Rural
279,BR0279,Pune Branch 279,Hyderabad,Kerala,Semi-Urban
280,BR0280,Mumbai Branch 280,Hyderabad,Tamil Nadu,Urban
281,BR0281,Salem Branch 281,Coimbatore,Tamil Nadu,Metro
282,BR0282,Salem Branch 282,Coimbatore,Kerala,Urban
283,BR0283,Coimbatore Branch 283,Salem,Karnataka,Rural
284,BR0284,Salem Branch 284,Bengaluru,Tamil Nadu,Metro
285,BR0285,Mumbai Branch 285,Mumbai,Maharashtra,Urban
286,BR0286,Kochi Branch 286,Mumbai,Maharashtra,Semi-Urban
287,BR0287,Mumbai Branch 287,Bengaluru,Tamil Nadu,Semi-Urban
288,BR0288,Chennai Branch 288,Delhi,Maharashtra,Semi-Urban
289,BR0289,Chennai Branch 289,Mumbai,Telangana,Metro
290,BR0290,Kochi Branch 290,Coimbatore,Maharashtra,Metro
291,BR0291,Salem Branch 291,Delhi,Karnataka,Rural
292,BR0292,Coimbatore Branch 292,Bengaluru,Delhi,Rural
293,BR0293,Hyderabad Branch 293,Salem,Kerala,Urban
294,BR0294,Kochi Branch 294,Mumbai,Tamil Nadu,Urban
295,BR0295,Coimbatore Branch 295,Coimbatore,Delhi,Semi-Urban
296,BR0296,Kochi Branch 296,Chennai,Maharashtra,Metro
297,BR0297,Chennai Branch 297,Chennai,Kerala,Rural
298,BR0298,Mumbai Branch 298,Bengaluru,Kerala,Semi-Urban
299,BR0299,Delhi Branch 299,Salem,Tamil Nadu,Rural
300,BR0300,Kochi Branch 300,Delhi,Maharashtra,Urban
301,BR0301,Madurai Branch 301,Hyderabad,Tamil Nadu,Rural
302,BR0302,Kochi Branch 302,Coimbatore,Delhi,Semi-Urban
303,BR0303,Pune Branch 303,Mumbai,Maharashtra,Urban
304,BR0304,Coimbatore Branch 304,Pune,Delhi,Semi-Urban
305,BR0305,Coimbatore Branch 305,Kochi,Telangana,Metro
306,BR0306,Bengaluru Branch 306,Madurai,Tamil Nadu,Rural
307,BR0307,Hyderabad Branch 307,Mumbai,Kerala,Rural
308,BR0308,Coimbatore Branch 308,Pune,Maharashtra,Urban
309,BR0309,Kochi Branch 309,Hyderabad,Karnataka,Urban
310,BR0310,Hyderabad Branch 310,Chennai,Kerala,Metro
311,BR0311,Kochi Branch 311,Delhi,Tamil Nadu,Semi-Urban
312,BR0312,Kochi Branch 312,Madurai,Maharashtra,Urban
313,BR0313,Chennai Branch 313,Pune,Tamil Nadu,Semi-Urban
314,BR0314,Chennai Branch 314,Delhi,Tamil Nadu,Metro
315,BR0315,Madurai Branch 315,Kochi,Kerala,Metro
316,BR0316,Salem Branch 316,Hyderabad,Tamil Nadu,Urban
317,BR0317,Bengaluru Branch 317,Kochi,Kerala,Urban
318,BR0318,Kochi Branch 318,Salem,Tamil Nadu,Metro
319,BR0319,Bengaluru Branch 319,Chennai,Karnataka,Urban
320,BR0320,Mumbai Branch 320,Coimbatore,Maharashtra,Metro
321,BR0321,Salem Branch 321,Coimbatore,Tamil Nadu,Urban
322,BR0322,Kochi Branch 322,Salem,Delhi,Metro
323,BR0323,Coimbatore Branch 323,Hyderabad,Maharashtra,Semi-Urban
324,BR0324,Delhi Branch 324,Pune,Tamil Nadu,Metro
325,BR0325,Pune Branch 325,Hyderabad,Tamil Nadu,Metro
326,BR0326,Pune Branch 326,Coimbatore,Tamil Nadu,Semi-Urban
327,BR0327,Bengaluru Branch 327,Delhi,Karnataka,Semi-Urban
328,BR0328,Madurai Branch 328,Bengaluru,Maharashtra,Metro
329,BR0329,Salem Branch 329,Chennai,Karnataka,Urban
330,BR0330,Salem Branch 330,Delhi,Karnataka,Urban
331,BR0331,Kochi Branch 331,Coimbatore,Tamil Nadu,Urban
332,BR0332,Bengaluru Branch 332,Coimbatore,Kerala,Semi-Urban
333,BR0333,Delhi Branch 333,Kochi,Kerala,Metro
334,BR0334,Hyderabad Branch 334,Bengaluru,Kerala,Semi-Urban
335,BR0335,Madurai Branch 335,Kochi,Maharashtra,Metro
336,BR0336,Bengaluru Branch 336,Salem,Kerala,Urban
337,BR0337,Salem Branch 337,Bengaluru,Kerala,Rural
338,BR0338,Salem Branch 338,Coimbatore,Kerala,Semi-Urban
339,BR0339,Pune Branch 339,Delhi,Tamil Nadu,Metro
340,BR0340,Hyderabad Branch 340,Coimbatore,Delhi,Urban
341,BR0341,Salem Branch 341,Pune,Delhi,Metro
342,BR0342,Kochi Branch 342,Hyderabad,Telangana,Urban
343,BR0343,Hyderabad Branch 343,Coimbatore,Karnataka,Rural
344,BR0344,Kochi Branch 344,Bengaluru,Karnataka,Urban
345,BR0345,Chennai Branch 345,Pune,Telangana,Metro
346,BR0346,Delhi Branch 346,Mumbai,Telangana,Rural
347,BR0347,Chennai Branch 347,Coimbatore,Kerala,Urban
348,BR0348,Madurai Branch 348,Bengaluru,Karnataka,Urban
349,BR0349,Kochi Branch 349,Madurai,Tamil Nadu,Urban
350,BR0350,Hyderabad Branch 350,Kochi,Delhi,Semi-Urban
351,BR0351,Delhi Branch 351,Hyderabad,Kerala,Semi-Urban
352,BR0352,Hyderabad Branch 352,Coimbatore,Telangana,Metro
353,BR0353,Coimbatore Branch 353,Hyderabad,Kerala,Rural
354,BR0354,Hyderabad Branch 354,Delhi,Karnataka,Urban
355,BR0355,Kochi Branch 355,Salem,Maharashtra,Urban
356,BR0356,Delhi Branch 356,Bengaluru,Karnataka,Rural
357,BR0357,Bengaluru Branch 357,Delhi,Telangana,Metro
358,BR0358,Kochi Branch 358,Hyderabad,Kerala,Semi-Urban
359,BR0359,Mumbai Branch 359,Hyderabad,Telangana,Metro
360,BR0360,Chennai Branch 360,Salem,Tamil Nadu,Semi-Urban
361,BR0361,Bengaluru Branch 361,Coimbatore,Maharashtra,Rural
362,BR0362,Delhi Branch 362,Bengaluru,Telangana,Metro
363,BR0363,Mumbai Branch 363,Salem,Karnataka,Metro
364,BR0364,Salem Branch 364,Madurai,Karnataka,Urban
365,BR0365,Delhi Branch 365,Madurai,Maharashtra,Metro
366,BR0366,Salem Branch 366,Kochi,Maharashtra,Semi-Urban
367,BR0367,Chennai Branch 367,Delhi,Kerala,Metro
368,BR0368,Hyderabad Branch 368,Pune,Maharashtra,Metro
369,BR0369,Salem Branch 369,Bengaluru,Delhi,Urban
370,BR0370,Delhi Branch 370,Chennai,Tamil Nadu,Rural
371,BR0371,Madurai Branch 371,Chennai,Maharashtra,Rural
372,BR0372,Kochi Branch 372,Coimbatore,Maharashtra,Rural
373,BR0373,Hyderabad Branch 373,Coimbatore,Delhi,Urban
374,BR0374,Delhi Branch 374,Hyderabad,Karnataka,Semi-Urban
375,BR0375,Mumbai Branch 375,Hyderabad,Kerala,Urban
376,BR0376,Chennai Branch 376,Kochi,Kerala,Semi-Urban
377,BR0377,Bengaluru Branch 377,Kochi,Delhi,Urban
378,BR0378,Kochi Branch 378,Kochi,Karnataka,Rural
379,BR0379,Bengaluru Branch 379,Pune,Kerala,Rural
380,BR0380,Chennai Branch 380,Coimbatore,Maharashtra,Semi-Urban
381,BR0381,Madurai Branch 381,Chennai,Telangana,Rural
382,BR0382,Mumbai Branch 382,Salem,Delhi,Metro
383,BR0383,Coimbatore Branch 383,Salem,Telangana,Urban
384,BR0384,Madurai Branch 384,Pune,Tamil Nadu,Urban
385,BR0385,Delhi Branch 385,Pune,Maharashtra,Urban
386,BR0386,Pune Branch 386,Pune,Karnataka,Urban
387,BR0387,Madurai Branch 387,Hyderabad,Karnataka,Semi-Urban
388,BR0388,Hyderabad Branch 388,Madurai,Tamil Nadu,Rural
389,BR0389,Salem Branch 389,Hyderabad,Kerala,Metro
390,BR0390,Pune Branch 390,Pune,Telangana,Rural
391,BR0391,Mumbai Branch 391,Chennai,Tamil Nadu,Semi-Urban
392,BR0392,Pune Branch 392,Kochi,Maharashtra,Urban
393,BR0393,Kochi Branch 393,Madurai,Kerala,Semi-Urban
394,BR0394,Kochi Branch 394,Salem,Telangana,Urban
395,BR0395,Hyderabad Branch 395,Kochi,Tamil Nadu,Urban
396,BR0396,Delhi Branch 396,Bengaluru,Telangana,Urban
397,BR0397,Coimbatore Branch 397,Bengaluru,Telangana,Urban
398,BR0398,Bengaluru Branch 398,Kochi,Karnataka,Metro
399,BR0399,Madurai Branch 399,Chennai,Telangana,Rural
400,BR0400,Madurai Branch 400,Bengaluru,Maharashtra,Semi-Urban
401,BR0401,Delhi Branch 401,Kochi,Kerala,Urban
402,BR0402,Mumbai Branch 402,Hyderabad,Tamil Nadu,Urban
403,BR0403,Hyderabad Branch 403,Madurai,Kerala,Semi-Urban
404,BR0404,Delhi Branch 404,Salem,Telangana,Semi-Urban
405,BR0405,Kochi Branch 405,Salem,Kerala,Rural
406,BR0406,Kochi Branch 406,Mumbai,Delhi,Metro
407,BR0407,Mumbai Branch 407,Bengaluru,Telangana,Metro
408,BR0408,Kochi Branch 408,Pune,Telangana,Urban
409,BR0409,Bengaluru Branch 409,Pune,Telangana,Rural
410,BR0410,Bengaluru Branch 410,Salem,Karnataka,Semi-Urban
411,BR0411,Bengaluru Branch 411,Bengaluru,Kerala,Metro
412,BR0412,Bengaluru Branch 412,Hyderabad,Tamil Nadu,Urban
413,BR0413,Pune Branch 413,Salem,Karnataka,Rural
414,BR0414,Mumbai Branch 414,Pune,Karnataka,Metro
415,BR0415,Madurai Branch 415,Chennai,Kerala,Semi-Urban
416,BR0416,Pune Branch 416,Bengaluru,Telangana,Rural
417,BR0417,Madurai Branch 417,Bengaluru,Delhi,Semi-Urban
418,BR0418,Coimbatore Branch 418,Chennai,Maharashtra,Rural
419,BR0419,Bengaluru Branch 419,Kochi,Telangana,Metro
420,BR0420,Chennai Branch 420,Madurai,Delhi,Semi-Urban
421,BR0421,Mumbai Branch 421,Kochi,Telangana,Metro
422,BR0422,Salem Branch 422,Kochi,Telangana,Urban
423,BR0423,Kochi Branch 423,Chennai,Karnataka,Urban
424,BR0424,Mumbai Branch 424,Chennai,Maharashtra,Metro
425,BR0425,Kochi Branch 425,Pune,Tamil Nadu,Semi-Urban
426,BR0426,Chennai Branch 426,Salem,Kerala,Metro
427,BR0427,Salem Branch 427,Madurai,Karnataka,Semi-Urban
428,BR0428,Hyderabad Branch 428,Chennai,Tamil Nadu,Rural
429,BR0429,Coimbatore Branch 429,Madurai,Maharashtra,Metro
430,BR0430,Kochi Branch 430,Pune,Delhi,Urban
431,BR0431,Pune Branch 431,Delhi,Karnataka,Rural
432,BR0432,Pune Branch 432,Delhi,Telangana,Urban
433,BR0433,Mumbai Branch 433,Pune,Telangana,Semi-Urban
434,BR0434,Kochi Branch 434,Madurai,Tamil Nadu,Metro
435,BR0435,Kochi Branch 435,Delhi,Maharashtra,Semi-Urban
436,BR0436,Bengaluru Branch 436,Delhi,Kerala,Rural
437,BR0437,Bengaluru Branch 437,Salem,Delhi,Urban
438,BR0438,Bengaluru Branch 438,Hyderabad,Telangana,Rural
439,BR0439,Madurai Branch 439,Pune,Tamil Nadu,Rural
440,BR0440,Coimbatore Branch 440,Chennai,Maharashtra,Semi-Urban
441,BR0441,Delhi Branch 441,Bengaluru,Delhi,Rural
442,BR0442,Salem Branch 442,Bengaluru,Karnataka,Metro
443,BR0443,Delhi Branch 443,Mumbai,Delhi,Rural
444,BR0444,Chennai Branch 444,Mumbai,Delhi,Semi-Urban
445,BR0445,Kochi Branch 445,Madurai,Kerala,Rural
446,BR0446,Hyderabad Branch 446,Chennai,Tamil Nadu,Metro
447,BR0447,Mumbai Branch 447,Mumbai,Kerala,Rural
448,BR0448,Coimbatore Branch 448,Mumbai,Maharashtra,Metro
449,BR0449,Kochi Branch 449,Hyderabad,Tamil Nadu,Urban
450,BR0450,Mumbai Branch 450,Kochi,Tamil Nadu,Semi-Urban
451,BR0451,Salem Branch 451,Kochi,Delhi,Rural
452,BR0452,Mumbai Branch 452,Kochi,Kerala,Urban
453,BR0453,Pune Branch 453,Madurai,Kerala,Urban
454,BR0454,Mumbai Branch 454,Bengaluru,Delhi,Urban
455,BR0455,Bengaluru Branch 455,Pune,Maharashtra,Metro
456,BR0456,Pune Branch 456,Bengaluru,Tamil Nadu,Semi-Urban
457,BR0457,Pune Branch 457,Delhi,Kerala,Semi-Urban
458,BR0458,Chennai Branch 458,Mumbai,Telangana,Urban
459,BR0459,Madurai Branch 459,Hyderabad,Kerala,Metro
460,BR0460,Coimbatore Branch 460,Salem,Karnataka,Semi-Urban
461,BR0461,Pune Branch 461,Mumbai,Telangana,Semi-Urban
462,BR0462,Coimbatore Branch 462,Madurai,Delhi,Semi-Urban
463,BR0463,Bengaluru Branch 463,Chennai,Karnataka,Semi-Urban
464,BR0464,Pune Branch 464,Kochi,Maharashtra,Semi-Urban
465,BR0465,Bengaluru Branch 465,Coimbatore,Karnataka,Metro
466,BR0466,Madurai Branch 466,Hyderabad,Karnataka,Urban
467,BR0467,Delhi Branch 467,Kochi,Tamil Nadu,Urban
468,BR0468,Bengaluru Branch 468,Chennai,Maharashtra,Semi-Urban
469,BR0469,Mumbai Branch 469,Pune,Karnataka,Rural
470,BR0470,Salem Branch 470,Madurai,Telangana,Metro
471,BR0471,Mumbai Branch 471,Chennai,Kerala,Urban
472,BR0472,Hyderabad Branch 472,Bengaluru,Kerala,Metro
473,BR0473,Hyderabad Branch 473,Mumbai,Karnataka,Metro
474,BR0474,Bengaluru Branch 474,Coimbatore,Maharashtra,Urban
475,BR0475,Coimbatore Branch 475,Chennai,Maharashtra,Rural
476,BR0476,Chennai Branch 476,Hyderabad,Tamil Nadu,Urban
477,BR0477,Madurai Branch 477,Salem,Tamil Nadu,Rural
478,BR0478,Coimbatore Branch 478,Mumbai,Tamil Nadu,Urban
479,BR0479,Mumbai Branch 479,Chennai,Tamil Nadu,Urban
480,BR0480,Salem Branch 480,Hyderabad,Delhi,Metro
481,BR0481,Bengaluru Branch 481,Pune,Tamil Nadu,Urban
482,BR0482,Bengaluru Branch 482,Mumbai,Delhi,Semi-Urban
483,BR0483,Pune Branch 483,Bengaluru,Delhi,Metro
484,BR0484,Madurai Branch 484,Salem,Tamil Nadu,Urban
485,BR0485,Salem Branch 485,Chennai,Delhi,Metro
486,BR0486,Hyderabad Branch 486,Mumbai,Karnataka,Urban
487,BR0487,Coimbatore Branch 487,Hyderabad,Delhi,Rural
488,BR0488,Pune Branch 488,Salem,Karnataka,Rural
489,BR0489,Coimbatore Branch 489,Bengaluru,Telangana,Rural
490,BR0490,Delhi Branch 490,Hyderabad,Delhi,Metro
491,BR0491,Delhi Branch 491,Coimbatore,Telangana,Urban
492,BR0492,Kochi Branch 492,Coimbatore,Delhi,Metro
493,BR0493,Kochi Branch 493,Pune,Kerala,Semi-Urban
494,BR0494,Madurai Branch 494,Chennai,Tamil Nadu,Semi-Urban
495,BR0495,Kochi Branch 495,Coimbatore,Maharashtra,Semi-Urban
496,BR0496,Kochi Branch 496,Salem,Kerala,Semi-Urban
497,BR0497,Kochi Branch 497,Hyderabad,Delhi,Rural
498,BR0498,Mumbai Branch 498,Delhi,Karnataka,Urban
499,BR0499,Kochi Branch 499,Pune,Karnataka,Urban
500,BR0500,Kochi Branch 500,Coimbatore,Maharashtra,Rural
501,BR0501,Madurai Branch 501,Coimbatore,Tamil Nadu,Metro
502,BR0502,Delhi Branch 502,Delhi,Kerala,Urban
503,BR0503,Bengaluru Branch 503,Coimbatore,Telangana,Metro
504,BR0504,Pune Branch 504,Hyderabad,Delhi,Rural
505,BR0505,Coimbatore Branch 505,Hyderabad,Maharashtra,Rural
506,BR0506,Mumbai Branch 506,Salem,Delhi,Semi-Urban
507,BR0507,Delhi Branch 507,Pune,Maharashtra,Rural
508,BR0508,Kochi Branch 508,Madurai,Telangana,Metro
509,BR0509,Kochi Branch 509,Coimbatore,Tamil Nadu,Semi-Urban
510,BR0510,Kochi Branch 510,Kochi,Karnataka,Metro
511,BR0511,Chennai Branch 511,Coimbatore,Kerala,Urban
512,BR0512,Coimbatore Branch 512,Kochi,Kerala,Urban
513,BR0513,Bengaluru Branch 513,Delhi,Delhi,Semi-Urban
514,BR0514,Bengaluru Branch 514,Mumbai,Delhi,Urban
515,BR0515,Coimbatore Branch 515,Madurai,Maharashtra,Rural
516,BR0516,Hyderabad Branch 516,Mumbai,Kerala,Rural
517,BR0517,Kochi Branch 517,Madurai,Telangana,Semi-Urban
518,BR0518,Madurai Branch 518,Madurai,Tamil Nadu,Urban
519,BR0519,Delhi Branch 519,Coimbatore,Maharashtra,Rural
520,BR0520,Pune Branch 520,Delhi,Maharashtra,Rural
521,BR0521,Chennai Branch 521,Chennai,Karnataka,Semi-Urban
522,BR0522,Bengaluru Branch 522,Kochi,Maharashtra,Metro
523,BR0523,Mumbai Branch 523,Delhi,Maharashtra,Urban
524,BR0524,Salem Branch 524,Kochi,Kerala,Rural
525,BR0525,Kochi Branch 525,Madurai,Karnataka,Urban
526,BR0526,Delhi Branch 526,Mumbai,Maharashtra,Rural
527,BR0527,Salem Branch 527,Pune,Telangana,Semi-Urban
528,BR0528,Chennai Branch 528,Chennai,Delhi,Urban
529,BR0529,Bengaluru Branch 529,Pune,Telangana,Urban
530,BR0530,Pune Branch 530,Delhi,Tamil Nadu,Rural
531,BR0531,Pune Branch 531,Pune,Maharashtra,Semi-Urban
532,BR0532,Chennai Branch 532,Hyderabad,Karnataka,Metro
533,BR0533,Mumbai Branch 533,Salem,Tamil Nadu,Urban
534,BR0534,Mumbai Branch 534,Coimbatore,Telangana,Metro
535,BR0535,Chennai Branch 535,Madurai,Telangana,Urban
536,BR0536,Kochi Branch 536,Delhi,Delhi,Rural
537,BR0537,Mumbai Branch 537,Chennai,Kerala,Rural
538,BR0538,Salem Branch 538,Chennai,Telangana,Rural
539,BR0539,Salem Branch 539,Delhi,Telangana,Urban
540,BR0540,Kochi Branch 540,Coimbatore,Kerala,Metro
541,BR0541,Pune Branch 541,Kochi,Delhi,Semi-Urban
542,BR0542,Bengaluru Branch 542,Salem,Telangana,Semi-Urban
543,BR0543,Delhi Branch 543,Hyderabad,Maharashtra,Urban
544,BR0544,Madurai Branch 544,Hyderabad,Telangana,Semi-Urban
545,BR0545,Chennai Branch 545,Mumbai,Delhi,Rural
546,BR0546,Hyderabad Branch 546,Salem,Kerala,Urban
547,BR0547,Salem Branch 547,Coimbatore,Delhi,Semi-Urban
548,BR0548,Mumbai Branch 548,Coimbatore,Delhi,Rural
549,BR0549,Delhi Branch 549,Hyderabad,Telangana,Urban
550,BR0550,Mumbai Branch 550,Madurai,Telangana,Rural
551,BR0551,Madurai Branch 551,Pune,Karnataka,Rural
552,BR0552,Delhi Branch 552,Mumbai,Delhi,Rural
553,BR0553,Madurai Branch 553,Bengaluru,Tamil Nadu,Metro
554,BR0554,Salem Branch 554,Kochi,Karnataka,Rural
555,BR0555,Mumbai Branch 555,Madurai,Delhi,Rural
556,BR0556,Salem Branch 556,Chennai,Delhi,Metro
557,BR0557,Pune Branch 557,Kochi,Karnataka,Metro
558,BR0558,Bengaluru Branch 558,Mumbai,Maharashtra,Rural
559,BR0559,Pune Branch 559,Coimbatore,Kerala,Metro
560,BR0560,Delhi Branch 560,Mumbai,Telangana,Metro
561,BR0561,Mumbai Branch 561,Salem,Karnataka,Rural
562,BR0562,Hyderabad Branch 562,Coimbatore,Karnataka,Metro
563,BR0563,Chennai Branch 563,Hyderabad,Telangana,Rural
564,BR0564,Kochi Branch 564,Madurai,Maharashtra,Rural
565,BR0565,Chennai Branch 565,Hyderabad,Karnataka,Semi-Urban
566,BR0566,Bengaluru Branch 566,Chennai,Telangana,Semi-Urban
567,BR0567,Madurai Branch 567,Bengaluru,Kerala,Urban
568,BR0568,Kochi Branch 568,Chennai,Tamil Nadu,Urban
569,BR0569,Pune Branch 569,Salem,Telangana,Urban
570,BR0570,Delhi Branch 570,Pune,Kerala,Urban
571,BR0571,Delhi Branch 571,Bengaluru,Karnataka,Urban
572,BR0572,Salem Branch 572,Madurai,Tamil Nadu,Semi-Urban
573,BR0573,Kochi Branch 573,Coimbatore,Karnataka,Urban
574,BR0574,Pune Branch 574,Pune,Delhi,Rural
575,BR0575,Hyderabad Branch 575,Delhi,Karnataka,Metro
576,BR0576,Coimbatore Branch 576,Bengaluru,Karnataka,Semi-Urban
577,BR0577,Kochi Branch 577,Delhi,Telangana,Urban
578,BR0578,Kochi Branch 578,Madurai,Telangana,Urban
579,BR0579,Pune Branch 579,Madurai,Maharashtra,Rural
580,BR0580,Hyderabad Branch 580,Mumbai,Karnataka,Semi-Urban
581,BR0581,Kochi Branch 581,Pune,Telangana,Urban
582,BR0582,Salem Branch 582,Chennai,Kerala,Urban
583,BR0583,Hyderabad Branch 583,Mumbai,Delhi,Rural
584,BR0584,Mumbai Branch 584,Pune,Kerala,Urban
585,BR0585,Madurai Branch 585,Hyderabad,Maharashtra,Rural
586,BR0586,Chennai Branch 586,Delhi,Telangana,Semi-Urban
587,BR0587,Coimbatore Branch 587,Hyderabad,Telangana,Metro
588,BR0588,Bengaluru Branch 588,Kochi,Kerala,Semi-Urban
589,BR0589,Delhi Branch 589,Chennai,Telangana,Urban
590,BR0590,Kochi Branch 590,Kochi,Kerala,Rural
591,BR0591,Pune Branch 591,Delhi,Tamil Nadu,Metro
592,BR0592,Mumbai Branch 592,Madurai,Tamil Nadu,Semi-Urban
593,BR0593,Delhi Branch 593,Salem,Kerala,Semi-Urban
594,BR0594,Kochi Branch 594,Chennai,Tamil Nadu,Metro
595,BR0595,Kochi Branch 595,Bengaluru,Tamil Nadu,Rural
596,BR0596,Hyderabad Branch 596,Mumbai,Telangana,Urban
597,BR0597,Coimbatore Branch 597,Bengaluru,Karnataka,Metro
598,BR0598,Salem Branch 598,Delhi,Telangana,Rural
599,BR0599,Kochi Branch 599,Bengaluru,Telangana,Metro
600,BR0600,Salem Branch 600,Pune,Telangana,Metro
601,BR0601,Coimbatore Branch 601,Delhi,Telangana,Metro
602,BR0602,Delhi Branch 602,Delhi,Delhi,Metro
603,BR0603,Chennai Branch 603,Chennai,Delhi,Metro
604,BR0604,Coimbatore Branch 604,Kochi,Karnataka,Semi-Urban
605,BR0605,Bengaluru Branch 605,Chennai,Maharashtra,Rural
606,BR0606,Salem Branch 606,Mumbai,Karnataka,Urban
607,BR0607,Pune Branch 607,Bengaluru,Delhi,Urban
608,BR0608,Chennai Branch 608,Madurai,Maharashtra,Rural
609,BR0609,Kochi Branch 609,Coimbatore,Karnataka,Metro
610,BR0610,Hyderabad Branch 610,Mumbai,Telangana,Rural
611,BR0611,Delhi Branch 611,Bengaluru,Maharashtra,Metro
612,BR0612,Salem Branch 612,Hyderabad,Telangana,Metro
613,BR0613,Delhi Branch 613,Bengaluru,Maharashtra,Metro
614,BR0614,Chennai Branch 614,Mumbai,Telangana,Metro
615,BR0615,Salem Branch 615,Kochi,Karnataka,Semi-Urban
616,BR0616,Salem Branch 616,Kochi,Tamil Nadu,Urban
617,BR0617,Kochi Branch 617,Bengaluru,Telangana,Rural
618,BR0618,Hyderabad Branch 618,Delhi,Kerala,Rural
619,BR0619,Salem Branch 619,Mumbai,Tamil Nadu,Urban
620,BR0620,Madurai Branch 620,Chennai,Tamil Nadu,Semi-Urban
621,BR0621,Hyderabad Branch 621,Kochi,Telangana,Urban
622,BR0622,Chennai Branch 622,Mumbai,Delhi,Rural
623,BR0623,Mumbai Branch 623,Delhi,Kerala,Semi-Urban
624,BR0624,Bengaluru Branch 624,Madurai,Tamil Nadu,Metro
625,BR0625,Mumbai Branch 625,Bengaluru,Delhi,Rural
626,BR0626,Pune Branch 626,Kochi,Karnataka,Urban
627,BR0627,Pune Branch 627,Madurai,Maharashtra,Metro
628,BR0628,Mumbai Branch 628,Coimbatore,Telangana,Urban
629,BR0629,Bengaluru Branch 629,Kochi,Telangana,Semi-Urban
630,BR0630,Delhi Branch 630,Mumbai,Telangana,Semi-Urban
631,BR0631,Madurai Branch 631,Pune,Maharashtra,Metro
632,BR0632,Pune Branch 632,Kochi,Karnataka,Rural
633,BR0633,Chennai Branch 633,Hyderabad,Karnataka,Urban
634,BR0634,Hyderabad Branch 634,Bengaluru,Tamil Nadu,Rural
635,BR0635,Mumbai Branch 635,Bengaluru,Kerala,Rural
636,BR0636,Delhi Branch 636,Coimbatore,Maharashtra,Urban
637,BR0637,Kochi Branch 637,Pune,Kerala,Rural
638,BR0638,Kochi Branch 638,Kochi,Tamil Nadu,Metro
639,BR0639,Coimbatore Branch 639,Pune,Tamil Nadu,Metro
640,BR0640,Mumbai Branch 640,Bengaluru,Karnataka,Semi-Urban
641,BR0641,Salem Branch 641,Salem,Karnataka,Urban
642,BR0642,Madurai Branch 642,Salem,Karnataka,Rural
643,BR0643,Coimbatore Branch 643,Hyderabad,Maharashtra,Urban
644,BR0644,Pune Branch 644,Chennai,Telangana,Urban
645,BR0645,Delhi Branch 645,Pune,Delhi,Urban
646,BR0646,Pune Branch 646,Bengaluru,Tamil Nadu,Urban
647,BR0647,Kochi Branch 647,Kochi,Maharashtra,Semi-Urban
648,BR0648,Salem Branch 648,Chennai,Telangana,Urban
649,BR0649,Salem Branch 649,Kochi,Telangana,Metro
650,BR0650,Hyderabad Branch 650,Chennai,Kerala,Semi-Urban
651,BR0651,Pune Branch 651,Chennai,Kerala,Urban
652,BR0652,Madurai Branch 652,Salem,Maharashtra,Urban
653,BR0653,Delhi Branch 653,Mumbai,Karnataka,Metro
654,BR0654,Delhi Branch 654,Coimbatore,Tamil Nadu,Metro
655,BR0655,Bengaluru Branch 655,Delhi,Maharashtra,Semi-Urban
656,BR0656,Bengaluru Branch 656,Coimbatore,Telangana,Rural
657,BR0657,Delhi Branch 657,Mumbai,Kerala,Metro
658,BR0658,Pune Branch 658,Coimbatore,Telangana,Metro
659,BR0659,Kochi Branch 659,Kochi,Maharashtra,Rural
660,BR0660,Mumbai Branch 660,Salem,Delhi,Rural
661,BR0661,Coimbatore Branch 661,Delhi,Telangana,Metro
662,BR0662,Delhi Branch 662,Delhi,Tamil Nadu,Urban
663,BR0663,Madurai Branch 663,Pune,Maharashtra,Metro
664,BR0664,Bengaluru Branch 664,Kochi,Delhi,Urban
665,BR0665,Mumbai Branch 665,Kochi,Maharashtra,Urban
666,BR0666,Kochi Branch 666,Mumbai,Karnataka,Metro
667,BR0667,Mumbai Branch 667,Hyderabad,Delhi,Rural
668,BR0668,Mumbai Branch 668,Salem,Tamil Nadu,Urban
669,BR0669,Chennai Branch 669,Madurai,Tamil Nadu,Rural
670,BR0670,Delhi Branch 670,Coimbatore,Maharashtra,Semi-Urban
671,BR0671,Pune Branch 671,Mumbai,Delhi,Urban
672,BR0672,Madurai Branch 672,Chennai,Tamil Nadu,Rural
673,BR0673,Bengaluru Branch 673,Bengaluru,Maharashtra,Urban
674,BR0674,Coimbatore Branch 674,Delhi,Kerala,Semi-Urban
675,BR0675,Pune Branch 675,Salem,Kerala,Rural
676,BR0676,Kochi Branch 676,Salem,Telangana,Semi-Urban
677,BR0677,Bengaluru Branch 677,Hyderabad,Karnataka,Urban
678,BR0678,Salem Branch 678,Mumbai,Kerala,Urban
679,BR0679,Delhi Branch 679,Madurai,Tamil Nadu,Urban
680,BR0680,Delhi Branch 680,Coimbatore,Tamil Nadu,Metro
681,BR0681,Kochi Branch 681,Kochi,Kerala,Rural
682,BR0682,Salem Branch 682,Kochi,Telangana,Semi-Urban
683,BR0683,Delhi Branch 683,Mumbai,Tamil Nadu,Metro
684,BR0684,Bengaluru Branch 684,Chennai,Karnataka,Urban
685,BR0685,Chennai Branch 685,Hyderabad,Tamil Nadu,Metro
686,BR0686,Kochi Branch 686,Bengaluru,Kerala,Metro
687,BR0687,Delhi Branch 687,Madurai,Karnataka,Urban
688,BR0688,Mumbai Branch 688,Kochi,Karnataka,Rural
689,BR0689,Delhi Branch 689,Chennai,Tamil Nadu,Metro
690,BR0690,Bengaluru Branch 690,Kochi,Maharashtra,Rural
691,BR0691,Chennai Branch 691,Kochi,Delhi,Metro
692,BR0692,Hyderabad Branch 692,Mumbai,Delhi,Rural
693,BR0693,Chennai Branch 693,Pune,Tamil Nadu,Urban
694,BR0694,Delhi Branch 694,Delhi,Maharashtra,Semi-Urban
695,BR0695,Chennai Branch 695,Kochi,Maharashtra,Rural
696,BR0696,Madurai Branch 696,Salem,Kerala,Rural
697,BR0697,Hyderabad Branch 697,Chennai,Delhi,Urban
698,BR0698,Delhi Branch 698,Salem,Telangana,Urban
699,BR0699,Mumbai Branch 699,Delhi,Maharashtra,Urban
700,BR0700,Kochi Branch 700,Salem,Kerala,Semi-Urban
701,BR0701,Kochi Branch 701,Delhi,Tamil Nadu,Metro
702,BR0702,Mumbai Branch 702,Hyderabad,Maharashtra,Semi-Urban
703,BR0703,Kochi Branch 703,Hyderabad,Delhi,Metro
704,BR0704,Salem Branch 704,Pune,Delhi,Rural
705,BR0705,Bengaluru Branch 705,Mumbai,Kerala,Rural
706,BR0706,Delhi Branch 706,Pune,Maharashtra,Metro
707,BR0707,Salem Branch 707,Hyderabad,Telangana,Urban
708,BR0708,Kochi Branch 708,Bengaluru,Karnataka,Metro
709,BR0709,Bengaluru Branch 709,Salem,Maharashtra,Urban
710,BR0710,Delhi Branch 710,Kochi,Telangana,Metro
711,BR0711,Hyderabad Branch 711,Madurai,Tamil Nadu,Urban
712,BR0712,Pune Branch 712,Mumbai,Telangana,Metro
713,BR0713,Bengaluru Branch 713,Madurai,Tamil Nadu,Urban
714,BR0714,Pune Branch 714,Delhi,Tamil Nadu,Metro
715,BR0715,Coimbatore Branch 715,Madurai,Karnataka,Rural
716,BR0716,Mumbai Branch 716,Pune,Telangana,Urban
717,BR0717,Madurai Branch 717,Mumbai,Karnataka,Urban
718,BR0718,Chennai Branch 718,Kochi,Maharashtra,Urban
719,BR0719,Coimbatore Branch 719,Salem,Delhi,Urban
720,BR0720,Madurai Branch 720,Chennai,Delhi,Urban
721,BR0721,Bengaluru Branch 721,Coimbatore,Karnataka,Semi-Urban
722,BR0722,Bengaluru Branch 722,Mumbai,Kerala,Rural
723,BR0723,Madurai Branch 723,Kochi,Kerala,Urban
724,BR0724,Bengaluru Branch 724,Pune,Telangana,Metro
725,BR0725,Coimbatore Branch 725,Hyderabad,Maharashtra,Rural
726,BR0726,Chennai Branch 726,Hyderabad,Maharashtra,Semi-Urban
727,BR0727,Mumbai Branch 727,Madurai,Karnataka,Urban
728,BR0728,Mumbai Branch 728,Pune,Kerala,Rural
729,BR0729,Pune Branch 729,Hyderabad,Karnataka,Rural
730,BR0730,Hyderabad Branch 730,Bengaluru,Maharashtra,Rural
731,BR0731,Delhi Branch 731,Kochi,Delhi,Semi-Urban
732,BR0732,Chennai Branch 732,Kochi,Karnataka,Urban
733,BR0733,Madurai Branch 733,Coimbatore,Tamil Nadu,Semi-Urban
734,BR0734,Pune Branch 734,Delhi,Karnataka,Rural
735,BR0735,Chennai Branch 735,Delhi,Tamil Nadu,Metro
736,BR0736,Salem Branch 736,Chennai,Kerala,Semi-Urban
737,BR0737,Delhi Branch 737,Delhi,Kerala,Semi-Urban
738,BR0738,Pune Branch 738,Pune,Tamil Nadu,Semi-Urban
739,BR0739,Madurai Branch 739,Salem,Karnataka,Rural
740,BR0740,Kochi Branch 740,Hyderabad,Delhi,Rural
741,BR0741,Pune Branch 741,Delhi,Karnataka,Semi-Urban
742,BR0742,Coimbatore Branch 742,Chennai,Delhi,Semi-Urban
743,BR0743,Delhi Branch 743,Bengaluru,Delhi,Semi-Urban
744,BR0744,Hyderabad Branch 744,Coimbatore,Delhi,Semi-Urban
745,BR0745,Madurai Branch 745,Pune,Kerala,Metro
746,BR0746,Chennai Branch 746,Chennai,Delhi,Semi-Urban
747,BR0747,Hyderabad Branch 747,Mumbai,Kerala,Rural
748,BR0748,Madurai Branch 748,Coimbatore,Kerala,Urban
749,BR0749,Pune Branch 749,Mumbai,Kerala,Semi-Urban
750,BR0750,Coimbatore Branch 750,Chennai,Kerala,Urban
751,BR0751,Kochi Branch 751,Mumbai,Delhi,Urban
752,BR0752,Kochi Branch 752,Pune,Karnataka,Metro
753,BR0753,Pune Branch 753,Mumbai,Telangana,Metro
754,BR0754,Delhi Branch 754,Madurai,Kerala,Metro
755,BR0755,Coimbatore Branch 755,Pune,Delhi,Metro
756,BR0756,Pune Branch 756,Kochi,Tamil Nadu,Metro
757,BR0757,Delhi Branch 757,Delhi,Tamil Nadu,Urban
758,BR0758,Chennai Branch 758,Delhi,Karnataka,Rural
759,BR0759,Hyderabad Branch 759,Kochi,Tamil Nadu,Semi-Urban
760,BR0760,Madurai Branch 760,Delhi,Delhi,Rural
761,BR0761,Mumbai Branch 761,Salem,Maharashtra,Rural
762,BR0762,Kochi Branch 762,Kochi,Kerala,Rural
763,BR0763,Bengaluru Branch 763,Bengaluru,Delhi,Metro
764,BR0764,Kochi Branch 764,Kochi,Karnataka,Urban
765,BR0765,Hyderabad Branch 765,Kochi,Maharashtra,Urban
766,BR0766,Bengaluru Branch 766,Madurai,Telangana,Urban
767,BR0767,Salem Branch 767,Delhi,Tamil Nadu,Urban
768,BR0768,Pune Branch 768,Salem,Telangana,Urban
769,BR0769,Madurai Branch 769,Bengaluru,Tamil Nadu,Semi-Urban
770,BR0770,Mumbai Branch 770,Pune,Telangana,Semi-Urban
771,BR0771,Kochi Branch 771,Chennai,Karnataka,Metro
772,BR0772,Salem Branch 772,Delhi,Tamil Nadu,Semi-Urban
773,BR0773,Mumbai Branch 773,Hyderabad,Karnataka,Rural
774,BR0774,Chennai Branch 774,Coimbatore,Delhi,Semi-Urban
775,BR0775,Coimbatore Branch 775,Chennai,Maharashtra,Rural
776,BR0776,Salem Branch 776,Mumbai,Delhi,Rural
777,BR0777,Pune Branch 777,Delhi,Maharashtra,Metro
778,BR0778,Bengaluru Branch 778,Madurai,Kerala,Rural
779,BR0779,Kochi Branch 779,Kochi,Karnataka,Semi-Urban
780,BR0780,Coimbatore Branch 780,Salem,Kerala,Rural
781,BR0781,Delhi Branch 781,Hyderabad,Maharashtra,Semi-Urban
782,BR0782,Madurai Branch 782,Chennai,Kerala,Rural
783,BR0783,Mumbai Branch 783,Coimbatore,Karnataka,Urban
784,BR0784,Salem Branch 784,Mumbai,Delhi,Urban
785,BR0785,Madurai Branch 785,Coimbatore,Karnataka,Urban
786,BR0786,Salem Branch 786,Madurai,Karnataka,Rural
787,BR0787,Madurai Branch 787,Chennai,Tamil Nadu,Metro
788,BR0788,Chennai Branch 788,Mumbai,Karnataka,Metro
789,BR0789,Salem Branch 789,Kochi,Tamil Nadu,Semi-Urban
790,BR0790,Delhi Branch 790,Salem,Tamil Nadu,Rural
791,BR0791,Chennai Branch 791,Pune,Maharashtra,Metro
792,BR0792,Delhi Branch 792,Chennai,Delhi,Semi-Urban
793,BR0793,Delhi Branch 793,Mumbai,Tamil Nadu,Urban
794,BR0794,Coimbatore Branch 794,Madurai,Karnataka,Semi-Urban
795,BR0795,Bengaluru Branch 795,Bengaluru,Telangana,Urban
796,BR0796,Bengaluru Branch 796,Mumbai,Maharashtra,Metro
797,BR0797,Chennai Branch 797,Salem,Telangana,Metro
798,BR0798,Chennai Branch 798,Chennai,Telangana,Rural
799,BR0799,Coimbatore Branch 799,Pune,Karnataka,Rural
800,BR0800,Pune Branch 800,Mumbai,Maharashtra,Urban
801,BR0801,Chennai Branch 801,Hyderabad,Karnataka,Metro
802,BR0802,Kochi Branch 802,Madurai,Delhi,Rural
803,BR0803,Coimbatore Branch 803,Mumbai,Tamil Nadu,Semi-Urban
804,BR0804,Kochi Branch 804,Madurai,Maharashtra,Urban
805,BR0805,Kochi Branch 805,Chennai,Maharashtra,Metro
806,BR0806,Chennai Branch 806,Mumbai,Delhi,Urban
807,BR0807,Hyderabad Branch 807,Madurai,Kerala,Metro
808,BR0808,Mumbai Branch 808,Salem,Maharashtra,Rural
809,BR0809,Coimbatore Branch 809,Madurai,Karnataka,Metro
810,BR0810,Pune Branch 810,Madurai,Karnataka,Metro
811,BR0811,Madurai Branch 811,Delhi,Delhi,Rural
812,BR0812,Chennai Branch 812,Chennai,Maharashtra,Semi-Urban
813,BR0813,Bengaluru Branch 813,Chennai,Tamil Nadu,Rural
814,BR0814,Mumbai Branch 814,Salem,Telangana,Rural
815,BR0815,Pune Branch 815,Hyderabad,Delhi,Semi-Urban
816,BR0816,Chennai Branch 816,Bengaluru,Kerala,Urban
817,BR0817,Mumbai Branch 817,Coimbatore,Maharashtra,Urban
818,BR0818,Bengaluru Branch 818,Madurai,Telangana,Rural
819,BR0819,Hyderabad Branch 819,Salem,Delhi,Semi-Urban
820,BR0820,Pune Branch 820,Mumbai,Kerala,Rural
821,BR0821,Mumbai Branch 821,Hyderabad,Kerala,Semi-Urban
822,BR0822,Pune Branch 822,Hyderabad,Maharashtra,Semi-Urban
823,BR0823,Chennai Branch 823,Bengaluru,Kerala,Urban
824,BR0824,Salem Branch 824,Kochi,Tamil Nadu,Urban
825,BR0825,Bengaluru Branch 825,Delhi,Delhi,Rural
826,BR0826,Delhi Branch 826,Madurai,Tamil Nadu,Urban
827,BR0827,Madurai Branch 827,Chennai,Kerala,Rural
828,BR0828,Coimbatore Branch 828,Pune,Maharashtra,Semi-Urban
829,BR0829,Delhi Branch 829,Bengaluru,Kerala,Urban
830,BR0830,Coimbatore Branch 830,Kochi,Telangana,Metro
831,BR0831,Kochi Branch 831,Chennai,Karnataka,Urban
832,BR0832,Mumbai Branch 832,Pune,Karnataka,Urban
833,BR0833,Salem Branch 833,Mumbai,Kerala,Metro
834,BR0834,Hyderabad Branch 834,Kochi,Telangana,Urban
835,BR0835,Mumbai Branch 835,Kochi,Kerala,Metro
836,BR0836,Chennai Branch 836,Hyderabad,Kerala,Rural
837,BR0837,Coimbatore Branch 837,Mumbai,Delhi,Rural
838,BR0838,Bengaluru Branch 838,Madurai,Karnataka,Metro
839,BR0839,Coimbatore Branch 839,Salem,Karnataka,Urban
840,BR0840,Bengaluru Branch 840,Mumbai,Delhi,Metro
841,BR0841,Madurai Branch 841,Mumbai,Karnataka,Urban
842,BR0842,Madurai Branch 842,Salem,Telangana,Rural
843,BR0843,Chennai Branch 843,Delhi,Kerala,Urban
844,BR0844,Pune Branch 844,Delhi,Maharashtra,Semi-Urban
845,BR0845,Coimbatore Branch 845,Madurai,Maharashtra,Rural
846,BR0846,Pune Branch 846,Madurai,Tamil Nadu,Metro
847,BR0847,Chennai Branch 847,Mumbai,Maharashtra,Rural
848,BR0848,Pune Branch 848,Chennai,Maharashtra,Metro
849,BR0849,Pune Branch 849,Coimbatore,Delhi,Urban
850,BR0850,Hyderabad Branch 850,Delhi,Tamil Nadu,Metro
851,BR0851,Hyderabad Branch 851,Bengaluru,Telangana,Semi-Urban
852,BR0852,Coimbatore Branch 852,Coimbatore,Tamil Nadu,Rural
853,BR0853,Delhi Branch 853,Chennai,Delhi,Semi-Urban
854,BR0854,Mumbai Branch 854,Hyderabad,Tamil Nadu,Rural
855,BR0855,Hyderabad Branch 855,Pune,Tamil Nadu,Semi-Urban
856,BR0856,Madurai Branch 856,Hyderabad,Tamil Nadu,Rural
857,BR0857,Coimbatore Branch 857,Kochi,Delhi,Urban
858,BR0858,Coimbatore Branch 858,Chennai,Tamil Nadu,Rural
859,BR0859,Pune Branch 859,Coimbatore,Karnataka,Urban
860,BR0860,Kochi Branch 860,Chennai,Telangana,Rural
861,BR0861,Coimbatore Branch 861,Coimbatore,Kerala,Urban
862,BR0862,Madurai Branch 862,Chennai,Telangana,Rural
863,BR0863,Delhi Branch 863,Coimbatore,Delhi,Rural
864,BR0864,Hyderabad Branch 864,Salem,Kerala,Urban
865,BR0865,Kochi Branch 865,Delhi,Maharashtra,Rural
866,BR0866,Salem Branch 866,Salem,Tamil Nadu,Semi-Urban
867,BR0867,Chennai Branch 867,Kochi,Delhi,Semi-Urban
868,BR0868,Salem Branch 868,Hyderabad,Tamil Nadu,Urban
869,BR0869,Chennai Branch 869,Salem,Kerala,Urban
870,BR0870,Salem Branch 870,Hyderabad,Delhi,Metro
871,BR0871,Madurai Branch 871,Mumbai,Telangana,Rural
872,BR0872,Kochi Branch 872,Salem,Maharashtra,Metro
873,BR0873,Hyderabad Branch 873,Bengaluru,Tamil Nadu,Urban
874,BR0874,Bengaluru Branch 874,Mumbai,Delhi,Rural
875,BR0875,Madurai Branch 875,Pune,Telangana,Metro
876,BR0876,Bengaluru Branch 876,Kochi,Telangana,Semi-Urban
877,BR0877,Mumbai Branch 877,Pune,Tamil Nadu,Metro
878,BR0878,Chennai Branch 878,Hyderabad,Delhi,Urban
879,BR0879,Delhi Branch 879,Pune,Karnataka,Metro
880,BR0880,Hyderabad Branch 880,Coimbatore,Telangana,Metro
881,BR0881,Kochi Branch 881,Kochi,Delhi,Semi-Urban
882,BR0882,Salem Branch 882,Salem,Telangana,Semi-Urban
883,BR0883,Delhi Branch 883,Pune,Karnataka,Urban
884,BR0884,Kochi Branch 884,Chennai,Maharashtra,Metro
885,BR0885,Chennai Branch 885,Hyderabad,Kerala,Metro
886,BR0886,Kochi Branch 886,Salem,Karnataka,Metro
887,BR0887,Kochi Branch 887,Pune,Kerala,Rural
888,BR0888,Hyderabad Branch 888,Delhi,Karnataka,Urban
889,BR0889,Pune Branch 889,Chennai,Tamil Nadu,Semi-Urban
890,BR0890,Chennai Branch 890,Madurai,Tamil Nadu,Metro
891,BR0891,Mumbai Branch 891,Kochi,Karnataka,Semi-Urban
892,BR0892,Chennai Branch 892,Chennai,Karnataka,Metro
893,BR0893,Mumbai Branch 893,Bengaluru,Karnataka,Semi-Urban
894,BR0894,Bengaluru Branch 894,Pune,Delhi,Metro
895,BR0895,Bengaluru Branch 895,Hyderabad,Tamil Nadu,Metro
896,BR0896,Mumbai Branch 896,Coimbatore,Tamil Nadu,Metro
897,BR0897,Delhi Branch 897,Coimbatore,Telangana,Metro
898,BR0898,Mumbai Branch 898,Kochi,Karnataka,Semi-Urban
899,BR0899,Pune Branch 899,Bengaluru,Delhi,Rural
900,BR0900,Coimbatore Branch 900,Coimbatore,Karnataka,Metro
901,BR0901,Hyderabad Branch 901,Hyderabad,Delhi,Rural
902,BR0902,Pune Branch 902,Pune,Delhi,Rural
903,BR0903,Hyderabad Branch 903,Chennai,Delhi,Metro
904,BR0904,Madurai Branch 904,Mumbai,Karnataka,Semi-Urban
905,BR0905,Hyderabad Branch 905,Chennai,Kerala,Semi-Urban
906,BR0906,Bengaluru Branch 906,Madurai,Delhi,Rural
907,BR0907,Hyderabad Branch 907,Coimbatore,Maharashtra,Urban
908,BR0908,Bengaluru Branch 908,Madurai,Maharashtra,Semi-Urban
909,BR0909,Kochi Branch 909,Madurai,Maharashtra,Metro
910,BR0910,Pune Branch 910,Pune,Delhi,Rural
911,BR0911,Kochi Branch 911,Kochi,Telangana,Rural
912,BR0912,Salem Branch 912,Chennai,Karnataka,Metro
913,BR0913,Hyderabad Branch 913,Kochi,Karnataka,Rural
914,BR0914,Hyderabad Branch 914,Mumbai,Maharashtra,Rural
915,BR0915,Salem Branch 915,Bengaluru,Telangana,Semi-Urban
916,BR0916,Madurai Branch 916,Coimbatore,Karnataka,Urban
917,BR0917,Mumbai Branch 917,Kochi,Delhi,Semi-Urban
918,BR0918,Hyderabad Branch 918,Salem,Tamil Nadu,Rural
919,BR0919,Madurai Branch 919,Salem,Telangana,Rural
920,BR0920,Kochi Branch 920,Kochi,Maharashtra,Rural
921,BR0921,Pune Branch 921,Kochi,Telangana,Semi-Urban
922,BR0922,Delhi Branch 922,Chennai,Karnataka,Rural
923,BR0923,Hyderabad Branch 923,Mumbai,Kerala,Urban
924,BR0924,Pune Branch 924,Coimbatore,Telangana,Urban
925,BR0925,Mumbai Branch 925,Hyderabad,Tamil Nadu,Urban
926,BR0926,Coimbatore Branch 926,Pune,Tamil Nadu,Metro
927,BR0927,Pune Branch 927,Hyderabad,Kerala,Semi-Urban
928,BR0928,Mumbai Branch 928,Mumbai,Kerala,Semi-Urban
929,BR0929,Hyderabad Branch 929,Salem,Karnataka,Semi-Urban
930,BR0930,Chennai Branch 930,Mumbai,Telangana,Semi-Urban
931,BR0931,Delhi Branch 931,Delhi,Delhi,Urban
932,BR0932,Kochi Branch 932,Madurai,Karnataka,Rural
933,BR0933,Hyderabad Branch 933,Hyderabad,Kerala,Metro
934,BR0934,Kochi Branch 934,Hyderabad,Delhi,Rural
935,BR0935,Kochi Branch 935,Pune,Tamil Nadu,Semi-Urban
936,BR0936,Hyderabad Branch 936,Delhi,Kerala,Rural
937,BR0937,Hyderabad Branch 937,Kochi,Maharashtra,Urban
938,BR0938,Pune Branch 938,Bengaluru,Delhi,Metro
939,BR0939,Mumbai Branch 939,Chennai,Maharashtra,Semi-Urban
940,BR0940,Pune Branch 940,Hyderabad,Maharashtra,Rural
941,BR0941,Delhi Branch 941,Madurai,Telangana,Semi-Urban
942,BR0942,Salem Branch 942,Chennai,Delhi,Urban
943,BR0943,Bengaluru Branch 943,Bengaluru,Telangana,Rural
944,BR0944,Delhi Branch 944,Hyderabad,Maharashtra,Urban
945,BR0945,Madurai Branch 945,Delhi,Karnataka,Rural
946,BR0946,Coimbatore Branch 946,Pune,Delhi,Rural
947,BR0947,Mumbai Branch 947,Coimbatore,Karnataka,Urban
948,BR0948,Madurai Branch 948,Bengaluru,Tamil Nadu,Rural
949,BR0949,Chennai Branch 949,Bengaluru,Karnataka,Urban
950,BR0950,Delhi Branch 950,Mumbai,Karnataka,Metro
951,BR0951,Mumbai Branch 951,Madurai,Tamil Nadu,Rural
952,BR0952,Chennai Branch 952,Pune,Delhi,Urban
953,BR0953,Bengaluru Branch 953,Pune,Maharashtra,Rural
954,BR0954,Bengaluru Branch 954,Coimbatore,Karnataka,Rural
955,BR0955,Kochi Branch 955,Coimbatore,Maharashtra,Metro
956,BR0956,Bengaluru Branch 956,Hyderabad,Telangana,Rural
957,BR0957,Kochi Branch 957,Bengaluru,Delhi,Semi-Urban
958,BR0958,Salem Branch 958,Hyderabad,Delhi,Rural
959,BR0959,Mumbai Branch 959,Hyderabad,Tamil Nadu,Metro
960,BR0960,Kochi Branch 960,Coimbatore,Maharashtra,Metro
961,BR0961,Madurai Branch 961,Pune,Delhi,Rural
962,BR0962,Kochi Branch 962,Kochi,Delhi,Urban
963,BR0963,Coimbatore Branch 963,Mumbai,Kerala,Rural
964,BR0964,Pune Branch 964,Mumbai,Maharashtra,Metro
965,BR0965,Delhi Branch 965,Hyderabad,Karnataka,Rural
966,BR0966,Kochi Branch 966,Delhi,Kerala,Metro
967,BR0967,Salem Branch 967,Coimbatore,Maharashtra,Urban
968,BR0968,Hyderabad Branch 968,Bengaluru,Telangana,Semi-Urban
969,BR0969,Coimbatore Branch 969,Hyderabad,Maharashtra,Rural
970,BR0970,Madurai Branch 970,Coimbatore,Telangana,Urban
971,BR0971,Coimbatore Branch 971,Madurai,Telangana,Rural
972,BR0972,Kochi Branch 972,Bengaluru,Telangana,Metro
973,BR0973,Madurai Branch 973,Chennai,Maharashtra,Urban
974,BR0974,Coimbatore Branch 974,Kochi,Maharashtra,Semi-Urban
975,BR0975,Delhi Branch 975,Hyderabad,Maharashtra,Urban
976,BR0976,Chennai Branch 976,Mumbai,Tamil Nadu,Metro
977,BR0977,Pune Branch 977,Kochi,Maharashtra,Rural
978,BR0978,Coimbatore Branch 978,Coimbatore,Delhi,Metro
979,BR0979,Kochi Branch 979,Bengaluru,Maharashtra,Semi-Urban
980,BR0980,Bengaluru Branch 980,Bengaluru,Tamil Nadu,Urban
981,BR0981,Bengaluru Branch 981,Mumbai,Tamil Nadu,Rural
982,BR0982,Bengaluru Branch 982,Coimbatore,Kerala,Urban
983,BR0983,Mumbai Branch 983,Bengaluru,Maharashtra,Semi-Urban
984,BR0984,Bengaluru Branch 984,Hyderabad,Kerala,Urban
985,BR0985,Madurai Branch 985,Hyderabad,Maharashtra,Urban
986,BR0986,Madurai Branch 986,Coimbatore,Maharashtra,Semi-Urban
987,BR0987,Kochi Branch 987,Chennai,Delhi,Urban
988,BR0988,Chennai Branch 988,Delhi,Karnataka,Metro
989,BR0989,Pune Branch 989,Hyderabad,Karnataka,Urban
990,BR0990,Chennai Branch 990,Delhi,Tamil Nadu,Urban
991,BR0991,Pune Branch 991,Hyderabad,Kerala,Urban
992,BR0992,Hyderabad Branch 992,Coimbatore,Kerala,Metro
993,BR0993,Bengaluru Branch 993,Chennai,Maharashtra,Urban
994,BR0994,Pune Branch 994,Pune,Delhi,Metro
995,BR0995,Salem Branch 995,Hyderabad,Delhi,Rural
996,BR0996,Delhi Branch 996,Coimbatore,Karnataka,Metro
997,BR0997,Coimbatore Branch 997,Pune,Telangana,Metro
998,BR0998,Chennai Branch 998,Delhi,Kerala,Semi-Urban
999,BR0999,Chennai Branch 999,Delhi,Karnataka,Rural
1000,BR1000,Hyderabad Branch 1000,Coimbatore,Kerala,Semi-Urban
