card_id,account_id,card_number,card_type,issue_date,expiry_date,status,daily_limit
1,1,4111000000000001,Credit,2025-01-14,2031-10-10,Active,50000
2,2,4111000000000002,Debit,2026-03-25,2030-04-08,Active,50000
3,3,4111000000000003,Debit,2025-01-07,2030-08-31,Active,25000
4,4,4111000000000004,Credit,2026-03-06,2031-06-18,Active,200000
5,5,4111000000000005,Debit,2025-07-31,2030-01-17,Active,200000
6,6,4111000000000006,Credit,2025-11-18,2032-03-24,Active,100000
7,7,4111000000000007,Credit,2025-12-28,2031-01-16,Active,75000
8,8,4111000000000008,Credit,2025-07-09,2031-01-17,Blocked,50000
9,9,4111000000000009,Credit,2025-10-04,2031-01-02,Active,50000
10,10,4111000000000010,Credit,2026-03-17,2030-05-21,Active,200000
11,11,4111000000000011,Debit,2025-02-19,2031-11-06,Active,200000
12,12,4111000000000012,Credit,2025-02-23,2030-04-12,Active,200000
13,13,4111000000000013,Debit,2025-08-27,2030-07-06,Active,25000
14,14,4111000000000014,Credit,2025-11-13,2031-06-16,Active,100000
15,15,4111000000000015,Debit,2025-03-29,2029-02-15,Active,200000
16,16,4111000000000016,Debit,2025-06-27,2031-09-04,Active,50000
17,17,4111000000000017,Debit,2025-12-16,2030-12-27,Active,75000
18,18,4111000000000018,Credit,2026-01-08,2029-02-26,Active,100000
19,19,4111000000000019,Credit,2025-12-27,2029-10-01,Expired,50000
20,20,4111000000000020,Credit,2025-06-08,2032-01-08,Active,75000
21,21,4111000000000021,Credit,2025-04-30,2032-03-13,Active,200000
22,22,4111000000000022,Credit,2025-03-15,2032-01-11,Expired,200000
23,23,4111000000000023,Credit,2026-03-18,2029-01-14,Expired,25000
24,24,4111000000000024,Credit,2025-10-28,2029-09-03,Active,25000
25,25,4111000000000025,Debit,2025-09-29,2031-04-28,Active,50000
26,26,4111000000000026,Debit,2025-11-04,2030-01-03,Active,25000
27,27,4111000000000027,Credit,2026-01-09,2029-09-02,Active,25000
28,28,4111000000000028,Credit,2025-10-21,2031-03-05,Active,100000
29,29,4111000000000029,Credit,2025-03-12,2030-12-05,Active,75000
30,30,4111000000000030,Credit,2025-04-01,2031-06-01,Active,100000
31,31,4111000000000031,Debit,2025-04-05,2030-06-18,Active,50000
32,32,4111000000000032,Credit,2025-11-28,2029-06-17,Active,25000
33,33,4111000000000033,Credit,2025-01-11,2029-05-05,Expired,25000
34,34,4111000000000034,Credit,2025-02-18,2029-12-12,Active,200000
35,35,4111000000000035,Debit,2025-01-03,2030-11-01,Active,25000
36,36,4111000000000036,Credit,2026-03-16,2029-05-23,Blocked,50000
37,37,4111000000000037,Credit,2025-04-04,2032-01-02,Active,75000
38,38,4111000000000038,Debit,2026-03-23,2029-11-13,Active,200000
39,39,4111000000000039,Debit,2025-08-14,2029-12-30,Active,100000
40,40,4111000000000040,Debit,2025-11-15,2029-03-21,Blocked,25000
41,41,4111000000000041,Credit,2025-05-30,2029-08-09,Active,50000
42,42,4111000000000042,Debit,2025-02-21,2031-10-17,Active,50000
43,43,4111000000000043,Credit,2025-08-21,2032-01-28,Active,100000
44,44,4111000000000044,Debit,2025-12-09,2032-02-10,Active,50000
45,45,4111000000000045,Credit,2025-03-14,2030-05-06,Blocked,100000
46,46,4111000000000046,Debit,2026-02-11,2031-04-08,Active,25000
47,47,4111000000000047,Credit,2026-02-20,2029-07-22,Active,25000
48,48,4111000000000048,Credit,2025-09-27,2032-02-28,Active,200000
49,49,4111000000000049,Credit,2026-01-23,2032-01-24,Active,75000
50,50,4111000000000050,Credit,2025-03-11,2031-07-07,Active,75000
51,51,4111000000000051,Credit,2025-07-26,2031-06-11,Active,100000
52,52,4111000000000052,Debit,2025-09-09,2029-08-02,Active,100000
53,53,4111000000000053,Credit,2025-06-06,2031-10-17,Expired,75000
54,54,4111000000000054,Debit,2025-09-28,2029-03-27,Active,25000
55,55,4111000000000055,Credit,2025-10-28,2032-03-15,Active,75000
56,56,4111000000000056,Debit,2025-10-01,2029-02-27,Active,75000
57,57,4111000000000057,Credit,2025-04-07,2030-12-22,Blocked,25000
58,58,4111000000000058,Credit,2026-01-14,2031-11-08,Active,50000
59,59,4111000000000059,Credit,2025-12-15,2029-04-02,Blocked,25000
60,60,4111000000000060,Credit,2025-04-06,2030-03-30,Active,25000
61,61,4111000000000061,Debit,2025-09-11,2030-02-28,Active,200000
62,62,4111000000000062,Debit,2025-01-24,2031-02-21,Active,25000
63,63,4111000000000063,Credit,2025-01-03,2030-05-08,Active,75000
64,64,4111000000000064,Debit,2025-07-19,2030-04-13,Active,100000
65,65,4111000000000065,Debit,2025-03-21,2029-10-18,Active,200000
66,66,4111000000000066,Credit,2025-08-05,2032-03-14,Active,75000
67,67,4111000000000067,Debit,2026-03-26,2030-07-13,Active,25000
68,68,4111000000000068,Credit,2026-02-26,2031-04-28,Active,50000
69,69,4111000000000069,Credit,2025-05-10,2029-01-22,Active,100000
70,70,4111000000000070,Debit,2025-12-23,2031-07-09,Active,50000
71,71,4111000000000071,Debit,2025-11-23,2029-08-23,Active,100000
72,72,4111000000000072,Debit,2025-04-04,2032-01-05,Active,75000
73,73,4111000000000073,Credit,2025-05-26,2032-01-04,Active,200000
74,74,4111000000000074,Credit,2025-02-25,2029-09-02,Active,50000
75,75,4111000000000075,Debit,2025-10-12,2031-10-17,Active,200000
76,76,4111000000000076,Debit,2025-08-29,2031-09-08,Active,50000
77,77,4111000000000077,Debit,2026-03-03,2031-03-06,Active,25000
78,78,4111000000000078,Debit,2025-08-12,2031-01-30,Active,50000
79,79,4111000000000079,Credit,2025-11-02,2029-03-26,Active,200000
80,80,4111000000000080,Debit,2026-01-29,2030-03-07,Active,25000
81,81,4111000000000081,Debit,2025-03-20,2030-12-01,Active,75000
82,82,4111000000000082,Debit,2025-06-29,2031-08-05,Active,25000
83,83,4111000000000083,Credit,2025-07-14,2029-11-10,Blocked,200000
84,84,4111000000000084,Debit,2025-04-26,2030-01-12,Active,75000
85,85,4111000000000085,Credit,2025-01-13,2031-06-22,Active,50000
86,86,4111000000000086,Credit,2025-10-13,2029-11-26,Active,75000
87,87,4111000000000087,Debit,2025-02-27,2029-05-14,Active,200000
88,88,4111000000000088,Debit,2025-11-13,2029-12-14,Active,75000
89,89,4111000000000089,Credit,2025-01-20,2029-10-21,Blocked,50000
90,90,4111000000000090,Debit,2025-07-15,2029-01-08,Active,100000
91,91,4111000000000091,Debit,2026-03-15,2030-04-05,Active,25000
92,92,4111000000000092,Debit,2025-01-11,2031-09-03,Blocked,100000
93,93,4111000000000093,Credit,2025-12-18,2031-03-04,Active,50000
94,94,4111000000000094,Credit,2025-11-10,2030-05-28,Active,100000
95,95,4111000000000095,Credit,2025-03-20,2031-07-20,Active,75000
96,96,4111000000000096,Debit,2025-03-15,2030-08-11,Active,50000
97,97,4111000000000097,Credit,2025-05-12,2029-11-25,Active,25000
98,98,4111000000000098,Credit,2026-02-17,2030-09-07,Active,100000
99,99,4111000000000099,Credit,2025-12-30,2032-01-14,Active,100000
100,100,4111000000000100,Debit,2026-03-07,2030-12-24,Active,100000
101,101,4111000000000101,Credit,2025-08-02,2031-08-02,Active,100000
102,102,4111000000000102,Credit,2025-08-26,2031-01-15,Active,100000
103,103,4111000000000103,Debit,2026-01-06,2031-12-22,Active,50000
104,104,4111000000000104,Debit,2025-10-19,2030-02-03,Blocked,200000
105,105,4111000000000105,Credit,2025-08-26,2032-01-28,Active,100000
106,106,4111000000000106,Credit,2025-11-26,2030-09-21,Active,50000
107,107,4111000000000107,Credit,2025-02-25,2032-01-17,Active,75000
108,108,4111000000000108,Credit,2025-01-27,2030-02-13,Active,200000
109,109,4111000000000109,Debit,2025-12-04,2031-02-27,Blocked,100000
110,110,4111000000000110,Debit,2025-08-15,2029-02-18,Active,100000
111,111,4111000000000111,Debit,2025-05-20,2032-02-28,Active,100000
112,112,4111000000000112,Debit,2025-03-19,2031-04-23,Active,50000
113,113,4111000000000113,Debit,2026-01-26,2031-09-24,Active,200000
114,114,4111000000000114,Debit,2025-12-13,2029-07-18,Active,25000
115,115,4111000000000115,Debit,2025-01-05,2029-04-19,Active,25000
116,116,4111000000000116,Credit,2025-07-02,2030-02-20,Active,50000
117,117,4111000000000117,Credit,2026-03-07,2029-05-16,Active,75000
118,118,4111000000000118,Credit,2025-09-01,2030-11-25,Active,75000
119,119,4111000000000119,Credit,2025-02-21,2032-02-25,Active,50000
120,120,4111000000000120,Debit,2025-08-01,2029-08-31,Active,200000
121,121,4111000000000121,Credit,2025-03-23,2032-02-25,Active,100000
122,122,4111000000000122,Credit,2025-12-20,2030-05-26,Expired,50000
123,123,4111000000000123,Credit,2025-02-19,2029-03-22,Active,100000
124,124,4111000000000124,Credit,2025-07-14,2031-09-04,Active,25000
125,125,4111000000000125,Credit,2025-08-14,2032-04-12,Active,100000
126,126,4111000000000126,Debit,2025-09-09,2032-03-06,Active,75000
127,127,4111000000000127,Debit,2025-07-09,2029-05-22,Active,200000
128,128,4111000000000128,Credit,2025-12-13,2031-03-18,Blocked,25000
129,129,4111000000000129,Debit,2025-11-21,2030-10-19,Active,25000
130,130,4111000000000130,Credit,2025-11-05,2031-10-11,Active,200000
131,131,4111000000000131,Credit,2025-03-28,2031-01-18,Active,50000
132,132,4111000000000132,Credit,2025-09-24,2029-02-18,Active,50000
133,133,4111000000000133,Debit,2025-11-29,2030-05-05,Active,75000
134,134,4111000000000134,Credit,2025-08-10,2030-11-23,Active,100000
135,135,4111000000000135,Debit,2025-06-20,2032-02-04,Active,200000
136,136,4111000000000136,Debit,2026-01-12,2032-03-20,Active,100000
137,137,4111000000000137,Debit,2025-08-29,2031-02-18,Active,75000
138,138,4111000000000138,Credit,2025-06-21,2031-01-22,Active,100000
139,139,4111000000000139,Credit,2025-12-29,2030-12-02,Active,75000
140,140,4111000000000140,Credit,2025-10-10,2030-01-31,Active,75000
141,141,4111000000000141,Debit,2025-08-19,2029-06-23,Active,75000
142,142,4111000000000142,Debit,2025-01-12,2029-09-21,Active,25000
143,143,4111000000000143,Debit,2025-02-08,2029-12-29,Active,50000
144,144,4111000000000144,Debit,2026-02-03,2029-06-28,Active,25000
145,145,4111000000000145,Debit,2026-01-13,2030-11-30,Active,200000
146,146,4111000000000146,Debit,2025-03-21,2032-04-08,Active,100000
147,147,4111000000000147,Credit,2026-02-07,2029-08-05,Active,25000
148,148,4111000000000148,Debit,2025-04-13,2029-06-16,Active,25000
149,149,4111000000000149,Debit,2025-08-10,2030-04-23,Active,25000
150,150,4111000000000150,Credit,2025-06-14,2031-12-21,Active,50000
151,151,4111000000000151,Credit,2025-11-06,2030-01-17,Active,200000
152,152,4111000000000152,Debit,2025-08-15,2030-01-14,Active,25000
153,153,4111000000000153,Debit,2025-04-12,2030-06-24,Active,200000
154,154,4111000000000154,Debit,2025-12-25,2029-09-11,Active,25000
155,155,4111000000000155,Debit,2025-04-06,2030-10-21,Active,50000
156,156,4111000000000156,Debit,2025-07-22,2030-08-31,Active,200000
157,157,4111000000000157,Credit,2025-04-22,2031-05-24,Active,75000
158,158,4111000000000158,Debit,2025-09-29,2029-01-15,Active,75000
159,159,4111000000000159,Credit,2026-01-22,2029-11-27,Active,25000
160,160,4111000000000160,Credit,2025-06-26,2029-05-04,Active,100000
161,161,4111000000000161,Debit,2025-12-12,2031-07-03,Active,25000
162,162,4111000000000162,Credit,2025-10-29,2031-01-11,Active,200000
163,163,4111000000000163,Debit,2025-10-19,2030-06-22,Active,75000
164,164,4111000000000164,Credit,2025-07-03,2031-09-11,Active,75000
165,165,4111000000000165,Credit,2025-06-10,2032-01-24,Expired,50000
166,166,4111000000000166,Debit,2025-10-28,2029-12-16,Active,75000
167,167,4111000000000167,Credit,2025-08-27,2031-08-04,Active,100000
168,168,4111000000000168,Credit,2026-03-21,2031-08-10,Active,50000
169,169,4111000000000169,Credit,2025-08-03,2029-02-20,Active,75000
170,170,4111000000000170,Credit,2026-03-22,2029-11-02,Active,25000
171,171,4111000000000171,Credit,2026-02-10,2029-12-20,Active,50000
172,172,4111000000000172,Debit,2025-02-18,2029-02-03,Active,50000
173,173,4111000000000173,Credit,2025-06-22,2030-02-10,Active,100000
174,174,4111000000000174,Debit,2025-06-05,2032-01-31,Active,50000
175,175,4111000000000175,Credit,2025-11-07,2031-10-20,Active,50000
176,176,4111000000000176,Credit,2025-12-07,2029-05-03,Active,25000
177,177,4111000000000177,Debit,2025-06-15,2031-09-04,Active,50000
178,178,4111000000000178,Debit,2025-09-23,2031-10-10,Active,100000
179,179,4111000000000179,Credit,2025-01-07,2030-09-23,Active,75000
180,180,4111000000000180,Credit,2025-12-17,2031-05-29,Active,200000
181,181,4111000000000181,Debit,2025-09-29,2030-08-01,Active,75000
182,182,4111000000000182,Debit,2025-07-09,2032-03-03,Expired,25000
183,183,4111000000000183,Debit,2025-08-17,2031-01-28,Active,50000
184,184,4111000000000184,Credit,2025-12-19,2030-04-24,Blocked,75000
185,185,4111000000000185,Credit,2026-02-07,2030-07-29,Active,200000
186,186,4111000000000186,Credit,2025-12-24,2030-02-03,Blocked,75000
187,187,4111000000000187,Debit,2025-12-29,2030-05-01,Active,50000
188,188,4111000000000188,Credit,2025-10-16,2031-08-21,Active,75000
189,189,4111000000000189,Debit,2025-07-16,2029-10-31,Active,25000
190,190,4111000000000190,Credit,2025-08-25,2030-06-29,Active,100000
191,191,4111000000000191,Debit,2026-02-10,2030-07-20,Active,75000
192,192,4111000000000192,Debit,2025-08-31,2030-05-21,Active,25000
193,193,4111000000000193,Credit,2025-07-02,2031-09-16,Active,75000
194,194,4111000000000194,Credit,2025-09-06,2030-10-06,Active,200000
195,195,4111000000000195,Debit,2026-02-26,2030-01-21,Blocked,200000
196,196,4111000000000196,Debit,2025-06-01,2029-05-05,Active,50000
197,197,4111000000000197,Credit,2025-05-08,2031-02-10,Active,25000
198,198,4111000000000198,Credit,2025-05-14,2030-02-23,Active,25000
199,199,4111000000000199,Debit,2025-11-30,2031-05-14,Active,100000
200,200,4111000000000200,Debit,2025-08-17,2031-02-22,Active,200000
201,201,4111000000000201,Credit,2026-01-24,2030-10-06,Active,75000
202,202,4111000000000202,Credit,2025-05-22,2030-02-10,Active,100000
203,203,4111000000000203,Credit,2025-03-25,2029-09-21,Active,25000
204,204,4111000000000204,Debit,2025-01-27,2030-10-31,Active,75000
205,205,4111000000000205,Debit,2025-06-11,2031-02-08,Active,100000
206,206,4111000000000206,Credit,2025-07-22,2029-12-31,Active,25000
207,207,4111000000000207,Credit,2025-06-15,2032-03-04,Active,25000
208,208,4111000000000208,Debit,2026-01-06,2029-09-28,Active,25000
209,209,4111000000000209,Debit,2025-03-19,2029-07-29,Active,50000
210,210,4111000000000210,Debit,2026-01-22,2031-01-08,Expired,75000
211,211,4111000000000211,Debit,2025-07-31,2030-12-05,Active,100000
212,212,4111000000000212,Credit,2025-10-07,2029-05-08,Active,100000
213,213,4111000000000213,Debit,2025-10-08,2029-07-03,Active,100000
214,214,4111000000000214,Debit,2025-03-01,2030-06-19,Active,25000
215,215,4111000000000215,Debit,2025-01-27,2030-04-07,Active,25000
216,216,4111000000000216,Debit,2026-01-24,2030-04-22,Blocked,50000
217,217,4111000000000217,Credit,2025-06-15,2031-03-05,Active,100000
218,218,4111000000000218,Debit,2025-09-19,2030-08-17,Active,100000
219,219,4111000000000219,Debit,2025-01-21,2030-02-14,Active,50000
220,220,4111000000000220,Debit,2025-10-26,2031-10-04,Active,25000
221,221,4111000000000221,Credit,2025-09-18,2029-12-03,Active,50000
222,222,4111000000000222,Debit,2025-11-18,2030-07-31,Active,75000
223,223,4111000000000223,Credit,2025-03-23,2030-02-17,Active,75000
224,224,4111000000000224,Credit,2025-04-11,2030-11-01,Active,100000
225,225,4111000000000225,Debit,2025-11-30,2030-08-08,Active,100000
226,226,4111000000000226,Credit,2025-04-15,2030-01-14,Active,100000
227,227,4111000000000227,Debit,2026-01-16,2030-02-26,Active,200000
228,228,4111000000000228,Credit,2026-03-03,2030-03-15,Active,75000
229,229,4111000000000229,Credit,2025-08-26,2029-04-22,Active,50000
230,230,4111000000000230,Credit,2025-04-22,2031-11-13,Active,25000
231,231,4111000000000231,Debit,2026-03-01,2030-01-06,Active,50000
232,232,4111000000000232,Credit,2026-01-04,2031-03-07,Active,100000
233,233,4111000000000233,Credit,2025-11-05,2029-12-05,Blocked,100000
234,234,4111000000000234,Credit,2026-02-12,2030-05-24,Active,25000
235,235,4111000000000235,Debit,2026-03-13,2029-03-05,Active,25000
236,236,4111000000000236,Credit,2025-01-01,2030-09-14,Active,200000
237,237,4111000000000237,Debit,2025-02-19,2029-04-20,Active,50000
238,238,4111000000000238,Credit,2026-01-15,2031-02-03,Active,100000
239,239,4111000000000239,Debit,2025-06-02,2029-03-13,Active,75000
240,240,4111000000000240,Debit,2025-05-15,2031-07-25,Blocked,50000
241,241,4111000000000241,Debit,2025-11-22,2029-03-04,Active,100000
242,242,4111000000000242,Debit,2025-01-08,2029-08-19,Active,50000
243,243,4111000000000243,Credit,2026-03-22,2032-04-02,Active,75000
244,244,4111000000000244,Credit,2025-01-12,2032-02-28,Active,50000
245,245,4111000000000245,Debit,2025-02-03,2031-03-26,Active,25000
246,246,4111000000000246,Debit,2025-09-12,2031-06-05,Active,100000
247,247,4111000000000247,Debit,2025-01-07,2032-03-27,Active,25000
248,248,4111000000000248,Credit,2025-12-30,2030-07-31,Active,50000
249,249,4111000000000249,Credit,2025-01-13,2030-07-11,Blocked,50000
250,250,4111000000000250,Debit,2025-12-20,2031-07-07,Active,25000
251,251,4111000000000251,Credit,2025-10-14,2031-09-28,Active,25000
252,252,4111000000000252,Credit,2025-07-06,2029-07-01,Active,100000
253,253,4111000000000253,Credit,2025-10-06,2029-12-02,Active,75000
254,254,4111000000000254,Debit,2025-06-14,2030-12-12,Active,200000
255,255,4111000000000255,Credit,2025-07-10,2031-08-16,Expired,75000
256,256,4111000000000256,Debit,2026-02-21,2031-10-10,Active,100000
257,257,4111000000000257,Credit,2025-08-10,2029-06-27,Active,50000
258,258,4111000000000258,Credit,2025-07-03,2031-08-14,Active,200000
259,259,4111000000000259,Debit,2025-01-22,2030-12-05,Active,50000
260,260,4111000000000260,Credit,2025-10-04,2029-11-23,Active,200000
261,261,4111000000000261,Debit,2026-02-22,2030-02-26,Active,100000
262,262,4111000000000262,Debit,2026-02-26,2031-05-09,Active,200000
263,263,4111000000000263,Debit,2025-09-24,2029-08-01,Active,75000
264,264,4111000000000264,Debit,2026-01-14,2030-04-10,Active,75000
265,265,4111000000000265,Credit,2025-03-01,2030-10-29,Active,75000
266,266,4111000000000266,Credit,2025-09-25,2031-03-16,Active,75000
267,267,4111000000000267,Credit,2025-12-19,2029-08-06,Active,100000
268,268,4111000000000268,Debit,2026-03-04,2030-01-21,Active,200000
269,269,4111000000000269,Debit,2025-09-11,2029-10-23,Blocked,75000
270,270,4111000000000270,Debit,2026-01-22,2031-04-12,Active,50000
271,271,4111000000000271,Debit,2026-02-22,2030-01-27,Active,25000
272,272,4111000000000272,Credit,2025-03-03,2030-03-01,Active,25000
273,273,4111000000000273,Debit,2025-05-10,2031-07-16,Blocked,100000
274,274,4111000000000274,Credit,2025-12-05,2031-04-06,Active,200000
275,275,4111000000000275,Credit,2025-06-25,2031-03-06,Active,75000
276,276,4111000000000276,Credit,2025-11-14,2031-09-07,Active,200000
277,277,4111000000000277,Debit,2025-12-14,2031-10-04,Expired,100000
278,278,4111000000000278,Credit,2025-06-29,2029-03-05,Active,100000
279,279,4111000000000279,Credit,2026-01-21,2032-01-09,Active,100000
280,280,4111000000000280,Credit,2025-12-17,2031-10-02,Expired,100000
281,281,4111000000000281,Debit,2025-09-07,2029-06-27,Active,200000
282,282,4111000000000282,Debit,2025-02-12,2030-05-18,Active,25000
283,283,4111000000000283,Credit,2025-07-14,2030-11-22,Active,100000
284,284,4111000000000284,Debit,2025-06-15,2030-09-27,Active,100000
285,285,4111000000000285,Debit,2025-11-11,2031-04-21,Active,50000
286,286,4111000000000286,Debit,2025-09-17,2031-06-30,Active,50000
287,287,4111000000000287,Credit,2025-05-21,2032-03-03,Active,200000
288,288,4111000000000288,Debit,2025-05-10,2032-04-14,Active,200000
289,289,4111000000000289,Credit,2025-03-31,2031-07-15,Active,50000
290,290,4111000000000290,Debit,2025-05-29,2030-11-10,Active,50000
291,291,4111000000000291,Debit,2025-04-12,2031-09-15,Active,25000
292,292,4111000000000292,Credit,2026-02-02,2029-12-28,Active,25000
293,293,4111000000000293,Credit,2025-04-04,2030-04-03,Active,200000
294,294,4111000000000294,Credit,2025-04-28,2031-06-30,Active,25000
295,295,4111000000000295,Debit,2025-03-26,2029-10-13,Active,200000
296,296,4111000000000296,Debit,2025-08-13,2031-10-14,Active,100000
297,297,4111000000000297,Debit,2025-12-29,2031-12-12,Active,75000
298,298,4111000000000298,Debit,2025-08-03,2031-08-29,Active,100000
299,299,4111000000000299,Credit,2025-02-04,2029-05-14,Active,75000
300,300,4111000000000300,Credit,2025-07-25,2031-11-05,Blocked,50000
301,301,4111000000000301,Debit,2025-01-13,2029-11-28,Active,50000
302,302,4111000000000302,Debit,2025-08-17,2032-01-24,Active,75000
303,303,4111000000000303,Credit,2025-02-04,2030-01-15,Active,25000
304,304,4111000000000304,Debit,2025-04-29,2030-02-19,Active,50000
305,305,4111000000000305,Credit,2025-01-06,2031-02-01,Active,25000
306,306,4111000000000306,Debit,2025-09-26,2030-06-29,Active,25000
307,307,4111000000000307,Credit,2026-03-27,2029-10-08,Active,50000
308,308,4111000000000308,Credit,2026-02-15,2030-03-14,Active,100000
309,309,4111000000000309,Credit,2025-09-03,2030-03-15,Active,100000
310,310,4111000000000310,Debit,2025-03-16,2029-09-18,Active,50000
311,311,4111000000000311,Debit,2025-09-02,2031-11-18,Expired,25000
312,312,4111000000000312,Debit,2025-05-07,2031-04-27,Active,75000
313,313,4111000000000313,Debit,2026-02-28,2030-06-22,Active,100000
314,314,4111000000000314,Debit,2026-03-22,2030-10-19,Active,25000
315,315,4111000000000315,Debit,2025-12-10,2031-02-05,Active,200000
316,316,4111000000000316,Debit,2026-01-19,2029-09-18,Active,200000
317,317,4111000000000317,Credit,2025-11-27,2029-11-19,Active,200000
318,318,4111000000000318,Credit,2025-09-12,2029-06-03,Active,25000
319,319,4111000000000319,Credit,2025-02-03,2032-02-25,Active,50000
320,320,4111000000000320,Debit,2025-07-09,2030-07-23,Active,100000
321,321,4111000000000321,Credit,2025-06-05,2032-01-02,Active,75000
322,322,4111000000000322,Credit,2025-09-19,2031-09-26,Active,200000
323,323,4111000000000323,Debit,2025-08-29,2030-11-22,Active,100000
324,324,4111000000000324,Credit,2025-09-30,2031-11-25,Active,25000
325,325,4111000000000325,Credit,2025-11-19,2030-07-04,Blocked,75000
326,326,4111000000000326,Debit,2025-06-10,2030-10-26,Blocked,200000
327,327,4111000000000327,Debit,2025-06-28,2030-09-20,Active,75000
328,328,4111000000000328,Credit,2025-05-23,2030-06-25,Active,50000
329,329,4111000000000329,Debit,2026-02-15,2030-08-28,Active,75000
330,330,4111000000000330,Credit,2025-04-15,2031-08-06,Active,50000
331,331,4111000000000331,Debit,2026-01-06,2030-08-20,Active,50000
332,332,4111000000000332,Credit,2025-04-04,2031-10-15,Active,100000
333,333,4111000000000333,Credit,2026-01-03,2030-07-09,Blocked,100000
334,334,4111000000000334,Credit,2025-03-16,2030-06-06,Active,75000
335,335,4111000000000335,Debit,2025-07-12,2032-02-02,Expired,25000
336,336,4111000000000336,Debit,2025-04-07,2030-06-06,Blocked,100000
337,337,4111000000000337,Credit,2025-09-19,2032-03-08,Active,75000
338,338,4111000000000338,Debit,2025-08-07,2031-09-30,Active,100000
339,339,4111000000000339,Credit,2025-07-18,2030-10-04,Active,50000
340,340,4111000000000340,Debit,2025-07-05,2029-04-22,Active,25000
341,341,4111000000000341,Credit,2025-02-25,2032-01-29,Active,50000
342,342,4111000000000342,Debit,2026-01-16,2031-05-17,Active,200000
343,343,4111000000000343,Debit,2025-01-06,2029-08-17,Active,200000
344,344,4111000000000344,Credit,2025-05-26,2031-05-31,Active,50000
345,345,4111000000000345,Credit,2025-10-10,2030-12-26,Active,50000
346,346,4111000000000346,Debit,2025-10-11,2032-04-11,Active,50000
347,347,4111000000000347,Debit,2026-02-17,2031-02-24,Active,200000
348,348,4111000000000348,Debit,2025-03-24,2029-07-06,Active,200000
349,349,4111000000000349,Credit,2026-02-19,2031-09-23,Active,50000
350,350,4111000000000350,Credit,2025-04-24,2030-05-11,Active,50000
351,351,4111000000000351,Debit,2025-04-23,2030-07-27,Active,50000
352,352,4111000000000352,Credit,2025-08-11,2032-04-02,Active,100000
353,353,4111000000000353,Credit,2025-04-20,2030-04-21,Active,25000
354,354,4111000000000354,Credit,2025-12-31,2031-06-29,Active,100000
355,355,4111000000000355,Credit,2025-01-12,2032-01-14,Active,50000
356,356,4111000000000356,Credit,2025-08-12,2031-12-10,Active,25000
357,357,4111000000000357,Credit,2025-09-17,2031-03-06,Active,200000
358,358,4111000000000358,Debit,2025-07-10,2029-10-23,Active,200000
359,359,4111000000000359,Credit,2025-03-28,2031-04-08,Active,75000
360,360,4111000000000360,Credit,2025-07-27,2030-07-16,Active,75000
361,361,4111000000000361,Debit,2025-07-14,2031-08-20,Blocked,200000
362,362,4111000000000362,Debit,2025-11-27,2029-05-13,Active,25000
363,363,4111000000000363,Credit,2025-10-20,2030-12-08,Active,25000
364,364,4111000000000364,Credit,2025-08-12,2031-07-02,Blocked,25000
365,365,4111000000000365,Credit,2025-05-11,2030-12-15,Active,75000
366,366,4111000000000366,Credit,2025-09-03,2029-11-20,Active,200000
367,367,4111000000000367,Debit,2026-03-10,2029-03-16,Expired,75000
368,368,4111000000000368,Debit,2026-01-25,2030-04-14,Active,50000
369,369,4111000000000369,Debit,2025-11-12,2032-02-07,Active,25000
370,370,4111000000000370,Credit,2025-08-20,2029-11-02,Active,100000
371,371,4111000000000371,Credit,2026-03-22,2030-01-16,Active,75000
372,372,4111000000000372,Debit,2025-09-24,2029-05-17,Active,25000
373,373,4111000000000373,Debit,2025-10-21,2029-12-27,Active,100000
374,374,4111000000000374,Credit,2025-03-27,2030-04-29,Active,50000
375,375,4111000000000375,Debit,2025-02-04,2029-07-27,Active,50000
376,376,4111000000000376,Debit,2026-02-03,2031-08-06,Active,75000
377,377,4111000000000377,Debit,2025-03-20,2031-12-29,Blocked,50000
378,378,4111000000000378,Debit,2025-06-16,2029-12-18,Active,200000
379,379,4111000000000379,Debit,2025-09-14,2031-10-31,Active,100000
380,380,4111000000000380,Debit,2025-03-27,2029-04-10,Active,50000
381,381,4111000000000381,Debit,2026-03-18,2031-01-23,Active,75000
382,382,4111000000000382,Credit,2025-05-06,2031-07-21,Active,25000
383,383,4111000000000383,Debit,2025-03-24,2029-03-28,Active,100000
384,384,4111000000000384,Debit,2025-01-01,2030-08-12,Active,100000
385,385,4111000000000385,Credit,2025-10-09,2032-01-14,Active,200000
386,386,4111000000000386,Credit,2025-11-28,2031-12-01,Active,200000
387,387,4111000000000387,Credit,2026-01-20,2030-05-30,Active,100000
388,388,4111000000000388,Debit,2025-09-15,2031-10-21,Active,25000
389,389,4111000000000389,Debit,2025-02-07,2031-01-23,Active,25000
390,390,4111000000000390,Credit,2025-07-15,2031-02-09,Active,25000
391,391,4111000000000391,Credit,2025-09-07,2030-02-11,Active,50000
392,392,4111000000000392,Credit,2026-02-01,2029-10-29,Active,200000
393,393,4111000000000393,Debit,2025-11-29,2030-09-11,Active,50000
394,394,4111000000000394,Debit,2025-04-27,2031-06-19,Active,100000
395,395,4111000000000395,Credit,2025-12-31,2031-08-11,Active,50000
396,396,4111000000000396,Credit,2025-03-08,2031-05-02,Blocked,50000
397,397,4111000000000397,Debit,2025-11-24,2029-07-27,Active,25000
398,398,4111000000000398,Credit,2025-08-27,2031-03-03,Active,100000
399,399,4111000000000399,Debit,2025-11-03,2030-08-26,Active,200000
400,400,4111000000000400,Credit,2025-01-21,2031-09-09,Active,75000
401,401,4111000000000401,Debit,2025-06-08,2031-11-04,Active,25000
402,402,4111000000000402,Debit,2026-01-17,2032-02-25,Active,25000
403,403,4111000000000403,Debit,2025-11-19,2031-12-04,Active,100000
404,404,4111000000000404,Credit,2025-06-21,2031-08-01,Active,75000
405,405,4111000000000405,Credit,2025-07-08,2029-04-15,Active,200000
406,406,4111000000000406,Debit,2025-08-13,2031-09-26,Active,200000
407,407,4111000000000407,Debit,2025-12-08,2032-01-28,Active,200000
408,408,4111000000000408,Debit,2025-03-20,2031-02-13,Active,100000
409,409,4111000000000409,Credit,2025-03-15,2029-10-19,Active,50000
410,410,4111000000000410,Debit,2025-11-12,2031-02-26,Active,50000
411,411,4111000000000411,Debit,2025-01-23,2030-09-13,Active,50000
412,412,4111000000000412,Debit,2025-08-03,2032-03-11,Active,50000
413,413,4111000000000413,Credit,2025-10-08,2032-03-09,Active,50000
414,414,4111000000000414,Debit,2025-02-03,2029-12-01,Active,75000
415,415,4111000000000415,Credit,2026-02-07,2029-05-16,Active,50000
416,416,4111000000000416,Credit,2025-02-28,2029-06-13,Active,75000
417,417,4111000000000417,Credit,2026-03-12,2031-08-19,Blocked,75000
418,418,4111000000000418,Credit,2025-11-20,2030-10-31,Active,200000
419,419,4111000000000419,Credit,2026-02-17,2030-05-18,Active,25000
420,420,4111000000000420,Credit,2025-09-05,2030-07-12,Active,200000
421,421,4111000000000421,Credit,2025-09-13,2031-04-09,Active,200000
422,422,4111000000000422,Credit,2026-02-15,2030-06-12,Active,50000
423,423,4111000000000423,Debit,2026-03-09,2030-03-25,Active,50000
424,424,4111000000000424,Credit,2025-03-20,2029-07-21,Active,200000
425,425,4111000000000425,Credit,2025-07-31,2031-03-30,Active,75000
426,426,4111000000000426,Credit,2025-02-11,2030-05-12,Active,100000
427,427,4111000000000427,Debit,2026-02-01,2030-10-05,Blocked,25000
428,428,4111000000000428,Credit,2025-07-27,2031-06-05,Active,100000
429,429,4111000000000429,Debit,2025-06-20,2031-01-29,Active,50000
430,430,4111000000000430,Credit,2026-03-27,2031-10-05,Blocked,100000
431,431,4111000000000431,Debit,2025-07-27,2031-05-31,Active,75000
432,432,4111000000000432,Debit,2025-11-09,2029-12-04,Active,200000
433,433,4111000000000433,Credit,2025-10-31,2031-02-11,Active,25000
434,434,4111000000000434,Debit,2025-02-12,2029-01-18,Active,100000
435,435,4111000000000435,Credit,2025-02-17,2029-11-08,Expired,25000
436,436,4111000000000436,Credit,2025-04-01,2029-03-08,Active,75000
437,437,4111000000000437,Credit,2025-12-08,2032-03-17,Active,50000
438,438,4111000000000438,Credit,2025-06-19,2029-07-24,Active,200000
439,439,4111000000000439,Debit,2025-01-21,2029-01-01,Active,50000
440,440,4111000000000440,Debit,2025-07-20,2031-10-02,Active,200000
441,441,4111000000000441,Credit,2025-11-12,2031-12-14,Active,200000
442,442,4111000000000442,Credit,2025-03-12,2029-05-14,Active,75000
443,443,4111000000000443,Debit,2025-11-26,2031-11-21,Active,200000
444,444,4111000000000444,Debit,2025-12-19,2030-08-05,Active,75000
445,445,4111000000000445,Debit,2025-12-22,2031-08-27,Active,75000
446,446,4111000000000446,Credit,2025-05-31,2031-04-02,Active,50000
447,447,4111000000000447,Credit,2025-12-08,2030-10-31,Active,100000
448,448,4111000000000448,Debit,2025-12-27,2029-11-14,Active,25000
449,449,4111000000000449,Debit,2025-03-17,2029-08-09,Expired,50000
450,450,4111000000000450,Debit,2026-01-06,2029-05-31,Active,75000
451,451,4111000000000451,Credit,2025-10-24,2030-05-05,Active,100000
452,452,4111000000000452,Credit,2025-03-04,2032-02-05,Active,75000
453,453,4111000000000453,Debit,2025-08-31,2029-03-11,Active,100000
454,454,4111000000000454,Debit,2025-06-26,2029-05-16,Active,75000
455,455,4111000000000455,Credit,2025-04-06,2031-10-17,Active,100000
456,456,4111000000000456,Credit,2025-08-19,2029-09-30,Active,100000
457,457,4111000000000457,Credit,2026-01-20,2032-03-06,Active,50000
458,458,4111000000000458,Debit,2026-03-22,2029-12-03,Blocked,100000
459,459,4111000000000459,Debit,2025-09-07,2030-11-17,Active,50000
460,460,4111000000000460,Debit,2025-09-20,2031-10-12,Blocked,50000
461,461,4111000000000461,Debit,2025-08-02,2029-03-20,Active,75000
462,462,4111000000000462,Credit,2026-02-14,2031-02-03,Active,25000
463,463,4111000000000463,Credit,2026-01-31,2031-10-24,Active,50000
464,464,4111000000000464,Credit,2025-12-15,2031-11-01,Active,100000
465,465,4111000000000465,Debit,2025-08-11,2029-03-22,Active,200000
466,466,4111000000000466,Credit,2025-10-03,2031-07-24,Active,75000
467,467,4111000000000467,Debit,2025-07-28,2029-05-09,Active,100000
468,468,4111000000000468,Credit,2025-11-08,2032-03-17,Active,75000
469,469,4111000000000469,Debit,2025-08-19,2030-06-27,Active,25000
470,470,4111000000000470,Debit,2025-12-09,2032-04-01,Active,75000
471,471,4111000000000471,Debit,2025-09-29,2030-04-15,Active,100000
472,472,4111000000000472,Debit,2025-07-23,2029-01-05,Active,25000
473,473,4111000000000473,Credit,2025-10-02,2032-01-25,Blocked,25000
474,474,4111000000000474,Credit,2026-01-29,2029-04-15,Active,200000
475,475,4111000000000475,Debit,2025-10-01,2032-02-06,Active,25000
476,476,4111000000000476,Debit,2025-07-19,2032-02-23,Active,50000
477,477,4111000000000477,Debit,2025-01-08,2031-05-30,Active,50000
478,478,4111000000000478,Credit,2025-01-11,2029-07-23,Active,75000
479,479,4111000000000479,Debit,2025-12-03,2030-08-22,Active,100000
480,480,4111000000000480,Debit,2025-08-07,2030-02-22,Active,75000
481,481,4111000000000481,Debit,2026-01-27,2030-08-15,Active,200000
482,482,4111000000000482,Debit,2025-02-09,2029-11-15,Active,25000
483,483,4111000000000483,Debit,2025-02-03,2030-07-08,Blocked,25000
484,484,4111000000000484,Credit,2025-06-22,2029-09-06,Active,200000
485,485,4111000000000485,Credit,2025-09-19,2029-09-08,Active,200000
486,486,4111000000000486,Credit,2026-02-07,2029-06-20,Active,25000
487,487,4111000000000487,Credit,2025-04-01,2031-03-06,Active,200000
488,488,4111000000000488,Credit,2026-01-07,2029-02-07,Blocked,200000
489,489,4111000000000489,Debit,2025-02-02,2029-11-29,Active,50000
490,490,4111000000000490,Debit,2025-09-03,2030-12-21,Active,100000
491,491,4111000000000491,Credit,2025-02-23,2031-11-16,Active,100000
492,492,4111000000000492,Debit,2025-03-27,2030-01-25,Active,100000
493,493,4111000000000493,Debit,2026-01-17,2030-04-10,Active,100000
494,494,4111000000000494,Credit,2025-07-18,2030-10-22,Active,50000
495,495,4111000000000495,Debit,2025-01-19,2031-07-17,Active,200000
496,496,4111000000000496,Credit,2025-01-09,2031-02-02,Active,100000
497,497,4111000000000497,Debit,2025-06-11,2031-08-08,Active,25000
498,498,4111000000000498,Debit,2025-10-31,2029-10-06,Active,200000
499,499,4111000000000499,Credit,2025-03-03,2029-03-08,Active,75000
500,500,4111000000000500,Debit,2025-06-09,2032-01-05,Active,75000
501,501,4111000000000501,Debit,2026-03-16,2029-08-07,Active,75000
502,502,4111000000000502,Debit,2025-12-23,2030-06-13,Active,50000
503,503,4111000000000503,Credit,2025-06-24,2031-04-24,Expired,200000
504,504,4111000000000504,Credit,2025-02-08,2031-10-18,Active,75000
505,505,4111000000000505,Credit,2025-01-12,2029-02-23,Expired,75000
506,506,4111000000000506,Debit,2025-12-31,2029-07-10,Active,200000
507,507,4111000000000507,Debit,2025-07-05,2029-08-21,Active,75000
508,508,4111000000000508,Credit,2025-06-12,2029-09-11,Active,50000
509,509,4111000000000509,Debit,2025-04-29,2029-04-11,Active,200000
510,510,4111000000000510,Debit,2026-02-20,2032-01-30,Blocked,200000
511,511,4111000000000511,Credit,2025-10-10,2030-09-02,Active,100000
512,512,4111000000000512,Debit,2025-06-09,2031-05-11,Active,75000
513,513,4111000000000513,Credit,2026-01-15,2029-04-17,Active,25000
514,514,4111000000000514,Debit,2025-02-24,2031-09-04,Active,75000
515,515,4111000000000515,Credit,2025-10-05,2029-08-07,Active,200000
516,516,4111000000000516,Debit,2025-02-11,2030-11-16,Active,200000
517,517,4111000000000517,Debit,2025-11-19,2029-02-04,Active,50000
518,518,4111000000000518,Debit,2026-01-13,2031-11-10,Active,100000
519,519,4111000000000519,Debit,2025-12-15,2031-12-08,Active,200000
520,520,4111000000000520,Debit,2025-09-10,2032-01-27,Active,100000
521,521,4111000000000521,Debit,2025-11-10,2031-03-07,Active,200000
522,522,4111000000000522,Credit,2025-06-26,2029-10-06,Active,200000
523,523,4111000000000523,Credit,2025-10-24,2030-08-13,Active,200000
524,524,4111000000000524,Debit,2025-12-28,2031-05-11,Active,200000
525,525,4111000000000525,Credit,2025-01-01,2029-08-23,Active,50000
526,526,4111000000000526,Credit,2025-12-20,2029-09-20,Active,200000
527,527,4111000000000527,Debit,2025-12-10,2030-05-25,Active,25000
528,528,4111000000000528,Debit,2025-05-08,2029-04-06,Active,100000
529,529,4111000000000529,Debit,2025-04-22,2030-07-21,Blocked,200000
530,530,4111000000000530,Debit,2025-11-30,2030-03-07,Active,25000
531,531,4111000000000531,Credit,2025-02-24,2030-12-01,Active,50000
532,532,4111000000000532,Debit,2026-01-06,2029-09-10,Active,75000
533,533,4111000000000533,Credit,2025-07-13,2031-11-29,Active,100000
534,534,4111000000000534,Debit,2026-03-16,2029-10-26,Active,75000
535,535,4111000000000535,Debit,2026-03-22,2030-05-13,Active,75000
536,536,4111000000000536,Credit,2025-01-26,2030-06-01,Active,100000
537,537,4111000000000537,Debit,2025-02-01,2029-05-03,Active,200000
538,538,4111000000000538,Credit,2025-04-15,2031-04-27,Active,75000
539,539,4111000000000539,Debit,2025-05-26,2030-07-27,Active,25000
540,540,4111000000000540,Credit,2026-02-07,2031-12-21,Active,100000
541,541,4111000000000541,Credit,2025-06-05,2030-04-05,Active,75000
542,542,4111000000000542,Credit,2025-07-19,2030-07-07,Active,50000
543,543,4111000000000543,Credit,2025-03-10,2029-02-05,Active,100000
544,544,4111000000000544,Credit,2025-04-23,2032-02-04,Active,50000
545,545,4111000000000545,Debit,2025-05-18,2031-01-30,Active,25000
546,546,4111000000000546,Credit,2026-03-18,2031-11-24,Active,100000
547,547,4111000000000547,Debit,2025-02-02,2032-03-07,Blocked,25000
548,548,4111000000000548,Debit,2025-05-25,2030-06-01,Active,200000
549,549,4111000000000549,Debit,2025-11-18,2031-10-15,Expired,25000
550,550,4111000000000550,Debit,2025-01-11,2030-11-02,Active,200000
551,551,4111000000000551,Credit,2025-10-18,2030-11-30,Active,50000
552,552,4111000000000552,Debit,2025-02-25,2030-09-20,Active,100000
553,553,4111000000000553,Credit,2025-12-23,2030-07-11,Active,100000
554,554,4111000000000554,Credit,2025-02-19,2031-02-18,Active,50000
555,555,4111000000000555,Debit,2025-06-16,2029-04-04,Active,75000
556,556,4111000000000556,Credit,2026-01-24,2030-05-09,Active,100000
557,557,4111000000000557,Debit,2025-08-09,2032-02-26,Active,25000
558,558,4111000000000558,Debit,2025-10-17,2029-10-08,Active,25000
559,559,4111000000000559,Debit,2025-08-28,2031-04-25,Active,25000
560,560,4111000000000560,Debit,2025-12-15,2032-01-29,Active,50000
561,561,4111000000000561,Debit,2026-01-13,2030-03-16,Active,25000
562,562,4111000000000562,Debit,2025-05-12,2029-01-24,Blocked,100000
563,563,4111000000000563,Debit,2025-05-24,2031-07-11,Active,25000
564,564,4111000000000564,Credit,2025-05-02,2029-09-01,Active,75000
565,565,4111000000000565,Debit,2025-01-23,2031-09-02,Active,200000
566,566,4111000000000566,Debit,2025-12-03,2029-01-14,Blocked,100000
567,567,4111000000000567,Debit,2026-02-12,2031-04-24,Active,25000
568,568,4111000000000568,Debit,2025-09-15,2032-04-08,Active,200000
569,569,4111000000000569,Credit,2025-01-01,2031-05-25,Active,75000
570,570,4111000000000570,Credit,2025-10-12,2029-12-03,Active,25000
571,571,4111000000000571,Debit,2025-12-08,2030-07-18,Active,50000
572,572,4111000000000572,Debit,2026-01-13,2029-04-03,Active,50000
573,573,4111000000000573,Debit,2025-04-12,2029-09-29,Active,25000
574,574,4111000000000574,Credit,2025-04-26,2029-10-03,Active,50000
575,575,4111000000000575,Credit,2025-11-18,2030-09-06,Active,100000
576,576,4111000000000576,Debit,2025-12-19,2029-05-10,Active,50000
577,577,4111000000000577,Credit,2025-07-13,2029-01-16,Active,25000
578,578,4111000000000578,Debit,2025-12-17,2031-05-11,Active,50000
579,579,4111000000000579,Debit,2025-02-07,2029-11-11,Active,100000
580,580,4111000000000580,Debit,2025-12-25,2029-12-07,Active,200000
581,581,4111000000000581,Credit,2025-08-20,2029-11-19,Active,200000
582,582,4111000000000582,Debit,2025-08-18,2031-05-21,Active,100000
583,583,4111000000000583,Credit,2025-06-11,2030-06-17,Active,25000
584,584,4111000000000584,Debit,2025-07-27,2030-08-29,Active,200000
585,585,4111000000000585,Credit,2025-02-16,2032-04-05,Active,50000
586,586,4111000000000586,Debit,2025-04-28,2031-12-29,Blocked,25000
587,587,4111000000000587,Credit,2025-07-22,2032-04-04,Active,50000
588,588,4111000000000588,Debit,2025-09-23,2030-01-04,Active,50000
589,589,4111000000000589,Debit,2025-05-04,2029-04-14,Active,200000
590,590,4111000000000590,Debit,2025-05-04,2032-01-09,Active,75000
591,591,4111000000000591,Debit,2025-05-13,2030-06-19,Active,50000
592,592,4111000000000592,Debit,2025-01-23,2031-05-26,Active,50000
593,593,4111000000000593,Debit,2026-02-16,2030-03-28,Active,25000
594,594,4111000000000594,Debit,2025-11-16,2031-06-25,Active,200000
595,595,4111000000000595,Debit,2026-01-13,2030-10-22,Active,75000
596,596,4111000000000596,Credit,2025-01-16,2029-03-09,Active,25000
597,597,4111000000000597,Debit,2026-03-18,2029-03-04,Active,50000
598,598,4111000000000598,Debit,2025-02-12,2030-01-25,Active,25000
599,599,4111000000000599,Credit,2026-02-06,2032-01-09,Active,25000
600,600,4111000000000600,Debit,2026-01-04,2029-11-03,Expired,75000
601,601,4111000000000601,Credit,2025-12-11,2029-08-24,Active,200000
602,602,4111000000000602,Credit,2026-01-21,2030-08-22,Active,25000
603,603,4111000000000603,Debit,2025-11-04,2032-03-26,Active,75000
604,604,4111000000000604,Credit,2025-09-25,2029-06-06,Active,75000
605,605,4111000000000605,Debit,2025-06-10,2031-02-17,Active,200000
606,606,4111000000000606,Credit,2025-08-28,2029-02-23,Active,25000
607,607,4111000000000607,Debit,2025-12-05,2030-06-20,Active,100000
608,608,4111000000000608,Credit,2025-11-22,2030-12-01,Active,200000
609,609,4111000000000609,Credit,2025-09-29,2029-11-04,Active,200000
610,610,4111000000000610,Debit,2025-05-01,2031-04-26,Active,75000
611,611,4111000000000611,Debit,2025-06-14,2031-01-27,Active,75000
612,612,4111000000000612,Credit,2026-02-25,2029-12-15,Active,100000
613,613,4111000000000613,Debit,2025-10-10,2029-03-22,Active,25000
614,614,4111000000000614,Credit,2025-04-17,2030-05-08,Active,200000
615,615,4111000000000615,Credit,2025-11-13,2030-12-29,Active,25000
616,616,4111000000000616,Debit,2025-03-06,2029-05-13,Active,25000
617,617,4111000000000617,Debit,2026-03-20,2031-03-14,Active,200000
618,618,4111000000000618,Debit,2025-10-12,2031-12-20,Active,75000
619,619,4111000000000619,Credit,2026-03-15,2029-12-30,Active,100000
620,620,4111000000000620,Credit,2026-03-27,2030-05-25,Active,100000
621,621,4111000000000621,Debit,2025-09-28,2029-05-12,Active,50000
622,622,4111000000000622,Debit,2025-12-11,2029-05-15,Active,100000
623,623,4111000000000623,Credit,2026-01-07,2029-12-16,Active,75000
624,624,4111000000000624,Credit,2025-06-02,2029-11-21,Active,100000
625,625,4111000000000625,Debit,2025-07-08,2031-12-19,Active,25000
626,626,4111000000000626,Credit,2026-02-03,2030-05-31,Active,25000
627,627,4111000000000627,Credit,2025-05-30,2031-03-10,Active,75000
628,628,4111000000000628,Credit,2026-03-20,2029-03-28,Active,50000
629,629,4111000000000629,Credit,2025-06-24,2032-01-19,Active,75000
630,630,4111000000000630,Debit,2026-03-20,2029-02-17,Active,100000
631,631,4111000000000631,Credit,2025-06-07,2031-04-23,Active,75000
632,632,4111000000000632,Debit,2026-01-31,2030-04-08,Active,75000
633,633,4111000000000633,Debit,2025-10-12,2031-10-23,Active,75000
634,634,4111000000000634,Credit,2026-01-07,2029-10-02,Active,25000
635,635,4111000000000635,Credit,2025-01-20,2030-08-17,Active,25000
636,636,4111000000000636,Credit,2025-05-03,2030-02-24,Blocked,50000
637,637,4111000000000637,Credit,2025-04-10,2031-12-14,Active,75000
638,638,4111000000000638,Debit,2025-07-22,2030-03-31,Active,25000
639,639,4111000000000639,Debit,2025-02-18,2031-07-21,Active,25000
640,640,4111000000000640,Debit,2025-11-07,2030-02-11,Active,25000
641,641,4111000000000641,Debit,2025-09-10,2030-03-20,Active,75000
642,642,4111000000000642,Debit,2025-01-21,2031-04-13,Active,25000
643,643,4111000000000643,Debit,2026-01-20,2031-11-01,Active,75000
644,644,4111000000000644,Credit,2025-02-18,2031-08-04,Blocked,100000
645,645,4111000000000645,Debit,2025-01-06,2030-01-14,Active,25000
646,646,4111000000000646,Debit,2025-10-28,2029-08-07,Active,100000
647,647,4111000000000647,Debit,2025-10-09,2029-09-19,Active,200000
648,648,4111000000000648,Debit,2025-05-06,2031-02-12,Active,100000
649,649,4111000000000649,Credit,2026-01-09,2030-08-04,Active,200000
650,650,4111000000000650,Debit,2026-01-07,2031-05-01,Blocked,200000
651,651,4111000000000651,Debit,2025-07-20,2031-01-24,Active,75000
652,652,4111000000000652,Debit,2025-01-30,2029-06-06,Active,25000
653,653,4111000000000653,Debit,2026-03-22,2031-12-14,Active,200000
654,654,4111000000000654,Credit,2025-02-25,2032-01-10,Active,50000
655,655,4111000000000655,Credit,2025-09-29,2031-09-05,Active,25000
656,656,4111000000000656,Debit,2026-01-23,2031-04-15,Active,50000
657,657,4111000000000657,Debit,2025-11-07,2031-11-02,Active,50000
658,658,4111000000000658,Credit,2025-05-21,2030-11-18,Active,25000
659,659,4111000000000659,Debit,2025-05-11,2029-03-16,Active,75000
660,660,4111000000000660,Debit,2025-09-24,2032-01-03,Active,25000
661,661,4111000000000661,Credit,2025-11-19,2029-02-13,Active,75000
662,662,4111000000000662,Debit,2025-09-10,2031-03-21,Active,25000
663,663,4111000000000663,Debit,2025-03-01,2029-09-21,Active,25000
664,664,4111000000000664,Debit,2025-04-09,2029-04-24,Active,50000
665,665,4111000000000665,Credit,2025-07-19,2031-03-26,Active,25000
666,666,4111000000000666,Debit,2025-07-17,2029-11-12,Active,25000
667,667,4111000000000667,Credit,2026-01-17,2030-03-12,Active,50000
668,668,4111000000000668,Debit,2025-05-11,2030-11-29,Active,100000
669,669,4111000000000669,Debit,2025-08-12,2032-03-17,Active,100000
670,670,4111000000000670,Credit,2026-01-26,2032-02-24,Active,50000
671,671,4111000000000671,Debit,2025-09-26,2030-06-25,Active,25000
672,672,4111000000000672,Debit,2025-05-04,2030-09-15,Active,25000
673,673,4111000000000673,Credit,2026-02-04,2030-02-02,Active,50000
674,674,4111000000000674,Credit,2026-03-18,2032-02-01,Active,200000
675,675,4111000000000675,Debit,2025-07-28,2029-04-05,Active,75000
676,676,4111000000000676,Debit,2025-01-28,2029-07-29,Active,100000
677,677,4111000000000677,Debit,2025-11-07,2029-04-08,Active,200000
678,678,4111000000000678,Debit,2026-02-16,2030-08-16,Active,50000
679,679,4111000000000679,Debit,2026-01-01,2031-07-17,Expired,200000
680,680,4111000000000680,Debit,2025-07-26,2032-03-19,Active,100000
681,681,4111000000000681,Credit,2026-03-22,2030-08-31,Active,200000
682,682,4111000000000682,Credit,2025-02-15,2031-12-06,Active,200000
683,683,4111000000000683,Credit,2025-10-24,2031-02-26,Active,200000
684,684,4111000000000684,Debit,2025-03-17,2030-11-08,Active,75000
685,685,4111000000000685,Debit,2026-01-31,2031-10-22,Active,200000
686,686,4111000000000686,Debit,2025-03-31,2030-01-25,Active,50000
687,687,4111000000000687,Credit,2026-02-04,2029-10-17,Active,100000
688,688,4111000000000688,Credit,2025-10-16,2032-02-21,Blocked,25000
689,689,4111000000000689,Credit,2025-11-15,2029-02-17,Expired,100000
690,690,4111000000000690,Debit,2025-07-23,2029-08-30,Active,100000
691,691,4111000000000691,Debit,2025-11-25,2031-06-25,Active,50000
692,692,4111000000000692,Credit,2025-10-15,2030-04-13,Active,50000
693,693,4111000000000693,Credit,2025-12-10,2031-01-11,Active,200000
694,694,4111000000000694,Debit,2025-12-03,2032-02-24,Active,75000
695,695,4111000000000695,Debit,2025-06-26,2031-04-15,Active,25000
696,696,4111000000000696,Debit,2025-12-22,2032-03-05,Active,75000
697,697,4111000000000697,Debit,2025-10-09,2029-10-29,Active,75000
698,698,4111000000000698,Debit,2025-08-11,2030-06-29,Active,200000
699,699,4111000000000699,Credit,2025-10-21,2031-02-14,Active,25000
700,700,4111000000000700,Debit,2025-01-08,2032-02-25,Active,100000
701,701,4111000000000701,Debit,2025-12-11,2029-10-26,Active,200000
702,702,4111000000000702,Credit,2025-10-20,2030-11-21,Expired,25000
703,703,4111000000000703,Credit,2026-03-08,2030-01-29,Active,100000
704,704,4111000000000704,Debit,2025-05-04,2030-09-29,Active,75000
705,705,4111000000000705,Debit,2026-03-14,2029-03-02,Active,50000
706,706,4111000000000706,Credit,2026-01-21,2030-04-04,Active,200000
707,707,4111000000000707,Credit,2025-11-04,2031-03-12,Blocked,100000
708,708,4111000000000708,Debit,2025-01-29,2029-08-28,Active,100000
709,709,4111000000000709,Debit,2025-02-08,2029-06-16,Active,200000
710,710,4111000000000710,Credit,2026-02-26,2029-02-22,Active,25000
711,711,4111000000000711,Credit,2025-09-28,2029-04-25,Active,75000
712,712,4111000000000712,Debit,2025-05-31,2029-05-30,Active,75000
713,713,4111000000000713,Debit,2025-08-21,2031-04-16,Active,200000
714,714,4111000000000714,Debit,2026-03-23,2032-04-07,Blocked,100000
715,715,4111000000000715,Debit,2025-01-26,2031-01-25,Active,75000
716,716,4111000000000716,Credit,2025-01-09,2031-10-12,Active,200000
717,717,4111000000000717,Credit,2025-07-20,2029-11-29,Active,100000
718,718,4111000000000718,Debit,2026-01-07,2031-04-06,Active,100000
719,719,4111000000000719,Debit,2025-11-02,2029-10-08,Active,200000
720,720,4111000000000720,Debit,2026-01-17,2031-10-05,Active,100000
721,721,4111000000000721,Credit,2025-01-25,2029-11-26,Active,200000
722,722,4111000000000722,Debit,2026-01-29,2030-06-24,Active,200000
723,723,4111000000000723,Credit,2025-02-04,2030-02-04,Active,100000
724,724,4111000000000724,Debit,2025-02-15,2029-09-29,Blocked,75000
725,725,4111000000000725,Credit,2026-01-02,2029-12-17,Active,100000
726,726,4111000000000726,Debit,2025-08-28,2032-01-21,Blocked,100000
727,727,4111000000000727,Debit,2025-04-15,2029-12-03,Active,25000
728,728,4111000000000728,Debit,2025-01-01,2031-02-17,Active,100000
729,729,4111000000000729,Debit,2026-02-27,2031-11-18,Expired,75000
730,730,4111000000000730,Debit,2025-08-28,2031-10-13,Active,75000
731,731,4111000000000731,Credit,2025-03-04,2030-01-25,Active,25000
732,732,4111000000000732,Credit,2025-06-07,2030-06-26,Active,50000
733,733,4111000000000733,Credit,2025-01-25,2029-10-16,Active,75000
734,734,4111000000000734,Debit,2026-02-23,2029-07-13,Active,75000
735,735,4111000000000735,Debit,2025-05-02,2031-07-15,Active,75000
736,736,4111000000000736,Debit,2025-07-23,2031-08-22,Active,50000
737,737,4111000000000737,Credit,2026-01-15,2031-10-21,Active,50000
738,738,4111000000000738,Debit,2025-02-08,2029-01-29,Active,25000
739,739,4111000000000739,Credit,2026-02-25,2032-01-04,Active,25000
740,740,4111000000000740,Debit,2025-05-14,2031-11-30,Blocked,100000
741,741,4111000000000741,Debit,2025-10-21,2032-01-24,Active,100000
742,742,4111000000000742,Credit,2025-04-30,2031-05-23,Active,50000
743,743,4111000000000743,Debit,2026-03-25,2029-08-24,Active,50000
744,744,4111000000000744,Credit,2025-07-29,2029-03-01,Active,200000
745,745,4111000000000745,Credit,2026-01-14,2029-02-16,Active,200000
746,746,4111000000000746,Credit,2025-07-26,2029-09-01,Active,25000
747,747,4111000000000747,Credit,2026-03-17,2031-10-14,Active,100000
748,748,4111000000000748,Debit,2026-03-17,2029-02-01,Active,25000
749,749,4111000000000749,Credit,2025-10-04,2029-10-22,Active,50000
750,750,4111000000000750,Debit,2025-04-25,2030-12-17,Active,50000
751,751,4111000000000751,Debit,2025-07-21,2031-01-20,Active,75000
752,752,4111000000000752,Credit,2025-02-23,2030-06-27,Active,50000
753,753,4111000000000753,Debit,2025-09-25,2029-12-23,Active,200000
754,754,4111000000000754,Debit,2025-06-17,2032-03-08,Active,100000
755,755,4111000000000755,Debit,2025-10-13,2031-12-31,Active,75000
756,756,4111000000000756,Debit,2025-08-09,2032-01-15,Active,200000
757,757,4111000000000757,Debit,2025-03-23,2029-09-17,Active,25000
758,758,4111000000000758,Credit,2026-02-13,2029-03-11,Blocked,50000
759,759,4111000000000759,Credit,2026-01-04,2030-05-29,Active,75000
760,760,4111000000000760,Debit,2025-06-02,2030-11-23,Active,200000
761,761,4111000000000761,Debit,2025-11-28,2029-06-22,Active,100000
762,762,4111000000000762,Credit,2026-02-19,2029-03-15,Active,100000
763,763,4111000000000763,Debit,2025-07-02,2030-01-02,Active,200000
764,764,4111000000000764,Credit,2025-08-18,2031-03-11,Active,200000
765,765,4111000000000765,Debit,2025-01-14,2031-07-15,Active,25000
766,766,4111000000000766,Debit,2026-01-04,2031-08-03,Active,200000
767,767,4111000000000767,Credit,2025-07-16,2032-01-15,Active,200000
768,768,4111000000000768,Credit,2025-09-16,2031-10-16,Active,50000
769,769,4111000000000769,Debit,2025-06-13,2031-11-24,Active,100000
770,770,4111000000000770,Debit,2026-02-09,2031-12-26,Active,200000
771,771,4111000000000771,Debit,2025-07-24,2030-01-17,Active,50000
772,772,4111000000000772,Credit,2025-01-27,2030-07-06,Active,75000
773,773,4111000000000773,Credit,2025-07-15,2030-11-11,Active,200000
774,774,4111000000000774,Debit,2025-01-16,2029-09-13,Active,200000
775,775,4111000000000775,Debit,2026-02-03,2030-12-03,Active,75000
776,776,4111000000000776,Credit,2025-04-04,2031-12-09,Active,200000
777,777,4111000000000777,Credit,2025-04-11,2029-10-15,Active,200000
778,778,4111000000000778,Credit,2025-04-06,2030-05-21,Active,50000
779,779,4111000000000779,Credit,2026-02-09,2031-03-13,Active,50000
780,780,4111000000000780,Debit,2025-10-07,2032-03-18,Blocked,75000
781,781,4111000000000781,Credit,2025-03-26,2030-06-18,Active,75000
782,782,4111000000000782,Debit,2025-09-30,2030-11-23,Active,100000
783,783,4111000000000783,Debit,2025-06-25,2031-03-08,Active,200000
784,784,4111000000000784,Debit,2025-07-26,2030-03-30,Active,50000
785,785,4111000000000785,Credit,2025-09-29,2031-01-28,Active,200000
786,786,4111000000000786,Debit,2025-10-14,2031-03-13,Active,25000
787,787,4111000000000787,Credit,2025-09-23,2030-06-23,Blocked,200000
788,788,4111000000000788,Credit,2025-01-09,2030-10-19,Active,75000
789,789,4111000000000789,Credit,2025-04-25,2029-01-16,Active,200000
790,790,4111000000000790,Debit,2026-03-26,2031-11-16,Active,25000
791,791,4111000000000791,Debit,2025-09-04,2031-09-19,Active,50000
792,792,4111000000000792,Credit,2025-10-25,2030-04-29,Active,25000
793,793,4111000000000793,Debit,2026-03-06,2031-01-16,Active,75000
794,794,4111000000000794,Debit,2025-06-16,2030-08-25,Active,75000
795,795,4111000000000795,Credit,2025-04-14,2029-08-08,Active,50000
796,796,4111000000000796,Credit,2025-11-14,2030-03-16,Active,100000
797,797,4111000000000797,Debit,2025-05-02,2031-05-23,Active,75000
798,798,4111000000000798,Debit,2025-01-09,2030-06-29,Blocked,50000
799,799,4111000000000799,Debit,2025-05-26,2029-06-28,Active,75000
800,800,4111000000000800,Debit,2025-08-22,2031-02-24,Active,25000
801,801,4111000000000801,Credit,2025-10-15,2029-05-04,Active,50000
802,802,4111000000000802,Credit,2025-01-04,2030-07-11,Active,50000
803,803,4111000000000803,Credit,2025-07-25,2029-11-30,Active,75000
804,804,4111000000000804,Credit,2025-08-02,2029-04-30,Blocked,200000
805,805,4111000000000805,Credit,2026-02-10,2031-07-11,Active,75000
806,806,4111000000000806,Credit,2026-03-18,2029-12-10,Active,75000
807,807,4111000000000807,Credit,2026-01-15,2030-07-27,Active,75000
808,808,4111000000000808,Credit,2025-07-06,2030-10-12,Active,200000
809,809,4111000000000809,Credit,2025-04-02,2031-10-26,Active,200000
810,810,4111000000000810,Debit,2025-02-12,2031-05-27,Expired,25000
811,811,4111000000000811,Debit,2026-03-12,2029-01-13,Active,25000
812,812,4111000000000812,Debit,2026-02-15,2030-09-21,Active,50000
813,813,4111000000000813,Debit,2025-02-07,2030-04-30,Active,25000
814,814,4111000000000814,Credit,2026-03-21,2030-10-12,Active,25000
815,815,4111000000000815,Credit,2025-06-24,2031-09-12,Active,50000
816,816,4111000000000816,Credit,2025-10-12,2030-01-09,Active,75000
817,817,4111000000000817,Credit,2025-05-26,2031-12-01,Active,100000
818,818,4111000000000818,Credit,2025-10-28,2031-10-02,Active,50000
819,819,4111000000000819,Credit,2025-08-18,2031-06-23,Active,75000
820,820,4111000000000820,Credit,2025-03-18,2029-01-14,Active,200000
821,821,4111000000000821,Debit,2025-07-08,2030-08-13,Active,25000
822,822,4111000000000822,Debit,2026-02-17,2029-12-21,Active,25000
823,823,4111000000000823,Debit,2025-04-08,2029-05-09,Active,200000
824,824,4111000000000824,Debit,2026-03-26,2029-01-15,Active,200000
825,825,4111000000000825,Debit,2025-01-31,2031-02-12,Active,25000
826,826,4111000000000826,Debit,2025-08-01,2030-06-22,Active,50000
827,827,4111000000000827,Credit,2025-06-26,2029-02-19,Active,100000
828,828,4111000000000828,Credit,2025-09-23,2029-06-28,Active,50000
829,829,4111000000000829,Debit,2025-06-29,2031-09-11,Active,75000
830,830,4111000000000830,Credit,2025-10-15,2030-06-29,Active,100000
831,831,4111000000000831,Debit,2026-03-18,2032-03-15,Blocked,75000
832,832,4111000000000832,Debit,2025-11-13,2029-07-04,Active,100000
833,833,4111000000000833,Credit,2025-12-03,2032-02-09,Active,25000
834,834,4111000000000834,Credit,2025-01-28,2032-01-31,Active,100000
835,835,4111000000000835,Debit,2025-11-27,2031-08-19,Active,100000
836,836,4111000000000836,Debit,2025-04-12,2031-06-27,Active,50000
837,837,4111000000000837,Debit,2026-03-05,2029-03-01,Active,50000
838,838,4111000000000838,Debit,2025-10-23,2032-03-06,Blocked,50000
839,839,4111000000000839,Credit,2025-03-29,2029-07-26,Active,75000
840,840,4111000000000840,Debit,2025-11-24,2030-09-13,Active,200000
841,841,4111000000000841,Debit,2025-05-02,2029-12-08,Active,75000
842,842,4111000000000842,Debit,2026-02-09,2032-03-28,Active,200000
843,843,4111000000000843,Debit,2025-06-13,2032-02-13,Blocked,75000
844,844,4111000000000844,Credit,2025-03-04,2031-09-29,Active,100000
845,845,4111000000000845,Credit,2025-04-23,2029-11-27,Active,75000
846,846,4111000000000846,Debit,2025-01-11,2032-03-15,Active,75000
847,847,4111000000000847,Credit,2025-11-09,2029-08-27,Active,100000
848,848,4111000000000848,Credit,2025-01-02,2030-01-18,Active,100000
849,849,4111000000000849,Debit,2025-03-24,2029-04-24,Active,200000
850,850,4111000000000850,Credit,2026-01-24,2031-12-16,Blocked,25000
851,851,4111000000000851,Debit,2025-09-09,2030-11-01,Active,200000
852,852,4111000000000852,Debit,2025-03-08,2029-11-02,Active,25000
853,853,4111000000000853,Debit,2026-02-11,2031-01-17,Active,25000
854,854,4111000000000854,Debit,2025-03-30,2029-03-19,Active,75000
855,855,4111000000000855,Credit,2025-11-07,2031-08-12,Active,200000
856,856,4111000000000856,Credit,2025-06-28,2030-03-08,Active,75000
857,857,4111000000000857,Credit,2025-04-05,2030-04-30,Active,100000
858,858,4111000000000858,Debit,2026-02-13,2029-03-24,Active,75000
859,859,4111000000000859,Credit,2025-05-01,2031-03-06,Active,200000
860,860,4111000000000860,Credit,2025-02-26,2031-08-01,Active,50000
861,861,4111000000000861,Debit,2026-03-23,2032-03-14,Active,25000
862,862,4111000000000862,Debit,2026-02-03,2029-11-02,Active,50000
863,863,4111000000000863,Credit,2025-12-06,2029-02-19,Active,50000
864,864,4111000000000864,Credit,2025-05-22,2031-11-14,Active,200000
865,865,4111000000000865,Debit,2025-01-03,2032-03-26,Active,100000
866,866,4111000000000866,Debit,2025-04-18,2031-10-21,Active,25000
867,867,4111000000000867,Debit,2025-07-23,2029-04-10,Active,50000
868,868,4111000000000868,Debit,2025-04-17,2029-11-19,Active,100000
869,869,4111000000000869,Credit,2025-08-27,2029-10-13,Active,200000
870,870,4111000000000870,Debit,2025-03-01,2029-08-19,Active,25000
871,871,4111000000000871,Debit,2025-04-03,2029-03-27,Active,25000
872,872,4111000000000872,Credit,2025-03-11,2030-12-04,Active,200000
873,873,4111000000000873,Credit,2025-05-08,2030-02-10,Blocked,50000
874,874,4111000000000874,Debit,2025-05-31,2032-03-17,Active,100000
875,875,4111000000000875,Credit,2025-04-17,2032-01-04,Active,50000
876,876,4111000000000876,Credit,2025-11-30,2030-09-10,Active,25000
877,877,4111000000000877,Debit,2026-01-27,2030-08-01,Active,25000
878,878,4111000000000878,Credit,2025-01-12,2032-02-18,Active,200000
879,879,4111000000000879,Debit,2025-06-22,2029-01-18,Active,75000
880,880,4111000000000880,Debit,2025-03-18,2030-08-11,Active,25000
881,881,4111000000000881,Debit,2025-12-25,2031-01-22,Expired,75000
882,882,4111000000000882,Credit,2026-03-06,2029-05-16,Active,25000
883,883,4111000000000883,Debit,2026-01-02,2032-03-11,Active,50000
884,884,4111000000000884,Credit,2026-02-26,2029-02-04,Active,50000
885,885,4111000000000885,Credit,2025-03-02,2029-10-18,Active,100000
886,886,4111000000000886,Credit,2025-10-09,2030-10-31,Active,100000
887,887,4111000000000887,Credit,2026-01-26,2029-09-24,Active,25000
888,888,4111000000000888,Credit,2025-02-08,2029-11-16,Active,100000
889,889,4111000000000889,Debit,2025-08-05,2029-09-10,Active,50000
890,890,4111000000000890,Credit,2025-04-29,2032-02-16,Active,25000
891,891,4111000000000891,Debit,2025-11-03,2029-05-06,Active,25000
892,892,4111000000000892,Credit,2025-08-07,2029-02-15,Active,50000
893,893,4111000000000893,Debit,2026-03-17,2030-07-31,Active,25000
894,894,4111000000000894,Credit,2025-06-13,2030-06-19,Blocked,50000
895,895,4111000000000895,Debit,2025-04-24,2030-08-08,Active,25000
896,896,4111000000000896,Debit,2025-01-09,2031-01-14,Blocked,100000
897,897,4111000000000897,Credit,2025-10-16,2031-07-14,Active,75000
898,898,4111000000000898,Debit,2025-07-09,2031-06-26,Active,75000
899,899,4111000000000899,Credit,2025-05-26,2031-05-21,Active,50000
900,900,4111000000000900,Credit,2025-09-03,2029-08-06,Active,75000
901,901,4111000000000901,Credit,2025-08-11,2029-01-06,Active,200000
902,902,4111000000000902,Debit,2026-01-29,2029-08-31,Active,200000
903,903,4111000000000903,Debit,2025-01-20,2030-03-01,Active,100000
904,904,4111000000000904,Debit,2025-02-21,2031-07-10,Active,25000
905,905,4111000000000905,Credit,2025-03-24,2031-05-18,Active,200000
906,906,4111000000000906,Debit,2025-09-22,2029-07-19,Active,75000
907,907,4111000000000907,Credit,2025-02-24,2029-10-31,Active,25000
908,908,4111000000000908,Credit,2025-12-27,2029-05-05,Active,50000
909,909,4111000000000909,Debit,2025-07-29,2031-07-17,Active,25000
910,910,4111000000000910,Credit,2025-12-31,2030-04-15,Active,25000
911,911,4111000000000911,Credit,2025-07-04,2031-12-23,Blocked,100000
912,912,4111000000000912,Credit,2025-04-13,2031-04-01,Active,50000
913,913,4111000000000913,Debit,2025-01-09,2032-03-03,Active,75000
914,914,4111000000000914,Credit,2025-08-17,2031-05-23,Active,200000
915,915,4111000000000915,Credit,2025-09-12,2029-03-02,Active,200000
916,916,4111000000000916,Debit,2025-06-20,2030-02-12,Expired,50000
917,917,4111000000000917,Credit,2025-03-22,2031-06-20,Blocked,100000
918,918,4111000000000918,Credit,2025-08-12,2029-11-01,Active,200000
919,919,4111000000000919,Debit,2025-09-26,2030-05-08,Active,100000
920,920,4111000000000920,Debit,2025-01-17,2029-04-28,Expired,100000
921,921,4111000000000921,Credit,2025-08-06,2029-07-25,Active,75000
922,922,4111000000000922,Debit,2026-01-22,2029-05-19,Active,25000
923,923,4111000000000923,Credit,2025-10-29,2031-09-22,Active,25000
924,924,4111000000000924,Credit,2025-01-20,2029-02-10,Active,75000
925,925,4111000000000925,Debit,2025-10-06,2032-02-05,Active,200000
926,926,4111000000000926,Credit,2025-10-21,2029-01-07,Active,25000
927,927,4111000000000927,Credit,2026-02-06,2029-12-19,Active,200000
928,928,4111000000000928,Debit,2026-02-18,2030-09-02,Active,200000
929,929,4111000000000929,Credit,2025-07-22,2031-12-20,Expired,50000
930,930,4111000000000930,Debit,2025-04-12,2031-08-07,Active,25000
931,931,4111000000000931,Credit,2025-07-15,2032-02-14,Active,25000
932,932,4111000000000932,Credit,2025-07-15,2029-07-23,Active,100000
933,933,4111000000000933,Credit,2025-01-26,2031-09-21,Active,75000
934,934,4111000000000934,Debit,2025-04-30,2029-12-23,Active,100000
935,935,4111000000000935,Debit,2025-04-18,2031-11-22,Active,200000
936,936,4111000000000936,Credit,2025-10-26,2032-03-10,Blocked,200000
937,937,4111000000000937,Credit,2026-02-18,2029-01-31,Active,75000
938,938,4111000000000938,Debit,2025-08-09,2029-10-13,Active,100000
939,939,4111000000000939,Debit,2025-09-21,2031-08-02,Active,200000
940,940,4111000000000940,Debit,2025-02-24,2029-07-02,Active,50000
941,941,4111000000000941,Debit,2025-11-19,2030-06-16,Active,200000
942,942,4111000000000942,Debit,2025-05-01,2031-01-27,Active,200000
943,943,4111000000000943,Credit,2025-03-17,2029-08-18,Active,100000
944,944,4111000000000944,Debit,2026-01-10,2032-01-06,Active,200000
945,945,4111000000000945,Credit,2025-12-05,2031-11-07,Active,25000
946,946,4111000000000946,Credit,2025-05-14,2030-09-15,Active,50000
947,947,4111000000000947,Debit,2025-08-20,2030-12-31,Active,50000
948,948,4111000000000948,Credit,2025-09-17,2031-02-05,Active,25000
949,949,4111000000000949,Debit,2025-02-01,2029-02-22,Active,25000
950,950,4111000000000950,Credit,2025-08-31,2030-10-18,Active,25000
951,951,4111000000000951,Debit,2026-03-08,2030-01-22,Active,25000
952,952,4111000000000952,Credit,2025-11-01,2031-04-06,Active,25000
953,953,4111000000000953,Debit,2025-09-19,2031-10-21,Active,200000
954,954,4111000000000954,Credit,2026-02-10,2029-12-05,Active,100000
955,955,4111000000000955,Debit,2025-08-26,2031-03-15,Active,100000
956,956,4111000000000956,Debit,2025-05-17,2029-03-30,Active,50000
957,957,4111000000000957,Debit,2025-05-13,2029-07-01,Active,100000
958,958,4111000000000958,Debit,2025-07-01,2031-05-25,Active,200000
959,959,4111000000000959,Debit,2025-04-01,2031-09-26,Active,200000
960,960,4111000000000960,Debit,2025-06-20,2031-02-12,Active,100000
961,961,4111000000000961,Credit,2025-04-04,2030-08-23,Active,200000
962,962,4111000000000962,Credit,2025-12-26,2030-08-03,Active,100000
963,963,4111000000000963,Credit,2025-10-07,2030-05-25,Active,200000
964,964,4111000000000964,Credit,2025-01-14,2030-06-29,Active,75000
965,965,4111000000000965,Debit,2025-02-03,2031-06-29,Active,200000
966,966,4111000000000966,Credit,2025-02-22,2031-03-02,Active,75000
967,967,4111000000000967,Debit,2026-02-27,2031-04-13,Active,200000
968,968,4111000000000968,Debit,2025-01-01,2031-10-27,Blocked,50000
969,969,4111000000000969,Credit,2025-10-01,2031-03-31,Active,200000
970,970,4111000000000970,Debit,2025-11-11,2029-03-26,Active,50000
971,971,4111000000000971,Credit,2025-07-22,2031-09-10,Active,200000
972,972,4111000000000972,Credit,2025-11-05,2032-03-25,Active,25000
973,973,4111000000000973,Debit,2025-02-15,2030-09-07,Active,25000
974,974,4111000000000974,Debit,2025-07-03,2029-12-01,Expired,50000
975,975,4111000000000975,Credit,2025-02-25,2030-04-22,Active,100000
976,976,4111000000000976,Debit,2025-06-24,2030-01-18,Expired,25000
977,977,4111000000000977,Credit,2025-06-14,2032-02-14,Active,100000
978,978,4111000000000978,Credit,2026-02-04,2029-02-14,Blocked,75000
979,979,4111000000000979,Credit,2026-01-20,2030-09-11,Active,75000
980,980,4111000000000980,Debit,2025-11-12,2029-07-19,Active,25000
981,981,4111000000000981,Debit,2025-12-23,2030-08-16,Active,200000
982,982,4111000000000982,Credit,2025-07-25,2029-05-10,Active,100000
983,983,4111000000000983,Debit,2026-01-31,2031-11-23,Active,75000
984,984,4111000000000984,Debit,2025-10-07,2032-01-14,Blocked,25000
985,985,4111000000000985,Credit,2025-08-25,2032-02-03,Active,75000
986,986,4111000000000986,Debit,2025-08-15,2030-07-09,Active,25000
987,987,4111000000000987,Debit,2026-03-06,2030-10-31,Active,100000
988,988,4111000000000988,Credit,2025-05-16,2032-01-24,Active,200000
989,989,4111000000000989,Debit,2025-12-24,2032-04-06,Active,200000
990,990,4111000000000990,Credit,2025-06-09,2031-11-04,Active,75000
991,991,4111000000000991,Debit,2025-06-17,2030-11-28,Active,75000
992,992,4111000000000992,Debit,2025-02-26,2029-09-12,Active,200000
993,993,4111000000000993,Debit,2025-01-30,2031-09-06,Expired,50000
994,994,4111000000000994,Credit,2025-12-22,2029-04-02,Active,25000
995,995,4111000000000995,Credit,2025-02-10,2031-05-16,Active,25000
996,996,4111000000000996,Debit,2026-03-03,2032-01-07,Active,200000
997,997,4111000000000997,Credit,2025-04-17,2031-05-13,Active,100000
998,998,4111000000000998,Debit,2025-02-21,2031-11-21,Active,75000
999,999,4111000000000999,Credit,2025-11-03,2029-04-25,Active,25000
1000,1000,4111000000001000,Debit,2025-01-13,2032-03-18,Active,50000
