customer_id,first_name,last_name,email,phone,city,state,date_of_birth,customer_since
1,Divya,Kumar,divya.kumar1@example.com,9000000000,Mumbai,Karnataka,1980-01-10,2025-03-13
2,Divya,Mishra,divya.mishra2@example.com,9000000001,Coimbatore,Delhi,1997-11-07,2025-01-17
3,Arun,Iyer,arun.iyer3@example.com,9000000002,Hyderabad,Karnataka,2005-05-03,2025-11-05
4,Arun,Mishra,arun.mishra4@example.com,9000000003,Hyderabad,Kerala,2008-11-20,2025-08-03
5,Meena,Bose,meena.bose5@example.com,9000000004,Salem,Telangana,1960-07-31,2026-01-24
6,Ananya,Pillai,ananya.pillai6@example.com,9000000005,Pune,Telangana,1973-12-12,2025-04-21
7,Ravi,Reddy,ravi.reddy7@example.com,9000000006,Coimbatore,Maharashtra,1968-09-04,2025-07-03
8,Nithya,Balan,nithya.balan8@example.com,9000000007,Mumbai,Tamil Nadu,2001-03-20,2025-10-02
9,Divya,Joshi,divya.joshi9@example.com,9000000008,Coimbatore,Delhi,1986-04-20,2026-03-01
10,Keerthi,Gupta,keerthi.gupta10@example.com,9000000009,Salem,Karnataka,1966-03-29,2025-01-24
11,Meena,Menon,meena.menon11@example.com,9000000010,Coimbatore,Karnataka,1969-01-22,2025-07-14
12,Suresh,Bose,suresh.bose12@example.com,9000000011,Pune,Karnataka,1993-03-18,2025-07-01
13,Vikram,Das,vikram.das13@example.com,9000000012,Coimbatore,Delhi,1975-05-09,2025-10-01
14,Meena,Nair,meena.nair14@example.com,9000000013,Kochi,Maharashtra,1984-03-20,2026-04-19
15,Harini,Singh,harini.singh15@example.com,9000000014,Pune,Tamil Nadu,1980-07-19,2026-02-25
16,Priya,Krishnan,priya.krishnan16@example.com,9000000015,Delhi,Telangana,1965-12-08,2025-04-19
17,Dinesh,Krishnan,dinesh.krishnan17@example.com,9000000016,Hyderabad,Kerala,2004-10-14,2025-07-22
18,Ajay,Patel,ajay.patel18@example.com,9000000017,Mumbai,Karnataka,1982-02-15,2026-01-17
19,Harini,Mishra,harini.mishra19@example.com,9000000018,Mumbai,Kerala,1998-06-08,2026-04-05
20,Dinesh,Joshi,dinesh.joshi20@example.com,9000000019,Pune,Karnataka,1972-05-29,2025-09-18
21,Deepa,Iyer,deepa.iyer21@example.com,9000000020,Chennai,Tamil Nadu,1973-09-17,2025-11-18
22,Ananya,Pillai,ananya.pillai22@example.com,9000000021,Salem,Tamil Nadu,1994-07-09,2025-07-15
23,Keerthi,Bose,keerthi.bose23@example.com,9000000022,Madurai,Telangana,1961-01-11,2025-12-15
24,Divya,Mishra,divya.mishra24@example.com,9000000023,Mumbai,Kerala,1990-07-08,2025-02-27
25,Kavya,Pillai,kavya.pillai25@example.com,9000000024,Bengaluru,Maharashtra,1960-04-16,2026-05-04
26,Suresh,Shah,suresh.shah26@example.com,9000000025,Bengaluru,Delhi,1969-07-18,2026-03-22
27,Kavya,Shah,kavya.shah27@example.com,9000000026,Salem,Karnataka,1973-09-17,2025-07-11
28,Ananya,Mishra,ananya.mishra28@example.com,9000000027,Madurai,Tamil Nadu,1989-01-29,2025-09-08
29,Arun,Reddy,arun.reddy29@example.com,9000000028,Pune,Telangana,1981-06-25,2025-01-30
30,Meena,Naidu,meena.naidu30@example.com,9000000029,Coimbatore,Tamil Nadu,2003-08-07,2026-02-22
31,Rahul,Mishra,rahul.mishra31@example.com,9000000030,Bengaluru,Karnataka,2002-08-22,2026-04-30
32,Harini,Nair,harini.nair32@example.com,9000000031,Mumbai,Delhi,1997-12-17,2026-05-09
33,Vikram,Mishra,vikram.mishra33@example.com,9000000032,Hyderabad,Kerala,1987-12-19,2025-07-24
34,Nithya,Bose,nithya.bose34@example.com,9000000033,Madurai,Maharashtra,1970-11-09,2025-05-07
35,Meena,Iyer,meena.iyer35@example.com,9000000034,Pune,Tamil Nadu,1980-08-23,2025-10-29
36,Meena,Kumar,meena.kumar36@example.com,9000000035,Coimbatore,Kerala,1965-04-13,2025-04-28
37,Rahul,Sharma,rahul.sharma37@example.com,9000000036,Pune,Tamil Nadu,2006-02-15,2025-05-02
38,Suresh,Verma,suresh.verma38@example.com,9000000037,Hyderabad,Delhi,1971-11-14,2026-01-06
39,Dinesh,Naidu,dinesh.naidu39@example.com,9000000038,Kochi,Karnataka,2002-06-07,2026-02-18
40,Swathi,Rao,swathi.rao40@example.com,9000000039,Coimbatore,Tamil Nadu,1998-09-02,2025-07-01
41,Swathi,Pillai,swathi.pillai41@example.com,9000000040,Kochi,Kerala,1964-11-10,2025-12-11
42,Divya,Sharma,divya.sharma42@example.com,9000000041,Delhi,Kerala,1990-06-10,2026-02-14
43,Divya,Singh,divya.singh43@example.com,9000000042,Hyderabad,Karnataka,2008-02-11,2025-08-18
44,Karthik,Pillai,karthik.pillai44@example.com,9000000043,Bengaluru,Telangana,2001-07-03,2025-05-08
45,Rahul,Bose,rahul.bose45@example.com,9000000044,Madurai,Tamil Nadu,1964-07-15,2025-11-30
46,Harini,Kumar,harini.kumar46@example.com,9000000045,Coimbatore,Karnataka,1974-12-02,2025-07-28
47,Deepa,Verma,deepa.verma47@example.com,9000000046,Hyderabad,Maharashtra,1965-04-05,2025-03-26
48,Sanjay,Kumar,sanjay.kumar48@example.com,9000000047,Delhi,Telangana,2000-10-26,2025-05-27
49,Swathi,Mishra,swathi.mishra49@example.com,9000000048,Kochi,Karnataka,1977-01-13,2025-06-01
50,Vikram,Sharma,vikram.sharma50@example.com,9000000049,Salem,Kerala,2008-08-22,2025-02-01
51,Ravi,Sharma,ravi.sharma51@example.com,9000000050,Chennai,Delhi,2002-10-10,2025-09-15
52,Manoj,Nair,manoj.nair52@example.com,9000000051,Chennai,Delhi,1967-03-10,2026-03-12
53,Ananya,Iyer,ananya.iyer53@example.com,9000000052,Salem,Tamil Nadu,1981-02-06,2025-07-26
54,Divya,Naidu,divya.naidu54@example.com,9000000053,Hyderabad,Delhi,1963-07-26,2025-11-14
55,Rahul,Pillai,rahul.pillai55@example.com,9000000054,Salem,Delhi,2006-11-25,2025-06-11
56,Suresh,Rao,suresh.rao56@example.com,9000000055,Pune,Karnataka,1983-10-30,2025-07-22
57,Karthik,Menon,karthik.menon57@example.com,9000000056,Kochi,Telangana,1966-07-05,2025-01-05
58,Ajay,Balan,ajay.balan58@example.com,9000000057,Salem,Tamil Nadu,1966-07-28,2025-10-03
59,Vikram,Shah,vikram.shah59@example.com,9000000058,Mumbai,Karnataka,1991-04-24,2026-03-28
60,Rahul,Singh,rahul.singh60@example.com,9000000059,Pune,Telangana,1974-02-25,2025-08-13
61,Harini,Menon,harini.menon61@example.com,9000000060,Salem,Kerala,2007-06-15,2025-01-05
62,Harini,Menon,harini.menon62@example.com,9000000061,Coimbatore,Karnataka,1983-09-23,2025-03-01
63,Divya,Mishra,divya.mishra63@example.com,9000000062,Bengaluru,Telangana,1985-04-11,2025-11-06
64,Vikram,Krishnan,vikram.krishnan64@example.com,9000000063,Hyderabad,Kerala,1983-09-07,2025-09-16
65,Deepa,Das,deepa.das65@example.com,9000000064,Chennai,Tamil Nadu,1997-12-31,2026-03-01
66,Suresh,Sharma,suresh.sharma66@example.com,9000000065,Chennai,Telangana,1971-09-26,2025-11-23
67,Suresh,Nair,suresh.nair67@example.com,9000000066,Kochi,Delhi,1998-05-15,2025-10-15
68,Arun,Reddy,arun.reddy68@example.com,9000000067,Coimbatore,Kerala,1973-05-16,2025-10-07
69,Priya,Gupta,priya.gupta69@example.com,9000000068,Salem,Delhi,1973-04-14,2025-08-09
70,Karthik,Sharma,karthik.sharma70@example.com,9000000069,Mumbai,Telangana,1963-07-31,2026-04-06
71,Nithya,Rao,nithya.rao71@example.com,9000000070,Hyderabad,Kerala,1969-03-22,2025-07-01
72,Harini,Pillai,harini.pillai72@example.com,9000000071,Salem,Kerala,1973-11-12,2026-04-19
73,Meena,Nair,meena.nair73@example.com,9000000072,Bengaluru,Maharashtra,1962-03-23,2025-04-02
74,Ravi,Pillai,ravi.pillai74@example.com,9000000073,Hyderabad,Telangana,1974-04-13,2026-02-08
75,Divya,Joshi,divya.joshi75@example.com,9000000074,Chennai,Maharashtra,1979-12-15,2025-04-13
76,Ajay,Gupta,ajay.gupta76@example.com,9000000075,Mumbai,Karnataka,1979-12-31,2025-01-13
77,Vikram,Joshi,vikram.joshi77@example.com,9000000076,Pune,Telangana,1966-03-24,2026-05-11
78,Suresh,Gupta,suresh.gupta78@example.com,9000000077,Madurai,Maharashtra,2008-02-08,2025-06-19
79,Arun,Reddy,arun.reddy79@example.com,9000000078,Mumbai,Karnataka,1983-10-25,2025-01-20
80,Divya,Balan,divya.balan80@example.com,9000000079,Delhi,Telangana,1988-02-21,2025-08-12
81,Keerthi,Shah,keerthi.shah81@example.com,9000000080,Coimbatore,Maharashtra,1977-01-19,2025-05-11
82,Priya,Pillai,priya.pillai82@example.com,9000000081,Chennai,Delhi,2008-04-21,2025-12-18
83,Vikram,Gupta,vikram.gupta83@example.com,9000000082,Delhi,Tamil Nadu,1989-08-15,2025-11-16
84,Ravi,Reddy,ravi.reddy84@example.com,9000000083,Mumbai,Delhi,1987-09-30,2025-12-08
85,Swathi,Krishnan,swathi.krishnan85@example.com,9000000084,Delhi,Kerala,1986-07-11,2025-10-11
86,Karthik,Rao,karthik.rao86@example.com,9000000085,Delhi,Kerala,1994-01-05,2025-12-13
87,Ananya,Balan,ananya.balan87@example.com,9000000086,Salem,Telangana,1996-06-06,2025-10-08
88,Arun,Menon,arun.menon88@example.com,9000000087,Mumbai,Karnataka,1998-07-26,2026-02-07
89,Dinesh,Balan,dinesh.balan89@example.com,9000000088,Pune,Maharashtra,1999-08-20,2025-08-15
90,Vikram,Shah,vikram.shah90@example.com,9000000089,Kochi,Kerala,1975-03-23,2025-12-04
91,Rahul,Menon,rahul.menon91@example.com,9000000090,Madurai,Kerala,1990-01-26,2025-02-17
92,Meena,Menon,meena.menon92@example.com,9000000091,Hyderabad,Karnataka,1973-03-21,2025-01-13
93,Priya,Singh,priya.singh93@example.com,9000000092,Kochi,Delhi,1966-07-14,2025-08-22
94,Swathi,Naidu,swathi.naidu94@example.com,9000000093,Hyderabad,Kerala,1994-06-13,2025-09-11
95,Sanjay,Singh,sanjay.singh95@example.com,9000000094,Bengaluru,Kerala,1960-06-30,2026-04-03
96,Divya,Pillai,divya.pillai96@example.com,9000000095,Hyderabad,Karnataka,2006-06-20,2025-08-26
97,Priya,Mishra,priya.mishra97@example.com,9000000096,Hyderabad,Tamil Nadu,2000-12-13,2025-03-10
98,Ajay,Shah,ajay.shah98@example.com,9000000097,Madurai,Delhi,1988-06-19,2026-05-02
99,Ajay,Balan,ajay.balan99@example.com,9000000098,Madurai,Maharashtra,2009-02-24,2025-08-17
100,Ananya,Verma,ananya.verma100@example.com,9000000099,Kochi,Telangana,1982-03-07,2026-03-07
101,Suresh,Shah,suresh.shah101@example.com,9000000100,Kochi,Kerala,1981-06-18,2025-05-21
102,Ajay,Iyer,ajay.iyer102@example.com,9000000101,Mumbai,Karnataka,1984-05-17,2025-06-21
103,Ravi,Mishra,ravi.mishra103@example.com,9000000102,Coimbatore,Karnataka,1973-07-13,2025-04-29
104,Sanjay,Patel,sanjay.patel104@example.com,9000000103,Hyderabad,Tamil Nadu,1997-03-21,2025-07-28
105,Ravi,Mishra,ravi.mishra105@example.com,9000000104,Kochi,Maharashtra,1965-08-02,2025-04-16
106,Swathi,Joshi,swathi.joshi106@example.com,9000000105,Salem,Kerala,1961-10-02,2026-03-15
107,Dinesh,Joshi,dinesh.joshi107@example.com,9000000106,Kochi,Tamil Nadu,1991-07-23,2025-06-02
108,Sanjay,Pillai,sanjay.pillai108@example.com,9000000107,Madurai,Kerala,2008-12-29,2026-02-14
109,Keerthi,Singh,keerthi.singh109@example.com,9000000108,Kochi,Karnataka,1984-06-26,2025-08-12
110,Deepa,Kumar,deepa.kumar110@example.com,9000000109,Delhi,Telangana,1996-04-09,2026-01-06
111,Ananya,Bose,ananya.bose111@example.com,9000000110,Bengaluru,Delhi,2007-12-02,2025-01-14
112,Sanjay,Naidu,sanjay.naidu112@example.com,9000000111,Salem,Kerala,1962-06-07,2025-02-12
113,Swathi,Patel,swathi.patel113@example.com,9000000112,Kochi,Karnataka,1964-07-05,2025-05-14
114,Sanjay,Krishnan,sanjay.krishnan114@example.com,9000000113,Hyderabad,Maharashtra,1989-04-28,2025-06-22
115,Sanjay,Das,sanjay.das115@example.com,9000000114,Delhi,Telangana,1967-05-07,2025-08-29
116,Arun,Mishra,arun.mishra116@example.com,9000000115,Chennai,Telangana,1980-02-12,2025-11-29
117,Rahul,Sharma,rahul.sharma117@example.com,9000000116,Chennai,Karnataka,1977-11-19,2026-03-06
118,Arun,Balan,arun.balan118@example.com,9000000117,Bengaluru,Karnataka,1971-04-29,2025-08-31
119,Divya,Naidu,divya.naidu119@example.com,9000000118,Hyderabad,Maharashtra,1982-12-27,2026-01-28
120,Nithya,Nair,nithya.nair120@example.com,9000000119,Salem,Delhi,1970-04-11,2026-02-03
121,Ananya,Menon,ananya.menon121@example.com,9000000120,Coimbatore,Delhi,1962-04-21,2026-04-21
122,Kavya,Naidu,kavya.naidu122@example.com,9000000121,Delhi,Maharashtra,1977-10-16,2025-02-08
123,Dinesh,Singh,dinesh.singh123@example.com,9000000122,Coimbatore,Kerala,1987-01-21,2026-03-12
124,Keerthi,Reddy,keerthi.reddy124@example.com,9000000123,Salem,Tamil Nadu,1991-02-24,2025-09-30
125,Swathi,Gupta,swathi.gupta125@example.com,9000000124,Coimbatore,Delhi,1990-08-12,2025-01-07
126,Swathi,Verma,swathi.verma126@example.com,9000000125,Coimbatore,Maharashtra,1992-06-29,2025-11-22
127,Ajay,Patel,ajay.patel127@example.com,9000000126,Delhi,Karnataka,2006-10-22,2026-05-10
128,Suresh,Balan,suresh.balan128@example.com,9000000127,Madurai,Maharashtra,2001-09-14,2025-08-12
129,Dinesh,Das,dinesh.das129@example.com,9000000128,Pune,Karnataka,1967-10-10,2025-05-23
130,Ajay,Singh,ajay.singh130@example.com,9000000129,Kochi,Delhi,1993-12-31,2025-06-22
131,Arun,Verma,arun.verma131@example.com,9000000130,Pune,Karnataka,2003-09-28,2025-04-19
132,Nithya,Das,nithya.das132@example.com,9000000131,Pune,Telangana,1984-10-13,2025-10-12
133,Arun,Shah,arun.shah133@example.com,9000000132,Hyderabad,Tamil Nadu,1981-08-26,2026-01-04
134,Swathi,Verma,swathi.verma134@example.com,9000000133,Madurai,Karnataka,2002-09-17,2025-11-27
135,Deepa,Bose,deepa.bose135@example.com,9000000134,Chennai,Tamil Nadu,1986-05-25,2025-04-24
136,Sanjay,Singh,sanjay.singh136@example.com,9000000135,Mumbai,Kerala,1993-02-08,2025-08-31
137,Harini,Shah,harini.shah137@example.com,9000000136,Pune,Maharashtra,1989-09-04,2025-06-30
138,Ajay,Das,ajay.das138@example.com,9000000137,Mumbai,Telangana,1980-09-06,2025-03-03
139,Vikram,Krishnan,vikram.krishnan139@example.com,9000000138,Coimbatore,Kerala,2008-01-28,2026-05-02
140,Ananya,Rao,ananya.rao140@example.com,9000000139,Hyderabad,Kerala,2003-06-10,2025-05-22
141,Dinesh,Shah,dinesh.shah141@example.com,9000000140,Salem,Telangana,1969-01-07,2026-03-03
142,Vikram,Menon,vikram.menon142@example.com,9000000141,Hyderabad,Telangana,1976-02-05,2025-06-04
143,Arun,Mishra,arun.mishra143@example.com,9000000142,Bengaluru,Telangana,1964-01-31,2026-05-14
144,Priya,Mishra,priya.mishra144@example.com,9000000143,Mumbai,Kerala,1971-04-30,2025-11-23
145,Deepa,Reddy,deepa.reddy145@example.com,9000000144,Chennai,Delhi,1985-07-05,2025-08-29
146,Deepa,Bose,deepa.bose146@example.com,9000000145,Pune,Karnataka,1964-08-10,2025-05-10
147,Deepa,Reddy,deepa.reddy147@example.com,9000000146,Coimbatore,Maharashtra,2004-02-12,2025-02-07
148,Dinesh,Sharma,dinesh.sharma148@example.com,9000000147,Bengaluru,Karnataka,1987-04-05,2025-02-13
149,Meena,Reddy,meena.reddy149@example.com,9000000148,Madurai,Maharashtra,1980-03-31,2026-02-02
150,Manoj,Joshi,manoj.joshi150@example.com,9000000149,Kochi,Maharashtra,1986-09-04,2026-03-17
151,Dinesh,Pillai,dinesh.pillai151@example.com,9000000150,Mumbai,Delhi,1965-05-27,2025-11-09
152,Divya,Rao,divya.rao152@example.com,9000000151,Hyderabad,Telangana,1967-04-14,2025-03-22
153,Meena,Nair,meena.nair153@example.com,9000000152,Madurai,Tamil Nadu,1974-01-16,2025-01-02
154,Swathi,Bose,swathi.bose154@example.com,9000000153,Salem,Maharashtra,1986-02-16,2025-01-17
155,Meena,Menon,meena.menon155@example.com,9000000154,Mumbai,Kerala,2000-09-24,2025-02-06
156,Meena,Das,meena.das156@example.com,9000000155,Salem,Kerala,1977-09-30,2025-08-06
157,Divya,Mishra,divya.mishra157@example.com,9000000156,Hyderabad,Kerala,1973-05-14,2026-04-11
158,Suresh,Patel,suresh.patel158@example.com,9000000157,Coimbatore,Tamil Nadu,1974-11-19,2026-02-10
159,Kavya,Balan,kavya.balan159@example.com,9000000158,Salem,Telangana,1999-05-26,2025-03-05
160,Ajay,Menon,ajay.menon160@example.com,9000000159,Delhi,Telangana,2004-11-24,2025-10-04
161,Deepa,Bose,deepa.bose161@example.com,9000000160,Coimbatore,Delhi,1963-07-30,2026-04-01
162,Swathi,Krishnan,swathi.krishnan162@example.com,9000000161,Salem,Telangana,1962-04-27,2025-02-16
163,Meena,Naidu,meena.naidu163@example.com,9000000162,Salem,Tamil Nadu,1984-03-06,2025-10-23
164,Priya,Nair,priya.nair164@example.com,9000000163,Kochi,Delhi,1999-09-03,2026-04-15
165,Suresh,Nair,suresh.nair165@example.com,9000000164,Salem,Maharashtra,2004-02-11,2026-05-12
166,Rahul,Verma,rahul.verma166@example.com,9000000165,Pune,Maharashtra,1989-11-25,2025-06-14
167,Divya,Nair,divya.nair167@example.com,9000000166,Pune,Maharashtra,2004-06-13,2025-05-28
168,Sanjay,Mishra,sanjay.mishra168@example.com,9000000167,Chennai,Maharashtra,1967-11-25,2025-06-11
169,Suresh,Krishnan,suresh.krishnan169@example.com,9000000168,Coimbatore,Maharashtra,2006-03-02,2026-02-27
170,Arun,Mishra,arun.mishra170@example.com,9000000169,Kochi,Maharashtra,1964-11-11,2025-04-07
171,Manoj,Gupta,manoj.gupta171@example.com,9000000170,Salem,Maharashtra,1999-08-28,2026-01-25
172,Priya,Rao,priya.rao172@example.com,9000000171,Mumbai,Delhi,1971-10-03,2026-04-20
173,Kavya,Bose,kavya.bose173@example.com,9000000172,Kochi,Tamil Nadu,1962-08-03,2026-05-14
174,Keerthi,Singh,keerthi.singh174@example.com,9000000173,Bengaluru,Telangana,1961-03-24,2025-10-10
175,Swathi,Iyer,swathi.iyer175@example.com,9000000174,Hyderabad,Tamil Nadu,2001-05-25,2026-04-30
176,Divya,Patel,divya.patel176@example.com,9000000175,Kochi,Kerala,1986-03-08,2025-09-18
177,Suresh,Pillai,suresh.pillai177@example.com,9000000176,Kochi,Maharashtra,1981-11-12,2025-08-22
178,Harini,Patel,harini.patel178@example.com,9000000177,Delhi,Karnataka,2005-08-06,2026-01-18
179,Karthik,Iyer,karthik.iyer179@example.com,9000000178,Mumbai,Maharashtra,1990-06-29,2026-04-24
180,Manoj,Das,manoj.das180@example.com,9000000179,Chennai,Telangana,1986-10-14,2026-03-05
181,Dinesh,Naidu,dinesh.naidu181@example.com,9000000180,Kochi,Karnataka,2000-01-23,2025-10-03
182,Deepa,Gupta,deepa.gupta182@example.com,9000000181,Pune,Delhi,2008-10-02,2025-07-13
183,Ajay,Krishnan,ajay.krishnan183@example.com,9000000182,Hyderabad,Kerala,1981-06-04,2025-10-20
184,Sanjay,Singh,sanjay.singh184@example.com,9000000183,Delhi,Tamil Nadu,1988-07-18,2026-01-17
185,Deepa,Joshi,deepa.joshi185@example.com,9000000184,Delhi,Kerala,1973-08-24,2025-09-11
186,Priya,Patel,priya.patel186@example.com,9000000185,Madurai,Delhi,1989-10-13,2026-03-22
187,Divya,Bose,divya.bose187@example.com,9000000186,Coimbatore,Delhi,2000-12-28,2025-01-08
188,Karthik,Pillai,karthik.pillai188@example.com,9000000187,Bengaluru,Tamil Nadu,2002-02-13,2026-02-05
189,Suresh,Krishnan,suresh.krishnan189@example.com,9000000188,Salem,Kerala,1995-08-29,2025-11-29
190,Rahul,Krishnan,rahul.krishnan190@example.com,9000000189,Madurai,Maharashtra,1988-05-29,2025-11-17
191,Deepa,Mishra,deepa.mishra191@example.com,9000000190,Chennai,Delhi,1966-02-20,2025-05-01
192,Kavya,Singh,kavya.singh192@example.com,9000000191,Coimbatore,Maharashtra,1968-10-30,2026-01-25
193,Divya,Bose,divya.bose193@example.com,9000000192,Bengaluru,Kerala,1986-11-12,2026-04-08
194,Arun,Sharma,arun.sharma194@example.com,9000000193,Pune,Tamil Nadu,1986-04-27,2025-07-03
195,Nithya,Pillai,nithya.pillai195@example.com,9000000194,Bengaluru,Karnataka,2007-08-27,2025-07-30
196,Dinesh,Nair,dinesh.nair196@example.com,9000000195,Bengaluru,Karnataka,1967-01-31,2025-11-09
197,Sanjay,Balan,sanjay.balan197@example.com,9000000196,Hyderabad,Maharashtra,1972-11-02,2025-04-29
198,Ajay,Das,ajay.das198@example.com,9000000197,Kochi,Telangana,1960-11-03,2026-04-06
199,Ajay,Menon,ajay.menon199@example.com,9000000198,Madurai,Karnataka,1966-08-17,2025-08-15
200,Nithya,Naidu,nithya.naidu200@example.com,9000000199,Mumbai,Kerala,1998-01-24,2025-12-20
201,Suresh,Bose,suresh.bose201@example.com,9000000200,Mumbai,Karnataka,1994-07-06,2026-03-13
202,Deepa,Reddy,deepa.reddy202@example.com,9000000201,Hyderabad,Maharashtra,1992-03-15,2025-10-22
203,Kavya,Menon,kavya.menon203@example.com,9000000202,Chennai,Kerala,1995-07-05,2025-05-21
204,Arun,Naidu,arun.naidu204@example.com,9000000203,Chennai,Delhi,2004-07-24,2026-03-03
205,Kavya,Singh,kavya.singh205@example.com,9000000204,Salem,Telangana,1979-08-25,2025-11-22
206,Vikram,Balan,vikram.balan206@example.com,9000000205,Mumbai,Kerala,1972-04-08,2025-11-18
207,Divya,Sharma,divya.sharma207@example.com,9000000206,Mumbai,Maharashtra,1962-12-29,2025-10-24
208,Nithya,Patel,nithya.patel208@example.com,9000000207,Coimbatore,Telangana,1989-04-23,2026-01-18
209,Swathi,Nair,swathi.nair209@example.com,9000000208,Hyderabad,Karnataka,2008-05-23,2026-03-25
210,Nithya,Shah,nithya.shah210@example.com,9000000209,Madurai,Telangana,1974-10-05,2025-05-12
211,Deepa,Menon,deepa.menon211@example.com,9000000210,Pune,Tamil Nadu,2002-01-06,2026-05-09
212,Rahul,Patel,rahul.patel212@example.com,9000000211,Hyderabad,Kerala,1995-08-27,2026-05-11
213,Harini,Gupta,harini.gupta213@example.com,9000000212,Coimbatore,Maharashtra,1961-04-01,2025-05-16
214,Harini,Reddy,harini.reddy214@example.com,9000000213,Kochi,Telangana,1983-07-09,2025-10-27
215,Sanjay,Gupta,sanjay.gupta215@example.com,9000000214,Coimbatore,Kerala,1980-12-22,2025-08-30
216,Arun,Balan,arun.balan216@example.com,9000000215,Madurai,Telangana,1979-11-10,2025-11-28
217,Rahul,Bose,rahul.bose217@example.com,9000000216,Mumbai,Kerala,1996-08-18,2025-03-01
218,Karthik,Sharma,karthik.sharma218@example.com,9000000217,Chennai,Telangana,2004-03-12,2025-03-01
219,Divya,Singh,divya.singh219@example.com,9000000218,Madurai,Karnataka,1994-11-13,2025-08-21
220,Nithya,Mishra,nithya.mishra220@example.com,9000000219,Delhi,Delhi,1973-11-11,2026-03-30
221,Swathi,Reddy,swathi.reddy221@example.com,9000000220,Kochi,Delhi,1996-08-12,2026-04-26
222,Suresh,Sharma,suresh.sharma222@example.com,9000000221,Pune,Karnataka,1999-10-11,2025-08-16
223,Meena,Gupta,meena.gupta223@example.com,9000000222,Coimbatore,Kerala,1992-12-14,2025-10-06
224,Nithya,Sharma,nithya.sharma224@example.com,9000000223,Delhi,Telangana,1977-01-10,2026-05-11
225,Divya,Bose,divya.bose225@example.com,9000000224,Coimbatore,Kerala,1979-01-11,2025-11-25
226,Keerthi,Kumar,keerthi.kumar226@example.com,9000000225,Chennai,Telangana,1981-11-07,2025-03-06
227,Dinesh,Rao,dinesh.rao227@example.com,9000000226,Coimbatore,Delhi,1978-08-02,2025-10-28
228,Vikram,Singh,vikram.singh228@example.com,9000000227,Pune,Karnataka,1960-04-02,2025-05-22
229,Karthik,Patel,karthik.patel229@example.com,9000000228,Madurai,Telangana,1975-08-27,2025-02-26
230,Arun,Patel,arun.patel230@example.com,9000000229,Chennai,Telangana,1981-05-06,2025-10-29
231,Ravi,Kumar,ravi.kumar231@example.com,9000000230,Bengaluru,Telangana,1964-09-13,2025-03-06
232,Swathi,Shah,swathi.shah232@example.com,9000000231,Coimbatore,Kerala,1965-09-13,2025-09-01
233,Ajay,Gupta,ajay.gupta233@example.com,9000000232,Madurai,Delhi,1969-10-13,2025-08-20
234,Manoj,Singh,manoj.singh234@example.com,9000000233,Salem,Tamil Nadu,2006-10-12,2025-06-04
235,Ajay,Kumar,ajay.kumar235@example.com,9000000234,Chennai,Maharashtra,1996-01-12,2025-08-07
236,Divya,Verma,divya.verma236@example.com,9000000235,Kochi,Tamil Nadu,1967-04-01,2025-06-14
237,Keerthi,Patel,keerthi.patel237@example.com,9000000236,Coimbatore,Karnataka,1984-09-02,2025-11-16
238,Dinesh,Mishra,dinesh.mishra238@example.com,9000000237,Pune,Maharashtra,2007-08-07,2025-05-31
239,Ajay,Shah,ajay.shah239@example.com,9000000238,Salem,Maharashtra,1968-11-23,2026-02-11
240,Divya,Mishra,divya.mishra240@example.com,9000000239,Hyderabad,Maharashtra,2000-07-05,2026-03-31
241,Meena,Pillai,meena.pillai241@example.com,9000000240,Pune,Maharashtra,1995-10-09,2025-08-01
242,Divya,Krishnan,divya.krishnan242@example.com,9000000241,Delhi,Telangana,1982-11-13,2025-07-11
243,Karthik,Verma,karthik.verma243@example.com,9000000242,Coimbatore,Tamil Nadu,1967-08-29,2025-02-17
244,Swathi,Reddy,swathi.reddy244@example.com,9000000243,Pune,Karnataka,1965-05-19,2025-10-28
245,Harini,Mishra,harini.mishra245@example.com,9000000244,Pune,Kerala,1970-12-19,2025-07-30
246,Nithya,Pillai,nithya.pillai246@example.com,9000000245,Chennai,Telangana,1988-01-12,2025-06-30
247,Divya,Naidu,divya.naidu247@example.com,9000000246,Madurai,Karnataka,1973-11-18,2025-12-03
248,Deepa,Singh,deepa.singh248@example.com,9000000247,Coimbatore,Telangana,1992-12-22,2025-02-28
249,Suresh,Naidu,suresh.naidu249@example.com,9000000248,Hyderabad,Maharashtra,1962-05-10,2025-11-08
250,Suresh,Kumar,suresh.kumar250@example.com,9000000249,Bengaluru,Telangana,1987-09-20,2026-04-17
251,Ravi,Gupta,ravi.gupta251@example.com,9000000250,Chennai,Karnataka,1972-11-07,2025-10-17
252,Sanjay,Iyer,sanjay.iyer252@example.com,9000000251,Bengaluru,Kerala,1962-10-01,2025-02-16
253,Manoj,Rao,manoj.rao253@example.com,9000000252,Delhi,Maharashtra,2000-09-12,2025-06-24
254,Ananya,Gupta,ananya.gupta254@example.com,9000000253,Mumbai,Kerala,1989-02-06,2026-02-02
255,Dinesh,Balan,dinesh.balan255@example.com,9000000254,Coimbatore,Tamil Nadu,1973-12-16,2025-03-22
256,Keerthi,Sharma,keerthi.sharma256@example.com,9000000255,Coimbatore,Telangana,1999-10-02,2025-12-05
257,Swathi,Verma,swathi.verma257@example.com,9000000256,Salem,Maharashtra,1997-02-26,2025-05-20
258,Vikram,Shah,vikram.shah258@example.com,9000000257,Coimbatore,Telangana,1998-07-27,2025-02-26
259,Kavya,Naidu,kavya.naidu259@example.com,9000000258,Kochi,Delhi,1987-09-02,2025-01-24
260,Meena,Joshi,meena.joshi260@example.com,9000000259,Salem,Tamil Nadu,1960-09-08,2025-04-15
261,Kavya,Rao,kavya.rao261@example.com,9000000260,Bengaluru,Telangana,1985-12-19,2025-06-17
262,Divya,Kumar,divya.kumar262@example.com,9000000261,Kochi,Kerala,1998-08-20,2025-03-31
263,Karthik,Joshi,karthik.joshi263@example.com,9000000262,Madurai,Kerala,1980-08-23,2025-09-14
264,Harini,Gupta,harini.gupta264@example.com,9000000263,Coimbatore,Maharashtra,1963-10-18,2025-08-12
265,Arun,Bose,arun.bose265@example.com,9000000264,Coimbatore,Telangana,1998-07-06,2025-10-21
266,Sanjay,Pillai,sanjay.pillai266@example.com,9000000265,Mumbai,Tamil Nadu,1996-05-03,2025-01-11
267,Ravi,Nair,ravi.nair267@example.com,9000000266,Salem,Maharashtra,1992-06-18,2025-02-15
268,Swathi,Reddy,swathi.reddy268@example.com,9000000267,Hyderabad,Maharashtra,1995-12-04,2025-09-26
269,Rahul,Joshi,rahul.joshi269@example.com,9000000268,Mumbai,Kerala,1990-06-17,2025-04-24
270,Ravi,Nair,ravi.nair270@example.com,9000000269,Coimbatore,Delhi,1970-03-25,2025-09-29
271,Manoj,Rao,manoj.rao271@example.com,9000000270,Pune,Telangana,1973-04-01,2025-05-01
272,Divya,Patel,divya.patel272@example.com,9000000271,Mumbai,Karnataka,1975-07-26,2025-11-05
273,Karthik,Iyer,karthik.iyer273@example.com,9000000272,Bengaluru,Kerala,2004-04-30,2025-08-26
274,Dinesh,Naidu,dinesh.naidu274@example.com,9000000273,Kochi,Kerala,1988-12-29,2026-03-19
275,Ravi,Patel,ravi.patel275@example.com,9000000274,Kochi,Tamil Nadu,2002-01-25,2025-08-15
276,Kavya,Das,kavya.das276@example.com,9000000275,Salem,Tamil Nadu,1991-07-29,2025-09-17
277,Rahul,Menon,rahul.menon277@example.com,9000000276,Kochi,Maharashtra,1963-05-17,2025-01-30
278,Nithya,Menon,nithya.menon278@example.com,9000000277,Coimbatore,Kerala,1968-02-06,2025-11-11
279,Keerthi,Shah,keerthi.shah279@example.com,9000000278,Delhi,Maharashtra,1963-09-06,2025-08-19
280,Dinesh,Rao,dinesh.rao280@example.com,9000000279,Pune,Delhi,2002-09-02,2025-09-14
281,Karthik,Sharma,karthik.sharma281@example.com,9000000280,Kochi,Tamil Nadu,1990-10-23,2026-01-01
282,Rahul,Shah,rahul.shah282@example.com,9000000281,Bengaluru,Tamil Nadu,1982-03-24,2025-12-29
283,Ajay,Bose,ajay.bose283@example.com,9000000282,Madurai,Delhi,1974-03-29,2025-07-06
284,Nithya,Menon,nithya.menon284@example.com,9000000283,Delhi,Maharashtra,1990-05-10,2025-12-14
285,Keerthi,Sharma,keerthi.sharma285@example.com,9000000284,Pune,Tamil Nadu,1989-07-30,2025-02-18
286,Harini,Joshi,harini.joshi286@example.com,9000000285,Mumbai,Telangana,1973-06-28,2025-06-20
287,Rahul,Naidu,rahul.naidu287@example.com,9000000286,Bengaluru,Telangana,1987-10-31,2026-05-11
288,Sanjay,Patel,sanjay.patel288@example.com,9000000287,Salem,Kerala,1967-08-08,2025-06-08
289,Harini,Joshi,harini.joshi289@example.com,9000000288,Pune,Karnataka,2007-03-23,2025-02-17
290,Swathi,Shah,swathi.shah290@example.com,9000000289,Pune,Tamil Nadu,1992-07-12,2025-06-08
291,Ananya,Rao,ananya.rao291@example.com,9000000290,Pune,Maharashtra,1977-03-23,2025-04-26
292,Karthik,Patel,karthik.patel292@example.com,9000000291,Coimbatore,Telangana,1969-01-27,2025-09-17
293,Harini,Shah,harini.shah293@example.com,9000000292,Chennai,Kerala,1990-03-19,2026-03-25
294,Keerthi,Patel,keerthi.patel294@example.com,9000000293,Salem,Maharashtra,1973-11-02,2025-03-25
295,Ananya,Balan,ananya.balan295@example.com,9000000294,Bengaluru,Kerala,1999-04-07,2025-01-23
296,Swathi,Gupta,swathi.gupta296@example.com,9000000295,Hyderabad,Maharashtra,1985-07-24,2026-01-21
297,Ajay,Singh,ajay.singh297@example.com,9000000296,Madurai,Karnataka,1987-10-06,2026-05-10
298,Deepa,Rao,deepa.rao298@example.com,9000000297,Pune,Kerala,1999-07-12,2025-08-25
299,Kavya,Joshi,kavya.joshi299@example.com,9000000298,Madurai,Delhi,1997-07-23,2026-05-10
300,Ananya,Rao,ananya.rao300@example.com,9000000299,Salem,Karnataka,1982-06-06,2025-01-27
301,Deepa,Gupta,deepa.gupta301@example.com,9000000300,Madurai,Tamil Nadu,2006-04-14,2026-03-12
302,Divya,Menon,divya.menon302@example.com,9000000301,Coimbatore,Karnataka,1984-06-21,2025-08-19
303,Manoj,Patel,manoj.patel303@example.com,9000000302,Delhi,Tamil Nadu,1979-12-02,2026-02-23
304,Ajay,Gupta,ajay.gupta304@example.com,9000000303,Chennai,Maharashtra,1964-10-11,2025-07-22
305,Manoj,Gupta,manoj.gupta305@example.com,9000000304,Hyderabad,Maharashtra,1967-04-28,2025-07-11
306,Meena,Kumar,meena.kumar306@example.com,9000000305,Pune,Tamil Nadu,1990-01-29,2026-02-10
307,Karthik,Patel,karthik.patel307@example.com,9000000306,Chennai,Telangana,2002-05-21,2025-12-23
308,Karthik,Verma,karthik.verma308@example.com,9000000307,Kochi,Delhi,1960-06-21,2026-04-09
309,Rahul,Kumar,rahul.kumar309@example.com,9000000308,Mumbai,Karnataka,1973-05-31,2025-10-08
310,Keerthi,Shah,keerthi.shah310@example.com,9000000309,Delhi,Tamil Nadu,1985-11-05,2025-05-02
311,Kavya,Reddy,kavya.reddy311@example.com,9000000310,Chennai,Karnataka,1997-08-30,2025-11-24
312,Keerthi,Bose,keerthi.bose312@example.com,9000000311,Coimbatore,Tamil Nadu,2004-11-03,2025-11-02
313,Harini,Kumar,harini.kumar313@example.com,9000000312,Madurai,Delhi,1981-09-14,2026-01-03
314,Karthik,Menon,karthik.menon314@example.com,9000000313,Delhi,Tamil Nadu,1991-08-27,2025-05-04
315,Dinesh,Pillai,dinesh.pillai315@example.com,9000000314,Bengaluru,Kerala,1967-09-06,2025-09-26
316,Nithya,Iyer,nithya.iyer316@example.com,9000000315,Madurai,Delhi,2005-07-07,2026-02-07
317,Manoj,Mishra,manoj.mishra317@example.com,9000000316,Chennai,Maharashtra,2002-03-06,2025-01-23
318,Sanjay,Gupta,sanjay.gupta318@example.com,9000000317,Mumbai,Kerala,1961-06-16,2025-07-02
319,Rahul,Gupta,rahul.gupta319@example.com,9000000318,Hyderabad,Kerala,1969-04-19,2026-01-31
320,Dinesh,Krishnan,dinesh.krishnan320@example.com,9000000319,Bengaluru,Tamil Nadu,1991-08-10,2025-10-07
321,Ravi,Nair,ravi.nair321@example.com,9000000320,Kochi,Kerala,2002-12-06,2025-11-20
322,Ananya,Patel,ananya.patel322@example.com,9000000321,Coimbatore,Kerala,2001-01-22,2025-01-19
323,Kavya,Rao,kavya.rao323@example.com,9000000322,Chennai,Karnataka,1963-10-05,2025-06-11
324,Kavya,Shah,kavya.shah324@example.com,9000000323,Delhi,Delhi,2002-06-21,2025-05-10
325,Priya,Rao,priya.rao325@example.com,9000000324,Mumbai,Telangana,1964-04-15,2026-03-20
326,Ravi,Das,ravi.das326@example.com,9000000325,Coimbatore,Telangana,1999-03-15,2026-04-01
327,Sanjay,Bose,sanjay.bose327@example.com,9000000326,Delhi,Telangana,1976-10-04,2025-09-12
328,Deepa,Gupta,deepa.gupta328@example.com,9000000327,Madurai,Telangana,1967-05-31,2026-01-08
329,Swathi,Iyer,swathi.iyer329@example.com,9000000328,Delhi,Delhi,1976-03-10,2025-10-07
330,Kavya,Krishnan,kavya.krishnan330@example.com,9000000329,Coimbatore,Tamil Nadu,1989-06-02,2025-12-05
331,Kavya,Menon,kavya.menon331@example.com,9000000330,Kochi,Delhi,1998-03-24,2025-03-27
332,Ajay,Gupta,ajay.gupta332@example.com,9000000331,Kochi,Tamil Nadu,1991-08-18,2025-11-11
333,Swathi,Das,swathi.das333@example.com,9000000332,Chennai,Tamil Nadu,1996-06-10,2025-07-06
334,Manoj,Nair,manoj.nair334@example.com,9000000333,Chennai,Karnataka,1999-04-24,2025-01-18
335,Karthik,Iyer,karthik.iyer335@example.com,9000000334,Hyderabad,Kerala,1992-11-11,2025-07-05
336,Sanjay,Naidu,sanjay.naidu336@example.com,9000000335,Chennai,Delhi,1973-10-06,2025-12-14
337,Ajay,Gupta,ajay.gupta337@example.com,9000000336,Pune,Maharashtra,1966-11-24,2025-10-21
338,Karthik,Shah,karthik.shah338@example.com,9000000337,Pune,Maharashtra,1988-03-15,2025-11-29
339,Suresh,Singh,suresh.singh339@example.com,9000000338,Coimbatore,Tamil Nadu,1976-09-09,2025-09-13
340,Manoj,Joshi,manoj.joshi340@example.com,9000000339,Madurai,Tamil Nadu,1983-06-26,2026-02-01
341,Suresh,Bose,suresh.bose341@example.com,9000000340,Hyderabad,Delhi,1985-08-14,2025-12-22
342,Deepa,Rao,deepa.rao342@example.com,9000000341,Coimbatore,Karnataka,1966-08-23,2025-08-20
343,Ananya,Bose,ananya.bose343@example.com,9000000342,Coimbatore,Kerala,1988-09-02,2025-12-08
344,Nithya,Iyer,nithya.iyer344@example.com,9000000343,Madurai,Delhi,1986-01-18,2026-04-02
345,Kavya,Nair,kavya.nair345@example.com,9000000344,Bengaluru,Telangana,2005-08-22,2025-04-25
346,Divya,Rao,divya.rao346@example.com,9000000345,Bengaluru,Karnataka,2004-04-27,2025-01-14
347,Nithya,Mishra,nithya.mishra347@example.com,9000000346,Salem,Telangana,2001-12-06,2026-02-16
348,Harini,Patel,harini.patel348@example.com,9000000347,Salem,Tamil Nadu,1965-11-24,2025-06-08
349,Sanjay,Verma,sanjay.verma349@example.com,9000000348,Madurai,Maharashtra,1996-09-24,2026-02-26
350,Dinesh,Iyer,dinesh.iyer350@example.com,9000000349,Bengaluru,Telangana,1966-08-27,2025-08-19
351,Ajay,Shah,ajay.shah351@example.com,9000000350,Pune,Karnataka,1976-04-28,2026-01-29
352,Karthik,Pillai,karthik.pillai352@example.com,9000000351,Madurai,Tamil Nadu,1971-02-20,2025-09-23
353,Karthik,Menon,karthik.menon353@example.com,9000000352,Bengaluru,Karnataka,1988-12-11,2026-04-24
354,Meena,Gupta,meena.gupta354@example.com,9000000353,Madurai,Telangana,1967-01-28,2025-05-09
355,Vikram,Mishra,vikram.mishra355@example.com,9000000354,Mumbai,Karnataka,1987-03-02,2025-11-11
356,Harini,Iyer,harini.iyer356@example.com,9000000355,Madurai,Kerala,1975-02-16,2025-10-31
357,Dinesh,Patel,dinesh.patel357@example.com,9000000356,Bengaluru,Kerala,1990-04-16,2026-03-08
358,Dinesh,Sharma,dinesh.sharma358@example.com,9000000357,Chennai,Tamil Nadu,1964-01-29,2026-05-01
359,Dinesh,Das,dinesh.das359@example.com,9000000358,Hyderabad,Delhi,1997-05-16,2025-11-13
360,Arun,Verma,arun.verma360@example.com,9000000359,Madurai,Telangana,1987-02-07,2025-09-05
361,Meena,Joshi,meena.joshi361@example.com,9000000360,Mumbai,Maharashtra,1966-07-19,2025-12-19
362,Priya,Nair,priya.nair362@example.com,9000000361,Kochi,Maharashtra,2003-06-11,2025-08-26
363,Vikram,Krishnan,vikram.krishnan363@example.com,9000000362,Salem,Karnataka,1988-01-16,2026-03-18
364,Ravi,Gupta,ravi.gupta364@example.com,9000000363,Delhi,Karnataka,1993-03-29,2025-09-21
365,Harini,Reddy,harini.reddy365@example.com,9000000364,Pune,Karnataka,2001-11-06,2025-03-04
366,Suresh,Bose,suresh.bose366@example.com,9000000365,Hyderabad,Karnataka,1968-09-07,2025-01-26
367,Kavya,Joshi,kavya.joshi367@example.com,9000000366,Salem,Maharashtra,1982-04-10,2026-05-08
368,Ananya,Krishnan,ananya.krishnan368@example.com,9000000367,Salem,Kerala,1988-01-21,2025-04-08
369,Ananya,Verma,ananya.verma369@example.com,9000000368,Madurai,Maharashtra,2004-09-29,2026-03-27
370,Kavya,Verma,kavya.verma370@example.com,9000000369,Chennai,Tamil Nadu,1995-04-12,2025-09-16
371,Ajay,Singh,ajay.singh371@example.com,9000000370,Hyderabad,Delhi,1991-08-29,2025-01-25
372,Priya,Menon,priya.menon372@example.com,9000000371,Kochi,Delhi,2002-03-21,2025-05-27
373,Harini,Kumar,harini.kumar373@example.com,9000000372,Coimbatore,Maharashtra,1972-01-06,2026-03-28
374,Suresh,Gupta,suresh.gupta374@example.com,9000000373,Delhi,Telangana,1964-01-22,2025-07-25
375,Priya,Naidu,priya.naidu375@example.com,9000000374,Madurai,Karnataka,1992-07-10,2025-10-11
376,Kavya,Iyer,kavya.iyer376@example.com,9000000375,Delhi,Delhi,2000-05-27,2026-01-27
377,Harini,Das,harini.das377@example.com,9000000376,Salem,Kerala,1970-08-29,2025-03-07
378,Divya,Joshi,divya.joshi378@example.com,9000000377,Pune,Telangana,1992-10-19,2026-01-22
379,Karthik,Rao,karthik.rao379@example.com,9000000378,Salem,Delhi,1996-01-04,2025-09-14
380,Priya,Sharma,priya.sharma380@example.com,9000000379,Chennai,Karnataka,1989-11-17,2026-02-16
381,Deepa,Shah,deepa.shah381@example.com,9000000380,Kochi,Karnataka,2006-04-01,2025-03-13
382,Ravi,Balan,ravi.balan382@example.com,9000000381,Pune,Karnataka,1995-04-03,2025-11-12
383,Kavya,Naidu,kavya.naidu383@example.com,9000000382,Pune,Delhi,2005-09-23,2025-09-30
384,Deepa,Naidu,deepa.naidu384@example.com,9000000383,Mumbai,Maharashtra,1961-06-29,2025-07-08
385,Ravi,Reddy,ravi.reddy385@example.com,9000000384,Delhi,Delhi,1987-08-08,2026-02-12
386,Arun,Balan,arun.balan386@example.com,9000000385,Kochi,Telangana,1980-05-31,2026-01-05
387,Priya,Naidu,priya.naidu387@example.com,9000000386,Kochi,Karnataka,2007-01-12,2025-11-19
388,Keerthi,Joshi,keerthi.joshi388@example.com,9000000387,Bengaluru,Kerala,1981-09-23,2025-01-17
389,Dinesh,Reddy,dinesh.reddy389@example.com,9000000388,Hyderabad,Tamil Nadu,1999-07-26,2025-06-10
390,Swathi,Patel,swathi.patel390@example.com,9000000389,Delhi,Kerala,1978-04-17,2025-07-30
391,Manoj,Balan,manoj.balan391@example.com,9000000390,Kochi,Kerala,1965-08-02,2025-12-28
392,Karthik,Shah,karthik.shah392@example.com,9000000391,Hyderabad,Delhi,1989-02-28,2025-12-06
393,Deepa,Shah,deepa.shah393@example.com,9000000392,Delhi,Telangana,1975-07-15,2025-08-24
394,Harini,Krishnan,harini.krishnan394@example.com,9000000393,Madurai,Telangana,1983-09-19,2025-11-09
395,Deepa,Rao,deepa.rao395@example.com,9000000394,Hyderabad,Telangana,1986-10-12,2025-04-26
396,Kavya,Menon,kavya.menon396@example.com,9000000395,Hyderabad,Kerala,2003-11-14,2025-06-12
397,Deepa,Gupta,deepa.gupta397@example.com,9000000396,Madurai,Kerala,1984-07-13,2025-05-28
398,Divya,Naidu,divya.naidu398@example.com,9000000397,Madurai,Maharashtra,1995-05-25,2026-02-24
399,Nithya,Patel,nithya.patel399@example.com,9000000398,Mumbai,Tamil Nadu,1985-10-21,2026-05-05
400,Rahul,Gupta,rahul.gupta400@example.com,9000000399,Kochi,Kerala,1983-01-03,2026-01-18
401,Deepa,Rao,deepa.rao401@example.com,9000000400,Hyderabad,Delhi,1984-04-28,2026-04-23
402,Harini,Das,harini.das402@example.com,9000000401,Bengaluru,Tamil Nadu,1981-06-19,2025-05-05
403,Priya,Shah,priya.shah403@example.com,9000000402,Hyderabad,Kerala,1980-11-20,2025-01-27
404,Divya,Pillai,divya.pillai404@example.com,9000000403,Pune,Kerala,2002-05-19,2025-02-21
405,Karthik,Kumar,karthik.kumar405@example.com,9000000404,Madurai,Karnataka,1996-07-03,2025-12-01
406,Deepa,Verma,deepa.verma406@example.com,9000000405,Hyderabad,Telangana,1988-10-24,2025-05-27
407,Priya,Iyer,priya.iyer407@example.com,9000000406,Salem,Karnataka,2008-01-04,2026-01-14
408,Priya,Nair,priya.nair408@example.com,9000000407,Delhi,Karnataka,1963-04-05,2026-03-05
409,Sanjay,Verma,sanjay.verma409@example.com,9000000408,Bengaluru,Kerala,1985-12-20,2026-03-25
410,Priya,Kumar,priya.kumar410@example.com,9000000409,Mumbai,Delhi,1969-08-17,2026-04-21
411,Ravi,Menon,ravi.menon411@example.com,9000000410,Kochi,Kerala,2008-09-27,2025-09-26
412,Deepa,Patel,deepa.patel412@example.com,9000000411,Madurai,Maharashtra,1984-06-23,2025-04-09
413,Divya,Krishnan,divya.krishnan413@example.com,9000000412,Bengaluru,Kerala,2001-03-03,2025-11-28
414,Suresh,Nair,suresh.nair414@example.com,9000000413,Chennai,Kerala,1990-03-30,2026-02-09
415,Kavya,Naidu,kavya.naidu415@example.com,9000000414,Hyderabad,Karnataka,1996-05-18,2026-02-28
416,Swathi,Shah,swathi.shah416@example.com,9000000415,Pune,Tamil Nadu,1995-12-17,2025-12-09
417,Divya,Nair,divya.nair417@example.com,9000000416,Bengaluru,Maharashtra,1989-01-11,2026-04-25
418,Meena,Kumar,meena.kumar418@example.com,9000000417,Mumbai,Maharashtra,1981-02-16,2025-08-17
419,Suresh,Krishnan,suresh.krishnan419@example.com,9000000418,Mumbai,Delhi,1961-01-09,2025-05-14
420,Nithya,Singh,nithya.singh420@example.com,9000000419,Chennai,Kerala,1970-08-09,2025-08-27
421,Kavya,Nair,kavya.nair421@example.com,9000000420,Delhi,Kerala,2005-01-30,2026-04-18
422,Kavya,Reddy,kavya.reddy422@example.com,9000000421,Mumbai,Telangana,1979-10-24,2025-04-23
423,Karthik,Verma,karthik.verma423@example.com,9000000422,Bengaluru,Maharashtra,1993-07-08,2025-08-01
424,Harini,Verma,harini.verma424@example.com,9000000423,Madurai,Kerala,1979-08-05,2026-01-26
425,Meena,Balan,meena.balan425@example.com,9000000424,Coimbatore,Delhi,2000-01-30,2025-09-28
426,Nithya,Iyer,nithya.iyer426@example.com,9000000425,Salem,Tamil Nadu,1965-07-16,2026-03-01
427,Harini,Shah,harini.shah427@example.com,9000000426,Hyderabad,Delhi,2008-02-23,2025-03-18
428,Ananya,Krishnan,ananya.krishnan428@example.com,9000000427,Madurai,Maharashtra,1970-06-05,2025-12-15
429,Vikram,Naidu,vikram.naidu429@example.com,9000000428,Kochi,Tamil Nadu,2005-10-14,2025-08-17
430,Priya,Bose,priya.bose430@example.com,9000000429,Bengaluru,Delhi,1997-04-08,2025-08-22
431,Dinesh,Sharma,dinesh.sharma431@example.com,9000000430,Madurai,Maharashtra,1987-08-25,2026-01-06
432,Arun,Joshi,arun.joshi432@example.com,9000000431,Mumbai,Tamil Nadu,1979-07-20,2025-10-24
433,Rahul,Sharma,rahul.sharma433@example.com,9000000432,Delhi,Telangana,1965-09-20,2025-10-05
434,Priya,Iyer,priya.iyer434@example.com,9000000433,Kochi,Tamil Nadu,1985-10-03,2025-07-29
435,Ananya,Patel,ananya.patel435@example.com,9000000434,Delhi,Telangana,1994-04-25,2025-08-18
436,Sanjay,Joshi,sanjay.joshi436@example.com,9000000435,Coimbatore,Kerala,2008-05-19,2025-03-10
437,Nithya,Reddy,nithya.reddy437@example.com,9000000436,Bengaluru,Delhi,1995-04-06,2025-09-28
438,Karthik,Singh,karthik.singh438@example.com,9000000437,Chennai,Tamil Nadu,1986-10-07,2025-08-26
439,Harini,Pillai,harini.pillai439@example.com,9000000438,Madurai,Maharashtra,1980-08-08,2025-05-07
440,Ajay,Gupta,ajay.gupta440@example.com,9000000439,Bengaluru,Telangana,1976-11-28,2026-04-25
441,Divya,Sharma,divya.sharma441@example.com,9000000440,Delhi,Delhi,1961-05-27,2025-05-04
442,Vikram,Iyer,vikram.iyer442@example.com,9000000441,Coimbatore,Delhi,1963-01-05,2025-08-17
443,Keerthi,Sharma,keerthi.sharma443@example.com,9000000442,Hyderabad,Kerala,1963-12-20,2025-07-25
444,Ajay,Singh,ajay.singh444@example.com,9000000443,Madurai,Karnataka,1965-01-23,2025-03-13
445,Manoj,Menon,manoj.menon445@example.com,9000000444,Hyderabad,Kerala,1988-08-10,2025-10-23
446,Keerthi,Krishnan,keerthi.krishnan446@example.com,9000000445,Hyderabad,Telangana,1972-11-07,2025-12-05
447,Manoj,Singh,manoj.singh447@example.com,9000000446,Delhi,Telangana,1984-09-07,2025-02-01
448,Harini,Naidu,harini.naidu448@example.com,9000000447,Bengaluru,Kerala,1998-04-29,2025-10-12
449,Deepa,Sharma,deepa.sharma449@example.com,9000000448,Pune,Kerala,1994-03-12,2026-02-07
450,Manoj,Krishnan,manoj.krishnan450@example.com,9000000449,Delhi,Maharashtra,1973-05-21,2025-06-03
451,Sanjay,Nair,sanjay.nair451@example.com,9000000450,Madurai,Maharashtra,1981-08-14,2026-03-11
452,Meena,Menon,meena.menon452@example.com,9000000451,Bengaluru,Maharashtra,1965-03-03,2025-10-15
453,Swathi,Pillai,swathi.pillai453@example.com,9000000452,Madurai,Delhi,1972-01-11,2025-07-18
454,Meena,Das,meena.das454@example.com,9000000453,Hyderabad,Telangana,1967-02-03,2026-04-18
455,Ajay,Gupta,ajay.gupta455@example.com,9000000454,Coimbatore,Delhi,1977-02-01,2025-01-27
456,Suresh,Joshi,suresh.joshi456@example.com,9000000455,Salem,Delhi,1963-07-19,2026-03-24
457,Rahul,Rao,rahul.rao457@example.com,9000000456,Salem,Kerala,1979-06-21,2025-09-03
458,Vikram,Krishnan,vikram.krishnan458@example.com,9000000457,Mumbai,Tamil Nadu,1979-01-01,2026-04-25
459,Vikram,Reddy,vikram.reddy459@example.com,9000000458,Kochi,Karnataka,1978-05-07,2025-07-23
460,Meena,Mishra,meena.mishra460@example.com,9000000459,Pune,Telangana,1994-02-24,2025-08-27
461,Harini,Gupta,harini.gupta461@example.com,9000000460,Mumbai,Telangana,1992-04-06,2025-09-20
462,Deepa,Bose,deepa.bose462@example.com,9000000461,Coimbatore,Kerala,2002-02-13,2026-01-25
463,Ravi,Rao,ravi.rao463@example.com,9000000462,Pune,Telangana,1997-02-18,2025-01-24
464,Dinesh,Singh,dinesh.singh464@example.com,9000000463,Bengaluru,Tamil Nadu,1983-05-25,2025-10-11
465,Dinesh,Naidu,dinesh.naidu465@example.com,9000000464,Delhi,Telangana,1973-09-03,2025-04-11
466,Ravi,Singh,ravi.singh466@example.com,9000000465,Delhi,Delhi,1982-01-17,2025-09-13
467,Harini,Krishnan,harini.krishnan467@example.com,9000000466,Mumbai,Maharashtra,2004-01-05,2025-08-24
468,Ananya,Gupta,ananya.gupta468@example.com,9000000467,Bengaluru,Karnataka,2009-01-12,2025-09-08
469,Ananya,Mishra,ananya.mishra469@example.com,9000000468,Chennai,Delhi,1963-01-13,2026-03-06
470,Rahul,Sharma,rahul.sharma470@example.com,9000000469,Chennai,Maharashtra,1972-05-02,2026-03-08
471,Meena,Iyer,meena.iyer471@example.com,9000000470,Bengaluru,Tamil Nadu,1979-08-16,2025-09-16
472,Ajay,Gupta,ajay.gupta472@example.com,9000000471,Chennai,Delhi,2003-05-08,2025-12-04
473,Deepa,Kumar,deepa.kumar473@example.com,9000000472,Chennai,Delhi,1996-11-25,2025-01-07
474,Arun,Shah,arun.shah474@example.com,9000000473,Mumbai,Delhi,1985-09-20,2025-01-09
475,Manoj,Pillai,manoj.pillai475@example.com,9000000474,Bengaluru,Tamil Nadu,1968-08-22,2025-09-26
476,Karthik,Singh,karthik.singh476@example.com,9000000475,Hyderabad,Delhi,2007-03-25,2025-05-10
477,Nithya,Das,nithya.das477@example.com,9000000476,Delhi,Tamil Nadu,1993-06-20,2026-05-07
478,Sanjay,Bose,sanjay.bose478@example.com,9000000477,Salem,Karnataka,1980-04-05,2025-06-03
479,Rahul,Sharma,rahul.sharma479@example.com,9000000478,Coimbatore,Maharashtra,1994-01-09,2025-07-13
480,Harini,Verma,harini.verma480@example.com,9000000479,Chennai,Kerala,1960-11-05,2025-12-26
481,Ananya,Iyer,ananya.iyer481@example.com,9000000480,Kochi,Maharashtra,1989-09-20,2025-10-17
482,Divya,Shah,divya.shah482@example.com,9000000481,Chennai,Karnataka,1978-12-19,2026-04-07
483,Dinesh,Verma,dinesh.verma483@example.com,9000000482,Mumbai,Tamil Nadu,1966-09-02,2025-12-17
484,Suresh,Mishra,suresh.mishra484@example.com,9000000483,Salem,Kerala,1962-12-14,2025-04-02
485,Ravi,Kumar,ravi.kumar485@example.com,9000000484,Hyderabad,Delhi,1972-12-07,2026-01-21
486,Sanjay,Iyer,sanjay.iyer486@example.com,9000000485,Mumbai,Karnataka,1981-07-28,2025-10-18
487,Sanjay,Mishra,sanjay.mishra487@example.com,9000000486,Pune,Maharashtra,1972-07-21,2026-02-09
488,Rahul,Shah,rahul.shah488@example.com,9000000487,Pune,Tamil Nadu,1968-10-05,2025-08-12
489,Meena,Iyer,meena.iyer489@example.com,9000000488,Pune,Delhi,1995-08-04,2026-05-12
490,Ravi,Kumar,ravi.kumar490@example.com,9000000489,Mumbai,Maharashtra,2004-01-06,2025-04-27
491,Nithya,Mishra,nithya.mishra491@example.com,9000000490,Delhi,Maharashtra,1976-08-30,2025-12-15
492,Dinesh,Joshi,dinesh.joshi492@example.com,9000000491,Coimbatore,Delhi,1986-07-01,2026-02-13
493,Meena,Iyer,meena.iyer493@example.com,9000000492,Coimbatore,Telangana,1973-11-01,2025-07-14
494,Karthik,Joshi,karthik.joshi494@example.com,9000000493,Pune,Telangana,1969-07-23,2025-02-16
495,Arun,Menon,arun.menon495@example.com,9000000494,Kochi,Telangana,1984-03-14,2025-02-22
496,Karthik,Iyer,karthik.iyer496@example.com,9000000495,Bengaluru,Maharashtra,2000-04-07,2025-10-13
497,Harini,Shah,harini.shah497@example.com,9000000496,Delhi,Tamil Nadu,1962-05-10,2025-02-15
498,Nithya,Mishra,nithya.mishra498@example.com,9000000497,Coimbatore,Delhi,1989-02-07,2026-03-19
499,Sanjay,Kumar,sanjay.kumar499@example.com,9000000498,Mumbai,Maharashtra,1994-10-16,2026-02-03
500,Rahul,Mishra,rahul.mishra500@example.com,9000000499,Hyderabad,Delhi,2006-10-01,2025-03-28
501,Sanjay,Nair,sanjay.nair501@example.com,9000000500,Bengaluru,Telangana,1987-01-06,2025-05-18
502,Deepa,Patel,deepa.patel502@example.com,9000000501,Coimbatore,Karnataka,1998-12-30,2025-05-22
503,Swathi,Menon,swathi.menon503@example.com,9000000502,Kochi,Tamil Nadu,1992-05-25,2025-05-09
504,Meena,Verma,meena.verma504@example.com,9000000503,Salem,Delhi,1977-07-17,2025-08-23
505,Divya,Patel,divya.patel505@example.com,9000000504,Mumbai,Tamil Nadu,1995-07-02,2025-06-20
506,Keerthi,Joshi,keerthi.joshi506@example.com,9000000505,Pune,Maharashtra,1990-01-11,2025-08-09
507,Keerthi,Patel,keerthi.patel507@example.com,9000000506,Mumbai,Telangana,1978-01-07,2025-09-03
508,Ravi,Nair,ravi.nair508@example.com,9000000507,Delhi,Telangana,1986-02-23,2026-01-12
509,Deepa,Naidu,deepa.naidu509@example.com,9000000508,Hyderabad,Telangana,1993-09-26,2025-05-24
510,Sanjay,Gupta,sanjay.gupta510@example.com,9000000509,Coimbatore,Delhi,1977-12-04,2025-10-31
511,Harini,Nair,harini.nair511@example.com,9000000510,Madurai,Tamil Nadu,2001-05-31,2026-04-28
512,Vikram,Bose,vikram.bose512@example.com,9000000511,Mumbai,Kerala,1966-03-16,2026-02-24
513,Swathi,Verma,swathi.verma513@example.com,9000000512,Bengaluru,Kerala,1987-03-03,2025-05-04
514,Suresh,Patel,suresh.patel514@example.com,9000000513,Delhi,Maharashtra,1966-08-20,2025-08-18
515,Keerthi,Verma,keerthi.verma515@example.com,9000000514,Salem,Maharashtra,2007-12-10,2025-09-17
516,Swathi,Mishra,swathi.mishra516@example.com,9000000515,Chennai,Telangana,2008-03-02,2025-11-01
517,Rahul,Reddy,rahul.reddy517@example.com,9000000516,Hyderabad,Kerala,1991-11-06,2025-03-27
518,Keerthi,Sharma,keerthi.sharma518@example.com,9000000517,Salem,Kerala,1995-11-07,2026-05-11
519,Ravi,Pillai,ravi.pillai519@example.com,9000000518,Coimbatore,Tamil Nadu,1968-11-05,2025-05-13
520,Meena,Shah,meena.shah520@example.com,9000000519,Madurai,Delhi,1979-10-30,2025-08-17
521,Nithya,Joshi,nithya.joshi521@example.com,9000000520,Kochi,Kerala,2004-11-24,2025-03-19
522,Nithya,Kumar,nithya.kumar522@example.com,9000000521,Kochi,Tamil Nadu,1986-07-03,2025-08-01
523,Rahul,Reddy,rahul.reddy523@example.com,9000000522,Bengaluru,Telangana,1987-12-25,2025-06-25
524,Ajay,Rao,ajay.rao524@example.com,9000000523,Madurai,Maharashtra,1991-04-01,2025-09-01
525,Divya,Bose,divya.bose525@example.com,9000000524,Kochi,Telangana,1966-01-10,2025-06-03
526,Priya,Reddy,priya.reddy526@example.com,9000000525,Chennai,Telangana,1969-10-23,2025-12-13
527,Ananya,Singh,ananya.singh527@example.com,9000000526,Madurai,Karnataka,1974-05-14,2025-06-19
528,Harini,Pillai,harini.pillai528@example.com,9000000527,Kochi,Karnataka,1996-05-03,2025-11-19
529,Ananya,Nair,ananya.nair529@example.com,9000000528,Delhi,Maharashtra,1962-08-14,2026-01-13
530,Keerthi,Rao,keerthi.rao530@example.com,9000000529,Kochi,Delhi,1998-07-15,2025-07-19
531,Arun,Rao,arun.rao531@example.com,9000000530,Hyderabad,Telangana,1965-08-12,2025-10-23
532,Divya,Mishra,divya.mishra532@example.com,9000000531,Bengaluru,Telangana,1989-03-30,2025-04-11
533,Ajay,Reddy,ajay.reddy533@example.com,9000000532,Mumbai,Kerala,2003-11-30,2025-09-28
534,Ravi,Balan,ravi.balan534@example.com,9000000533,Delhi,Delhi,1995-03-20,2025-10-28
535,Divya,Gupta,divya.gupta535@example.com,9000000534,Pune,Maharashtra,1975-06-24,2026-02-21
536,Kavya,Balan,kavya.balan536@example.com,9000000535,Salem,Tamil Nadu,1972-01-07,2025-06-10
537,Divya,Singh,divya.singh537@example.com,9000000536,Mumbai,Tamil Nadu,1976-06-03,2025-07-11
538,Karthik,Shah,karthik.shah538@example.com,9000000537,Delhi,Maharashtra,1972-05-14,2025-10-22
539,Sanjay,Pillai,sanjay.pillai539@example.com,9000000538,Bengaluru,Maharashtra,2008-03-17,2025-12-22
540,Ananya,Mishra,ananya.mishra540@example.com,9000000539,Bengaluru,Maharashtra,1985-11-29,2025-03-13
541,Ananya,Krishnan,ananya.krishnan541@example.com,9000000540,Kochi,Delhi,1964-10-22,2026-03-20
542,Nithya,Kumar,nithya.kumar542@example.com,9000000541,Kochi,Karnataka,1977-07-03,2026-02-22
543,Sanjay,Mishra,sanjay.mishra543@example.com,9000000542,Madurai,Kerala,2004-05-28,2025-07-29
544,Deepa,Pillai,deepa.pillai544@example.com,9000000543,Kochi,Maharashtra,1975-01-02,2025-02-12
545,Dinesh,Kumar,dinesh.kumar545@example.com,9000000544,Hyderabad,Telangana,1962-12-07,2025-05-21
546,Meena,Mishra,meena.mishra546@example.com,9000000545,Mumbai,Karnataka,2001-01-10,2025-10-17
547,Deepa,Mishra,deepa.mishra547@example.com,9000000546,Madurai,Tamil Nadu,1970-03-31,2025-05-18
548,Harini,Gupta,harini.gupta548@example.com,9000000547,Madurai,Tamil Nadu,1999-08-06,2025-10-07
549,Vikram,Pillai,vikram.pillai549@example.com,9000000548,Coimbatore,Kerala,1982-03-17,2025-06-02
550,Priya,Bose,priya.bose550@example.com,9000000549,Mumbai,Telangana,1967-10-21,2025-08-13
551,Divya,Singh,divya.singh551@example.com,9000000550,Hyderabad,Kerala,1991-06-16,2026-03-17
552,Keerthi,Pillai,keerthi.pillai552@example.com,9000000551,Bengaluru,Delhi,1972-06-28,2026-02-06
553,Vikram,Rao,vikram.rao553@example.com,9000000552,Chennai,Delhi,1991-06-22,2025-09-30
554,Suresh,Balan,suresh.balan554@example.com,9000000553,Madurai,Karnataka,1989-01-13,2025-12-27
555,Kavya,Menon,kavya.menon555@example.com,9000000554,Salem,Telangana,2006-02-24,2026-04-06
556,Divya,Patel,divya.patel556@example.com,9000000555,Delhi,Tamil Nadu,1984-11-17,2026-03-20
557,Karthik,Patel,karthik.patel557@example.com,9000000556,Hyderabad,Karnataka,1988-11-23,2026-03-01
558,Meena,Joshi,meena.joshi558@example.com,9000000557,Kochi,Karnataka,1984-02-09,2025-11-18
559,Swathi,Joshi,swathi.joshi559@example.com,9000000558,Kochi,Tamil Nadu,1968-05-08,2025-07-26
560,Manoj,Das,manoj.das560@example.com,9000000559,Pune,Maharashtra,2003-10-14,2025-06-17
561,Dinesh,Kumar,dinesh.kumar561@example.com,9000000560,Coimbatore,Kerala,2001-02-16,2025-11-22
562,Nithya,Iyer,nithya.iyer562@example.com,9000000561,Madurai,Maharashtra,1979-07-17,2026-05-11
563,Swathi,Rao,swathi.rao563@example.com,9000000562,Kochi,Telangana,1988-12-18,2026-03-01
564,Kavya,Krishnan,kavya.krishnan564@example.com,9000000563,Madurai,Delhi,1971-09-19,2025-10-17
565,Deepa,Krishnan,deepa.krishnan565@example.com,9000000564,Chennai,Tamil Nadu,1968-12-06,2025-11-17
566,Ajay,Kumar,ajay.kumar566@example.com,9000000565,Coimbatore,Karnataka,1999-08-04,2025-08-22
567,Arun,Pillai,arun.pillai567@example.com,9000000566,Hyderabad,Kerala,1971-11-01,2026-03-28
568,Kavya,Nair,kavya.nair568@example.com,9000000567,Mumbai,Tamil Nadu,1992-05-02,2025-05-09
569,Rahul,Gupta,rahul.gupta569@example.com,9000000568,Bengaluru,Tamil Nadu,1995-07-23,2025-11-17
570,Kavya,Singh,kavya.singh570@example.com,9000000569,Delhi,Kerala,1968-03-07,2025-12-27
571,Divya,Kumar,divya.kumar571@example.com,9000000570,Hyderabad,Maharashtra,1966-12-28,2025-03-09
572,Dinesh,Singh,dinesh.singh572@example.com,9000000571,Madurai,Kerala,1999-12-05,2025-01-05
573,Arun,Krishnan,arun.krishnan573@example.com,9000000572,Coimbatore,Maharashtra,1971-11-10,2025-09-02
574,Rahul,Singh,rahul.singh574@example.com,9000000573,Delhi,Tamil Nadu,1969-03-10,2025-02-22
575,Ravi,Gupta,ravi.gupta575@example.com,9000000574,Mumbai,Karnataka,1994-05-03,2026-02-01
576,Karthik,Patel,karthik.patel576@example.com,9000000575,Coimbatore,Delhi,1960-10-04,2025-11-09
577,Ananya,Bose,ananya.bose577@example.com,9000000576,Pune,Kerala,1979-02-11,2025-11-18
578,Karthik,Pillai,karthik.pillai578@example.com,9000000577,Salem,Kerala,1999-09-09,2026-03-17
579,Vikram,Iyer,vikram.iyer579@example.com,9000000578,Coimbatore,Karnataka,1971-01-18,2025-10-29
580,Sanjay,Gupta,sanjay.gupta580@example.com,9000000579,Delhi,Telangana,1972-07-17,2025-05-07
581,Suresh,Iyer,suresh.iyer581@example.com,9000000580,Hyderabad,Delhi,1985-07-24,2026-02-03
582,Arun,Menon,arun.menon582@example.com,9000000581,Hyderabad,Delhi,2005-09-17,2025-04-07
583,Sanjay,Menon,sanjay.menon583@example.com,9000000582,Chennai,Karnataka,2004-05-25,2025-07-17
584,Divya,Singh,divya.singh584@example.com,9000000583,Kochi,Kerala,1966-05-15,2025-09-28
585,Arun,Gupta,arun.gupta585@example.com,9000000584,Pune,Karnataka,1994-09-14,2026-03-17
586,Dinesh,Pillai,dinesh.pillai586@example.com,9000000585,Pune,Delhi,1975-07-02,2026-01-26
587,Deepa,Iyer,deepa.iyer587@example.com,9000000586,Chennai,Delhi,1966-01-21,2025-01-08
588,Suresh,Rao,suresh.rao588@example.com,9000000587,Chennai,Tamil Nadu,1995-09-14,2025-09-17
589,Kavya,Shah,kavya.shah589@example.com,9000000588,Delhi,Maharashtra,1996-02-02,2025-02-12
590,Harini,Mishra,harini.mishra590@example.com,9000000589,Salem,Karnataka,1984-11-22,2025-02-12
591,Kavya,Iyer,kavya.iyer591@example.com,9000000590,Madurai,Karnataka,1973-12-09,2025-10-02
592,Ravi,Joshi,ravi.joshi592@example.com,9000000591,Salem,Kerala,1965-12-06,2025-06-08
593,Swathi,Singh,swathi.singh593@example.com,9000000592,Chennai,Karnataka,1967-09-26,2026-04-19
594,Swathi,Reddy,swathi.reddy594@example.com,9000000593,Kochi,Delhi,1964-12-08,2025-06-08
595,Ananya,Reddy,ananya.reddy595@example.com,9000000594,Chennai,Kerala,1972-04-23,2025-12-26
596,Arun,Nair,arun.nair596@example.com,9000000595,Kochi,Telangana,2006-12-02,2025-09-22
597,Suresh,Nair,suresh.nair597@example.com,9000000596,Pune,Karnataka,1984-02-10,2026-01-11
598,Divya,Kumar,divya.kumar598@example.com,9000000597,Pune,Maharashtra,1984-05-26,2025-09-26
599,Rahul,Das,rahul.das599@example.com,9000000598,Salem,Kerala,1966-11-30,2025-09-12
600,Ajay,Shah,ajay.shah600@example.com,9000000599,Pune,Tamil Nadu,2004-10-27,2026-03-16
601,Dinesh,Nair,dinesh.nair601@example.com,9000000600,Pune,Karnataka,1982-11-20,2026-01-31
602,Divya,Naidu,divya.naidu602@example.com,9000000601,Coimbatore,Karnataka,2005-08-25,2025-01-02
603,Priya,Kumar,priya.kumar603@example.com,9000000602,Hyderabad,Tamil Nadu,2002-04-28,2025-07-06
604,Sanjay,Patel,sanjay.patel604@example.com,9000000603,Bengaluru,Tamil Nadu,1997-08-15,2025-04-25
605,Ravi,Singh,ravi.singh605@example.com,9000000604,Delhi,Kerala,1988-09-13,2025-05-19
606,Rahul,Naidu,rahul.naidu606@example.com,9000000605,Pune,Tamil Nadu,2005-01-14,2025-12-11
607,Priya,Nair,priya.nair607@example.com,9000000606,Hyderabad,Delhi,1964-02-13,2026-05-04
608,Sanjay,Iyer,sanjay.iyer608@example.com,9000000607,Kochi,Telangana,1987-11-15,2025-06-17
609,Rahul,Mishra,rahul.mishra609@example.com,9000000608,Kochi,Tamil Nadu,1993-02-04,2025-04-13
610,Kavya,Naidu,kavya.naidu610@example.com,9000000609,Mumbai,Kerala,1981-10-05,2025-08-26
611,Nithya,Naidu,nithya.naidu611@example.com,9000000610,Kochi,Karnataka,2009-01-12,2026-01-25
612,Meena,Patel,meena.patel612@example.com,9000000611,Chennai,Maharashtra,1962-02-22,2025-04-30
613,Harini,Gupta,harini.gupta613@example.com,9000000612,Chennai,Telangana,1960-02-17,2026-01-24
614,Sanjay,Menon,sanjay.menon614@example.com,9000000613,Coimbatore,Karnataka,2007-07-13,2025-05-02
615,Swathi,Verma,swathi.verma615@example.com,9000000614,Chennai,Karnataka,1985-02-07,2025-02-17
616,Priya,Singh,priya.singh616@example.com,9000000615,Madurai,Maharashtra,1993-06-01,2025-08-23
617,Rahul,Naidu,rahul.naidu617@example.com,9000000616,Coimbatore,Delhi,1971-12-23,2025-11-23
618,Sanjay,Iyer,sanjay.iyer618@example.com,9000000617,Salem,Delhi,1965-08-02,2025-08-11
619,Karthik,Singh,karthik.singh619@example.com,9000000618,Mumbai,Telangana,1988-04-05,2026-04-20
620,Sanjay,Krishnan,sanjay.krishnan620@example.com,9000000619,Pune,Maharashtra,1984-05-25,2025-04-30
621,Rahul,Rao,rahul.rao621@example.com,9000000620,Bengaluru,Delhi,1969-10-10,2025-03-21
622,Divya,Nair,divya.nair622@example.com,9000000621,Kochi,Maharashtra,1988-03-04,2025-07-28
623,Divya,Mishra,divya.mishra623@example.com,9000000622,Pune,Karnataka,2000-07-17,2025-06-07
624,Ajay,Das,ajay.das624@example.com,9000000623,Coimbatore,Tamil Nadu,1974-02-20,2026-02-18
625,Kavya,Balan,kavya.balan625@example.com,9000000624,Chennai,Karnataka,1989-05-29,2025-03-17
626,Rahul,Singh,rahul.singh626@example.com,9000000625,Pune,Maharashtra,2006-01-24,2025-01-26
627,Kavya,Das,kavya.das627@example.com,9000000626,Bengaluru,Tamil Nadu,1996-04-12,2026-03-14
628,Ajay,Mishra,ajay.mishra628@example.com,9000000627,Madurai,Karnataka,1968-06-30,2025-08-25
629,Divya,Patel,divya.patel629@example.com,9000000628,Coimbatore,Tamil Nadu,1965-07-13,2026-03-02
630,Meena,Patel,meena.patel630@example.com,9000000629,Hyderabad,Maharashtra,1993-05-24,2025-12-18
631,Rahul,Naidu,rahul.naidu631@example.com,9000000630,Salem,Telangana,1966-09-23,2025-01-12
632,Rahul,Rao,rahul.rao632@example.com,9000000631,Kochi,Karnataka,1968-04-01,2026-04-09
633,Ravi,Reddy,ravi.reddy633@example.com,9000000632,Chennai,Maharashtra,1964-07-17,2025-03-28
634,Dinesh,Pillai,dinesh.pillai634@example.com,9000000633,Delhi,Maharashtra,1962-08-24,2025-07-15
635,Swathi,Nair,swathi.nair635@example.com,9000000634,Pune,Karnataka,1976-10-15,2025-05-21
636,Suresh,Bose,suresh.bose636@example.com,9000000635,Bengaluru,Tamil Nadu,1982-01-18,2025-11-28
637,Kavya,Verma,kavya.verma637@example.com,9000000636,Delhi,Delhi,2002-12-22,2025-02-01
638,Rahul,Das,rahul.das638@example.com,9000000637,Delhi,Karnataka,1997-08-11,2025-04-13
639,Manoj,Singh,manoj.singh639@example.com,9000000638,Madurai,Tamil Nadu,1994-04-25,2026-02-05
640,Nithya,Verma,nithya.verma640@example.com,9000000639,Madurai,Maharashtra,1990-11-12,2026-04-13
641,Dinesh,Shah,dinesh.shah641@example.com,9000000640,Pune,Maharashtra,1984-04-05,2025-04-03
642,Arun,Krishnan,arun.krishnan642@example.com,9000000641,Salem,Karnataka,1962-08-18,2026-04-04
643,Suresh,Sharma,suresh.sharma643@example.com,9000000642,Kochi,Delhi,1992-01-25,2026-01-28
644,Dinesh,Singh,dinesh.singh644@example.com,9000000643,Bengaluru,Tamil Nadu,1982-03-27,2025-12-03
645,Meena,Das,meena.das645@example.com,9000000644,Madurai,Kerala,1965-01-06,2026-01-27
646,Meena,Naidu,meena.naidu646@example.com,9000000645,Delhi,Telangana,1975-08-02,2025-04-01
647,Meena,Naidu,meena.naidu647@example.com,9000000646,Pune,Kerala,1992-03-09,2026-04-13
648,Dinesh,Kumar,dinesh.kumar648@example.com,9000000647,Pune,Delhi,1972-09-30,2025-10-16
649,Vikram,Verma,vikram.verma649@example.com,9000000648,Madurai,Telangana,1975-10-01,2025-09-09
650,Priya,Iyer,priya.iyer650@example.com,9000000649,Chennai,Karnataka,1979-08-18,2025-01-11
651,Manoj,Verma,manoj.verma651@example.com,9000000650,Chennai,Telangana,1978-01-27,2026-02-17
652,Karthik,Krishnan,karthik.krishnan652@example.com,9000000651,Bengaluru,Telangana,1965-05-05,2025-01-12
653,Karthik,Naidu,karthik.naidu653@example.com,9000000652,Bengaluru,Tamil Nadu,2007-03-20,2026-03-17
654,Nithya,Iyer,nithya.iyer654@example.com,9000000653,Pune,Kerala,1995-06-28,2025-10-28
655,Divya,Krishnan,divya.krishnan655@example.com,9000000654,Mumbai,Telangana,1972-03-29,2026-05-15
656,Ananya,Pillai,ananya.pillai656@example.com,9000000655,Kochi,Kerala,1988-06-18,2025-03-31
657,Harini,Balan,harini.balan657@example.com,9000000656,Pune,Karnataka,1975-09-24,2025-07-13
658,Kavya,Menon,kavya.menon658@example.com,9000000657,Bengaluru,Karnataka,1960-02-28,2026-05-01
659,Dinesh,Joshi,dinesh.joshi659@example.com,9000000658,Salem,Tamil Nadu,1976-05-02,2025-11-05
660,Ravi,Balan,ravi.balan660@example.com,9000000659,Hyderabad,Kerala,1969-05-04,2026-04-25
661,Deepa,Patel,deepa.patel661@example.com,9000000660,Pune,Kerala,1966-12-24,2025-05-02
662,Nithya,Krishnan,nithya.krishnan662@example.com,9000000661,Bengaluru,Kerala,1967-12-17,2026-02-25
663,Ravi,Bose,ravi.bose663@example.com,9000000662,Chennai,Telangana,1978-10-23,2025-05-08
664,Rahul,Gupta,rahul.gupta664@example.com,9000000663,Mumbai,Tamil Nadu,1960-02-11,2025-01-25
665,Sanjay,Bose,sanjay.bose665@example.com,9000000664,Delhi,Karnataka,1997-02-21,2025-09-10
666,Sanjay,Gupta,sanjay.gupta666@example.com,9000000665,Madurai,Maharashtra,1969-02-05,2026-03-01
667,Deepa,Naidu,deepa.naidu667@example.com,9000000666,Hyderabad,Karnataka,2000-06-26,2025-02-07
668,Priya,Menon,priya.menon668@example.com,9000000667,Chennai,Telangana,1983-06-05,2026-05-03
669,Divya,Iyer,divya.iyer669@example.com,9000000668,Pune,Karnataka,1993-09-07,2025-03-24
670,Rahul,Mishra,rahul.mishra670@example.com,9000000669,Coimbatore,Telangana,2003-04-23,2025-12-27
671,Arun,Pillai,arun.pillai671@example.com,9000000670,Bengaluru,Delhi,1998-12-14,2025-03-22
672,Priya,Reddy,priya.reddy672@example.com,9000000671,Pune,Karnataka,1977-01-16,2025-07-29
673,Harini,Mishra,harini.mishra673@example.com,9000000672,Mumbai,Kerala,1985-04-03,2025-06-02
674,Meena,Reddy,meena.reddy674@example.com,9000000673,Chennai,Maharashtra,2004-01-17,2025-03-20
675,Priya,Gupta,priya.gupta675@example.com,9000000674,Chennai,Maharashtra,1967-11-11,2025-05-31
676,Keerthi,Verma,keerthi.verma676@example.com,9000000675,Hyderabad,Tamil Nadu,1962-04-23,2025-04-16
677,Ananya,Menon,ananya.menon677@example.com,9000000676,Coimbatore,Maharashtra,1970-05-12,2025-06-07
678,Sanjay,Verma,sanjay.verma678@example.com,9000000677,Kochi,Kerala,1983-10-10,2025-02-16
679,Harini,Joshi,harini.joshi679@example.com,9000000678,Bengaluru,Telangana,1994-03-22,2025-07-09
680,Ananya,Bose,ananya.bose680@example.com,9000000679,Chennai,Telangana,1999-06-14,2025-08-27
681,Suresh,Singh,suresh.singh681@example.com,9000000680,Mumbai,Delhi,1965-07-12,2025-03-19
682,Divya,Iyer,divya.iyer682@example.com,9000000681,Pune,Delhi,1997-02-20,2026-05-13
683,Dinesh,Singh,dinesh.singh683@example.com,9000000682,Madurai,Tamil Nadu,1994-09-23,2026-02-24
684,Manoj,Pillai,manoj.pillai684@example.com,9000000683,Madurai,Kerala,2002-08-07,2025-10-21
685,Meena,Verma,meena.verma685@example.com,9000000684,Mumbai,Tamil Nadu,1995-06-02,2026-04-08
686,Priya,Shah,priya.shah686@example.com,9000000685,Salem,Delhi,1973-03-24,2025-03-03
687,Ajay,Nair,ajay.nair687@example.com,9000000686,Bengaluru,Karnataka,1977-04-16,2025-03-06
688,Priya,Pillai,priya.pillai688@example.com,9000000687,Coimbatore,Kerala,1999-01-22,2025-04-14
689,Karthik,Balan,karthik.balan689@example.com,9000000688,Mumbai,Telangana,1966-01-04,2025-02-14
690,Sanjay,Mishra,sanjay.mishra690@example.com,9000000689,Delhi,Delhi,1989-04-04,2026-03-15
691,Suresh,Shah,suresh.shah691@example.com,9000000690,Kochi,Tamil Nadu,2006-11-18,2026-02-05
692,Swathi,Reddy,swathi.reddy692@example.com,9000000691,Delhi,Karnataka,1973-04-18,2025-10-18
693,Dinesh,Naidu,dinesh.naidu693@example.com,9000000692,Coimbatore,Tamil Nadu,1969-01-22,2026-02-07
694,Kavya,Mishra,kavya.mishra694@example.com,9000000693,Pune,Maharashtra,1983-09-12,2025-07-16
695,Deepa,Naidu,deepa.naidu695@example.com,9000000694,Salem,Maharashtra,1963-05-12,2025-03-30
696,Suresh,Joshi,suresh.joshi696@example.com,9000000695,Bengaluru,Delhi,1996-01-15,2025-01-20
697,Sanjay,Krishnan,sanjay.krishnan697@example.com,9000000696,Hyderabad,Tamil Nadu,2002-08-19,2026-04-17
698,Suresh,Gupta,suresh.gupta698@example.com,9000000697,Chennai,Telangana,1987-03-10,2025-06-09
699,Suresh,Verma,suresh.verma699@example.com,9000000698,Coimbatore,Karnataka,1972-01-21,2025-06-03
700,Ajay,Krishnan,ajay.krishnan700@example.com,9000000699,Mumbai,Kerala,1997-05-22,2025-11-06
701,Rahul,Rao,rahul.rao701@example.com,9000000700,Kochi,Karnataka,1996-07-12,2026-01-15
702,Deepa,Shah,deepa.shah702@example.com,9000000701,Pune,Tamil Nadu,2006-03-24,2026-02-10
703,Ananya,Iyer,ananya.iyer703@example.com,9000000702,Mumbai,Kerala,2005-06-19,2025-07-26
704,Karthik,Shah,karthik.shah704@example.com,9000000703,Salem,Tamil Nadu,1975-08-03,2025-04-09
705,Vikram,Sharma,vikram.sharma705@example.com,9000000704,Hyderabad,Tamil Nadu,2000-12-12,2025-01-26
706,Nithya,Rao,nithya.rao706@example.com,9000000705,Mumbai,Telangana,2001-08-24,2025-09-16
707,Sanjay,Reddy,sanjay.reddy707@example.com,9000000706,Chennai,Karnataka,1993-05-31,2025-09-08
708,Keerthi,Bose,keerthi.bose708@example.com,9000000707,Bengaluru,Maharashtra,1991-05-18,2025-06-26
709,Ananya,Das,ananya.das709@example.com,9000000708,Coimbatore,Telangana,1962-06-18,2025-07-17
710,Priya,Nair,priya.nair710@example.com,9000000709,Salem,Karnataka,1979-11-10,2025-11-28
711,Meena,Rao,meena.rao711@example.com,9000000710,Mumbai,Kerala,1996-09-26,2025-09-20
712,Arun,Kumar,arun.kumar712@example.com,9000000711,Kochi,Karnataka,1975-07-16,2025-11-04
713,Arun,Singh,arun.singh713@example.com,9000000712,Mumbai,Delhi,1987-05-28,2025-12-31
714,Suresh,Pillai,suresh.pillai714@example.com,9000000713,Delhi,Telangana,2001-03-06,2025-05-10
715,Vikram,Bose,vikram.bose715@example.com,9000000714,Mumbai,Kerala,2006-09-16,2026-02-27
716,Keerthi,Joshi,keerthi.joshi716@example.com,9000000715,Salem,Tamil Nadu,1960-08-28,2025-09-19
717,Nithya,Mishra,nithya.mishra717@example.com,9000000716,Salem,Delhi,1985-05-11,2025-06-02
718,Divya,Verma,divya.verma718@example.com,9000000717,Coimbatore,Telangana,1984-10-20,2025-11-24
719,Ravi,Das,ravi.das719@example.com,9000000718,Mumbai,Kerala,1986-10-21,2025-04-07
720,Karthik,Shah,karthik.shah720@example.com,9000000719,Hyderabad,Tamil Nadu,1996-04-02,2025-12-05
721,Ravi,Patel,ravi.patel721@example.com,9000000720,Chennai,Kerala,2004-08-14,2025-06-01
722,Suresh,Pillai,suresh.pillai722@example.com,9000000721,Delhi,Maharashtra,1963-03-03,2025-10-26
723,Dinesh,Rao,dinesh.rao723@example.com,9000000722,Pune,Kerala,1979-12-13,2025-12-18
724,Harini,Verma,harini.verma724@example.com,9000000723,Pune,Delhi,1986-12-06,2026-03-09
725,Ananya,Mishra,ananya.mishra725@example.com,9000000724,Bengaluru,Telangana,1968-10-03,2025-08-30
726,Karthik,Das,karthik.das726@example.com,9000000725,Madurai,Karnataka,1990-02-10,2025-12-02
727,Rahul,Singh,rahul.singh727@example.com,9000000726,Pune,Karnataka,1987-07-20,2025-08-04
728,Ravi,Gupta,ravi.gupta728@example.com,9000000727,Mumbai,Delhi,1986-05-19,2025-08-26
729,Divya,Verma,divya.verma729@example.com,9000000728,Chennai,Kerala,1966-05-22,2025-08-30
730,Vikram,Shah,vikram.shah730@example.com,9000000729,Coimbatore,Kerala,1994-03-29,2025-09-29
731,Kavya,Pillai,kavya.pillai731@example.com,9000000730,Chennai,Karnataka,1972-04-28,2025-04-13
732,Ravi,Pillai,ravi.pillai732@example.com,9000000731,Salem,Maharashtra,1972-11-06,2025-06-11
733,Ananya,Iyer,ananya.iyer733@example.com,9000000732,Kochi,Telangana,1975-11-12,2025-06-10
734,Priya,Kumar,priya.kumar734@example.com,9000000733,Kochi,Telangana,1978-10-14,2026-01-25
735,Ananya,Naidu,ananya.naidu735@example.com,9000000734,Bengaluru,Maharashtra,1967-11-24,2025-03-08
736,Keerthi,Pillai,keerthi.pillai736@example.com,9000000735,Delhi,Maharashtra,1998-06-28,2026-05-10
737,Deepa,Joshi,deepa.joshi737@example.com,9000000736,Chennai,Tamil Nadu,2007-11-20,2025-04-13
738,Nithya,Kumar,nithya.kumar738@example.com,9000000737,Pune,Delhi,1977-02-04,2025-01-10
739,Arun,Singh,arun.singh739@example.com,9000000738,Hyderabad,Kerala,1990-11-22,2025-06-09
740,Karthik,Reddy,karthik.reddy740@example.com,9000000739,Delhi,Delhi,1987-06-18,2025-03-27
741,Rahul,Sharma,rahul.sharma741@example.com,9000000740,Mumbai,Telangana,2000-11-25,2026-01-08
742,Manoj,Balan,manoj.balan742@example.com,9000000741,Madurai,Telangana,1998-11-27,2026-03-31
743,Karthik,Krishnan,karthik.krishnan743@example.com,9000000742,Kochi,Telangana,1976-11-26,2025-03-26
744,Sanjay,Kumar,sanjay.kumar744@example.com,9000000743,Hyderabad,Karnataka,1971-10-09,2025-04-19
745,Arun,Naidu,arun.naidu745@example.com,9000000744,Madurai,Karnataka,1971-01-18,2025-07-07
746,Priya,Joshi,priya.joshi746@example.com,9000000745,Mumbai,Delhi,1964-05-11,2025-11-01
747,Priya,Reddy,priya.reddy747@example.com,9000000746,Chennai,Tamil Nadu,1970-05-22,2025-08-02
748,Ajay,Joshi,ajay.joshi748@example.com,9000000747,Coimbatore,Delhi,1982-09-03,2025-08-31
749,Karthik,Rao,karthik.rao749@example.com,9000000748,Chennai,Telangana,1997-10-04,2025-12-05
750,Divya,Shah,divya.shah750@example.com,9000000749,Mumbai,Delhi,1972-04-21,2025-08-03
751,Divya,Shah,divya.shah751@example.com,9000000750,Salem,Tamil Nadu,1985-05-12,2025-02-28
752,Divya,Verma,divya.verma752@example.com,9000000751,Hyderabad,Delhi,1977-12-02,2026-02-03
753,Suresh,Shah,suresh.shah753@example.com,9000000752,Hyderabad,Telangana,1996-10-04,2025-06-01
754,Ananya,Sharma,ananya.sharma754@example.com,9000000753,Madurai,Maharashtra,1978-08-19,2025-12-19
755,Deepa,Krishnan,deepa.krishnan755@example.com,9000000754,Hyderabad,Tamil Nadu,1961-02-21,2025-12-10
756,Rahul,Reddy,rahul.reddy756@example.com,9000000755,Salem,Kerala,2004-04-29,2025-03-18
757,Rahul,Shah,rahul.shah757@example.com,9000000756,Coimbatore,Kerala,1969-02-01,2026-04-09
758,Suresh,Singh,suresh.singh758@example.com,9000000757,Kochi,Telangana,1983-09-11,2025-08-26
759,Priya,Reddy,priya.reddy759@example.com,9000000758,Bengaluru,Tamil Nadu,1986-01-25,2025-07-04
760,Ravi,Pillai,ravi.pillai760@example.com,9000000759,Coimbatore,Tamil Nadu,1964-02-12,2025-01-05
761,Karthik,Nair,karthik.nair761@example.com,9000000760,Pune,Telangana,1999-04-09,2026-05-05
762,Keerthi,Das,keerthi.das762@example.com,9000000761,Coimbatore,Telangana,1990-09-30,2025-04-04
763,Divya,Joshi,divya.joshi763@example.com,9000000762,Delhi,Maharashtra,1984-05-21,2026-03-04
764,Sanjay,Verma,sanjay.verma764@example.com,9000000763,Delhi,Kerala,1974-12-18,2025-02-27
765,Karthik,Sharma,karthik.sharma765@example.com,9000000764,Bengaluru,Tamil Nadu,1997-04-28,2026-04-12
766,Dinesh,Verma,dinesh.verma766@example.com,9000000765,Salem,Kerala,1999-04-23,2025-04-03
767,Keerthi,Joshi,keerthi.joshi767@example.com,9000000766,Pune,Delhi,1962-08-02,2026-03-18
768,Karthik,Verma,karthik.verma768@example.com,9000000767,Kochi,Tamil Nadu,1996-11-23,2025-08-14
769,Priya,Iyer,priya.iyer769@example.com,9000000768,Mumbai,Kerala,1988-03-10,2025-01-07
770,Manoj,Naidu,manoj.naidu770@example.com,9000000769,Salem,Karnataka,1990-05-08,2025-09-23
771,Manoj,Balan,manoj.balan771@example.com,9000000770,Coimbatore,Maharashtra,1982-04-20,2025-09-04
772,Nithya,Joshi,nithya.joshi772@example.com,9000000771,Bengaluru,Delhi,1964-11-23,2025-01-06
773,Ananya,Shah,ananya.shah773@example.com,9000000772,Kochi,Maharashtra,1974-11-02,2025-02-08
774,Deepa,Krishnan,deepa.krishnan774@example.com,9000000773,Hyderabad,Telangana,1984-12-14,2025-01-26
775,Manoj,Singh,manoj.singh775@example.com,9000000774,Madurai,Kerala,1993-12-20,2025-07-26
776,Meena,Iyer,meena.iyer776@example.com,9000000775,Kochi,Maharashtra,2000-03-14,2025-02-15
777,Deepa,Bose,deepa.bose777@example.com,9000000776,Pune,Tamil Nadu,2004-08-14,2026-01-17
778,Arun,Reddy,arun.reddy778@example.com,9000000777,Delhi,Maharashtra,1963-03-20,2025-10-13
779,Harini,Kumar,harini.kumar779@example.com,9000000778,Coimbatore,Delhi,1987-04-30,2026-04-01
780,Manoj,Mishra,manoj.mishra780@example.com,9000000779,Hyderabad,Kerala,2000-12-05,2026-05-02
781,Ravi,Gupta,ravi.gupta781@example.com,9000000780,Chennai,Karnataka,2000-10-08,2025-06-19
782,Harini,Balan,harini.balan782@example.com,9000000781,Salem,Maharashtra,1992-08-04,2026-01-02
783,Ajay,Reddy,ajay.reddy783@example.com,9000000782,Coimbatore,Kerala,1979-11-23,2025-01-02
784,Ravi,Gupta,ravi.gupta784@example.com,9000000783,Mumbai,Delhi,2006-10-30,2025-07-11
785,Divya,Sharma,divya.sharma785@example.com,9000000784,Bengaluru,Maharashtra,1972-08-07,2026-02-25
786,Swathi,Reddy,swathi.reddy786@example.com,9000000785,Mumbai,Delhi,1977-07-29,2025-04-07
787,Divya,Joshi,divya.joshi787@example.com,9000000786,Hyderabad,Maharashtra,1977-02-04,2026-01-02
788,Ravi,Reddy,ravi.reddy788@example.com,9000000787,Delhi,Tamil Nadu,1971-01-20,2026-01-31
789,Ajay,Bose,ajay.bose789@example.com,9000000788,Salem,Delhi,1972-01-29,2026-05-09
790,Deepa,Kumar,deepa.kumar790@example.com,9000000789,Madurai,Kerala,1964-05-10,2025-10-11
791,Swathi,Naidu,swathi.naidu791@example.com,9000000790,Kochi,Delhi,1975-11-24,2025-12-21
792,Dinesh,Nair,dinesh.nair792@example.com,9000000791,Bengaluru,Tamil Nadu,1994-10-03,2025-12-03
793,Keerthi,Balan,keerthi.balan793@example.com,9000000792,Pune,Delhi,1994-07-05,2025-08-03
794,Keerthi,Singh,keerthi.singh794@example.com,9000000793,Mumbai,Maharashtra,1990-10-04,2026-05-12
795,Kavya,Bose,kavya.bose795@example.com,9000000794,Bengaluru,Karnataka,1997-01-10,2025-11-05
796,Manoj,Menon,manoj.menon796@example.com,9000000795,Madurai,Telangana,1979-07-01,2025-04-13
797,Vikram,Balan,vikram.balan797@example.com,9000000796,Mumbai,Kerala,1990-12-23,2026-04-17
798,Karthik,Nair,karthik.nair798@example.com,9000000797,Madurai,Delhi,1988-12-02,2025-12-30
799,Divya,Gupta,divya.gupta799@example.com,9000000798,Madurai,Maharashtra,1997-06-14,2025-12-12
800,Harini,Menon,harini.menon800@example.com,9000000799,Delhi,Tamil Nadu,2006-11-23,2025-02-24
801,Arun,Joshi,arun.joshi801@example.com,9000000800,Bengaluru,Tamil Nadu,1965-01-28,2025-04-13
802,Suresh,Nair,suresh.nair802@example.com,9000000801,Mumbai,Kerala,1982-06-24,2025-03-16
803,Priya,Menon,priya.menon803@example.com,9000000802,Hyderabad,Delhi,1962-11-24,2025-07-03
804,Ajay,Reddy,ajay.reddy804@example.com,9000000803,Salem,Kerala,1980-02-15,2026-01-16
805,Harini,Joshi,harini.joshi805@example.com,9000000804,Hyderabad,Delhi,1985-10-21,2025-12-21
806,Priya,Joshi,priya.joshi806@example.com,9000000805,Delhi,Maharashtra,1988-01-19,2026-05-10
807,Harini,Sharma,harini.sharma807@example.com,9000000806,Chennai,Kerala,1982-07-19,2025-04-14
808,Keerthi,Bose,keerthi.bose808@example.com,9000000807,Hyderabad,Kerala,1992-12-28,2026-01-22
809,Dinesh,Mishra,dinesh.mishra809@example.com,9000000808,Salem,Karnataka,1977-05-11,2025-05-31
810,Ajay,Nair,ajay.nair810@example.com,9000000809,Coimbatore,Karnataka,1975-08-04,2026-01-12
811,Manoj,Reddy,manoj.reddy811@example.com,9000000810,Delhi,Tamil Nadu,1998-06-11,2025-05-23
812,Harini,Das,harini.das812@example.com,9000000811,Bengaluru,Karnataka,1982-11-17,2025-01-03
813,Ravi,Bose,ravi.bose813@example.com,9000000812,Bengaluru,Tamil Nadu,1973-10-15,2026-04-21
814,Ravi,Balan,ravi.balan814@example.com,9000000813,Chennai,Kerala,1987-01-07,2025-09-09
815,Dinesh,Mishra,dinesh.mishra815@example.com,9000000814,Pune,Tamil Nadu,1988-07-07,2025-09-27
816,Meena,Nair,meena.nair816@example.com,9000000815,Madurai,Tamil Nadu,2005-04-26,2025-03-23
817,Swathi,Mishra,swathi.mishra817@example.com,9000000816,Madurai,Maharashtra,1968-03-31,2025-06-28
818,Meena,Rao,meena.rao818@example.com,9000000817,Pune,Telangana,1992-05-14,2025-05-31
819,Vikram,Balan,vikram.balan819@example.com,9000000818,Madurai,Maharashtra,1960-10-15,2025-02-28
820,Nithya,Bose,nithya.bose820@example.com,9000000819,Hyderabad,Kerala,1981-11-15,2026-05-06
821,Priya,Krishnan,priya.krishnan821@example.com,9000000820,Delhi,Tamil Nadu,1994-08-14,2025-05-12
822,Harini,Menon,harini.menon822@example.com,9000000821,Chennai,Delhi,1993-08-21,2025-09-21
823,Manoj,Bose,manoj.bose823@example.com,9000000822,Kochi,Tamil Nadu,1986-08-05,2026-04-05
824,Vikram,Krishnan,vikram.krishnan824@example.com,9000000823,Madurai,Tamil Nadu,1968-08-10,2025-03-27
825,Harini,Mishra,harini.mishra825@example.com,9000000824,Chennai,Kerala,1965-11-15,2025-04-18
826,Vikram,Pillai,vikram.pillai826@example.com,9000000825,Coimbatore,Karnataka,2008-03-30,2026-03-01
827,Swathi,Iyer,swathi.iyer827@example.com,9000000826,Bengaluru,Tamil Nadu,2001-03-13,2026-01-03
828,Ravi,Sharma,ravi.sharma828@example.com,9000000827,Coimbatore,Tamil Nadu,1964-11-13,2025-04-02
829,Suresh,Mishra,suresh.mishra829@example.com,9000000828,Coimbatore,Delhi,1980-06-03,2026-04-12
830,Suresh,Pillai,suresh.pillai830@example.com,9000000829,Delhi,Maharashtra,1996-04-13,2025-08-10
831,Ravi,Kumar,ravi.kumar831@example.com,9000000830,Delhi,Kerala,1970-08-12,2025-10-01
832,Arun,Balan,arun.balan832@example.com,9000000831,Coimbatore,Kerala,1964-01-31,2025-12-25
833,Rahul,Gupta,rahul.gupta833@example.com,9000000832,Madurai,Tamil Nadu,1986-01-01,2026-02-07
834,Kavya,Balan,kavya.balan834@example.com,9000000833,Coimbatore,Telangana,1999-04-07,2025-07-15
835,Sanjay,Kumar,sanjay.kumar835@example.com,9000000834,Kochi,Karnataka,2007-11-10,2025-04-23
836,Karthik,Joshi,karthik.joshi836@example.com,9000000835,Madurai,Telangana,1972-12-04,2025-06-02
837,Nithya,Kumar,nithya.kumar837@example.com,9000000836,Madurai,Delhi,1972-09-06,2025-03-05
838,Priya,Kumar,priya.kumar838@example.com,9000000837,Salem,Delhi,1995-05-10,2025-10-03
839,Harini,Iyer,harini.iyer839@example.com,9000000838,Mumbai,Karnataka,1990-11-06,2025-04-19
840,Swathi,Shah,swathi.shah840@example.com,9000000839,Bengaluru,Karnataka,1976-07-04,2025-04-24
841,Keerthi,Das,keerthi.das841@example.com,9000000840,Hyderabad,Tamil Nadu,1976-04-08,2025-12-10
842,Dinesh,Sharma,dinesh.sharma842@example.com,9000000841,Madurai,Maharashtra,1966-07-24,2025-05-29
843,Rahul,Das,rahul.das843@example.com,9000000842,Coimbatore,Karnataka,2003-09-16,2026-05-03
844,Ravi,Gupta,ravi.gupta844@example.com,9000000843,Bengaluru,Kerala,1981-01-15,2025-02-21
845,Kavya,Balan,kavya.balan845@example.com,9000000844,Coimbatore,Karnataka,1988-07-05,2025-09-06
846,Ajay,Krishnan,ajay.krishnan846@example.com,9000000845,Salem,Kerala,1987-06-04,2025-12-22
847,Dinesh,Patel,dinesh.patel847@example.com,9000000846,Salem,Delhi,1992-09-12,2026-02-18
848,Ravi,Pillai,ravi.pillai848@example.com,9000000847,Bengaluru,Tamil Nadu,1988-02-06,2025-05-07
849,Meena,Pillai,meena.pillai849@example.com,9000000848,Mumbai,Telangana,1972-01-18,2025-12-14
850,Ravi,Verma,ravi.verma850@example.com,9000000849,Kochi,Maharashtra,1992-03-08,2026-02-01
851,Kavya,Verma,kavya.verma851@example.com,9000000850,Madurai,Tamil Nadu,1975-10-08,2025-11-27
852,Keerthi,Iyer,keerthi.iyer852@example.com,9000000851,Mumbai,Karnataka,2008-04-27,2025-04-11
853,Suresh,Iyer,suresh.iyer853@example.com,9000000852,Coimbatore,Tamil Nadu,2005-07-02,2025-11-20
854,Arun,Naidu,arun.naidu854@example.com,9000000853,Salem,Maharashtra,1979-02-01,2026-04-10
855,Priya,Mishra,priya.mishra855@example.com,9000000854,Mumbai,Delhi,2008-06-01,2025-08-30
856,Karthik,Gupta,karthik.gupta856@example.com,9000000855,Delhi,Karnataka,1986-02-08,2025-03-10
857,Ajay,Shah,ajay.shah857@example.com,9000000856,Madurai,Tamil Nadu,1995-08-06,2025-07-06
858,Manoj,Kumar,manoj.kumar858@example.com,9000000857,Hyderabad,Delhi,1974-11-17,2026-01-23
859,Manoj,Patel,manoj.patel859@example.com,9000000858,Kochi,Karnataka,1976-01-27,2025-10-17
860,Dinesh,Patel,dinesh.patel860@example.com,9000000859,Kochi,Telangana,1963-08-17,2025-04-23
861,Deepa,Singh,deepa.singh861@example.com,9000000860,Coimbatore,Telangana,1993-02-21,2025-04-30
862,Priya,Rao,priya.rao862@example.com,9000000861,Madurai,Telangana,1994-10-26,2025-08-29
863,Ajay,Sharma,ajay.sharma863@example.com,9000000862,Chennai,Kerala,1989-01-27,2025-02-22
864,Manoj,Das,manoj.das864@example.com,9000000863,Mumbai,Delhi,2008-11-01,2025-10-19
865,Ananya,Joshi,ananya.joshi865@example.com,9000000864,Delhi,Telangana,1966-12-25,2025-09-22
866,Suresh,Joshi,suresh.joshi866@example.com,9000000865,Hyderabad,Delhi,1996-05-29,2025-06-30
867,Nithya,Verma,nithya.verma867@example.com,9000000866,Kochi,Delhi,1960-08-04,2025-09-14
868,Karthik,Bose,karthik.bose868@example.com,9000000867,Bengaluru,Karnataka,1966-12-01,2025-09-21
869,Suresh,Rao,suresh.rao869@example.com,9000000868,Bengaluru,Karnataka,1974-02-12,2025-07-05
870,Keerthi,Reddy,keerthi.reddy870@example.com,9000000869,Hyderabad,Maharashtra,1989-08-16,2026-01-04
871,Divya,Verma,divya.verma871@example.com,9000000870,Kochi,Maharashtra,1978-11-26,2025-10-30
872,Ananya,Pillai,ananya.pillai872@example.com,9000000871,Chennai,Karnataka,1963-11-14,2025-03-07
873,Dinesh,Naidu,dinesh.naidu873@example.com,9000000872,Bengaluru,Karnataka,2005-12-28,2025-01-21
874,Dinesh,Patel,dinesh.patel874@example.com,9000000873,Chennai,Karnataka,1983-03-03,2026-04-18
875,Ananya,Shah,ananya.shah875@example.com,9000000874,Delhi,Delhi,1961-09-02,2026-03-26
876,Kavya,Iyer,kavya.iyer876@example.com,9000000875,Hyderabad,Maharashtra,2002-04-17,2026-03-21
877,Deepa,Nair,deepa.nair877@example.com,9000000876,Hyderabad,Maharashtra,1972-10-20,2026-02-11
878,Dinesh,Nair,dinesh.nair878@example.com,9000000877,Salem,Kerala,2005-10-29,2025-05-16
879,Ananya,Krishnan,ananya.krishnan879@example.com,9000000878,Kochi,Delhi,1966-03-05,2025-04-28
880,Sanjay,Joshi,sanjay.joshi880@example.com,9000000879,Bengaluru,Tamil Nadu,1961-06-26,2025-04-14
881,Manoj,Shah,manoj.shah881@example.com,9000000880,Delhi,Karnataka,1968-08-21,2025-04-01
882,Deepa,Balan,deepa.balan882@example.com,9000000881,Salem,Tamil Nadu,2007-09-04,2025-09-15
883,Divya,Iyer,divya.iyer883@example.com,9000000882,Kochi,Kerala,1971-09-10,2026-04-07
884,Keerthi,Mishra,keerthi.mishra884@example.com,9000000883,Chennai,Kerala,1998-09-17,2025-09-25
885,Swathi,Gupta,swathi.gupta885@example.com,9000000884,Chennai,Kerala,2007-07-14,2025-08-08
886,Meena,Verma,meena.verma886@example.com,9000000885,Delhi,Telangana,1968-10-06,2025-08-06
887,Karthik,Das,karthik.das887@example.com,9000000886,Kochi,Karnataka,1967-07-09,2025-05-26
888,Keerthi,Mishra,keerthi.mishra888@example.com,9000000887,Delhi,Telangana,1976-12-15,2025-01-03
889,Arun,Naidu,arun.naidu889@example.com,9000000888,Madurai,Tamil Nadu,2006-08-18,2025-01-04
890,Sanjay,Rao,sanjay.rao890@example.com,9000000889,Pune,Maharashtra,1992-07-01,2025-02-24
891,Karthik,Pillai,karthik.pillai891@example.com,9000000890,Salem,Telangana,1983-06-11,2026-03-14
892,Harini,Pillai,harini.pillai892@example.com,9000000891,Salem,Telangana,1984-09-20,2025-12-15
893,Sanjay,Rao,sanjay.rao893@example.com,9000000892,Delhi,Delhi,2003-04-14,2025-04-02
894,Nithya,Mishra,nithya.mishra894@example.com,9000000893,Madurai,Maharashtra,1982-10-07,2025-06-07
895,Dinesh,Gupta,dinesh.gupta895@example.com,9000000894,Delhi,Kerala,1972-05-21,2026-03-14
896,Divya,Singh,divya.singh896@example.com,9000000895,Kochi,Kerala,1974-07-07,2025-02-21
897,Vikram,Shah,vikram.shah897@example.com,9000000896,Delhi,Telangana,1964-09-01,2025-03-24
898,Sanjay,Kumar,sanjay.kumar898@example.com,9000000897,Coimbatore,Karnataka,2002-04-25,2026-04-20
899,Keerthi,Pillai,keerthi.pillai899@example.com,9000000898,Coimbatore,Tamil Nadu,1983-08-08,2025-04-24
900,Nithya,Iyer,nithya.iyer900@example.com,9000000899,Salem,Tamil Nadu,1994-06-24,2026-04-22
901,Sanjay,Balan,sanjay.balan901@example.com,9000000900,Madurai,Telangana,1965-02-25,2026-04-30
902,Ananya,Verma,ananya.verma902@example.com,9000000901,Kochi,Tamil Nadu,1978-02-04,2026-03-12
903,Manoj,Menon,manoj.menon903@example.com,9000000902,Hyderabad,Tamil Nadu,2005-10-20,2025-09-22
904,Meena,Balan,meena.balan904@example.com,9000000903,Bengaluru,Kerala,1963-03-27,2025-07-04
905,Meena,Kumar,meena.kumar905@example.com,9000000904,Bengaluru,Tamil Nadu,1984-10-02,2026-02-04
906,Sanjay,Gupta,sanjay.gupta906@example.com,9000000905,Delhi,Maharashtra,1977-12-20,2025-09-23
907,Arun,Iyer,arun.iyer907@example.com,9000000906,Coimbatore,Delhi,1985-07-10,2026-01-07
908,Harini,Naidu,harini.naidu908@example.com,9000000907,Pune,Telangana,1984-10-21,2025-04-26
909,Keerthi,Rao,keerthi.rao909@example.com,9000000908,Kochi,Maharashtra,1960-06-01,2025-05-14
910,Ananya,Pillai,ananya.pillai910@example.com,9000000909,Madurai,Tamil Nadu,1966-06-29,2025-09-15
911,Kavya,Krishnan,kavya.krishnan911@example.com,9000000910,Coimbatore,Delhi,1983-02-13,2026-03-25
912,Harini,Naidu,harini.naidu912@example.com,9000000911,Mumbai,Kerala,1999-09-21,2026-05-10
913,Sanjay,Naidu,sanjay.naidu913@example.com,9000000912,Kochi,Karnataka,1990-06-22,2026-05-08
914,Ajay,Bose,ajay.bose914@example.com,9000000913,Salem,Tamil Nadu,2003-03-29,2025-03-01
915,Suresh,Iyer,suresh.iyer915@example.com,9000000914,Delhi,Kerala,1979-10-09,2025-12-13
916,Meena,Krishnan,meena.krishnan916@example.com,9000000915,Delhi,Telangana,2006-05-03,2025-10-02
917,Arun,Das,arun.das917@example.com,9000000916,Hyderabad,Telangana,1968-05-05,2025-07-24
918,Ravi,Iyer,ravi.iyer918@example.com,9000000917,Madurai,Karnataka,2002-10-02,2025-06-10
919,Nithya,Rao,nithya.rao919@example.com,9000000918,Salem,Telangana,1976-05-25,2026-04-30
920,Vikram,Verma,vikram.verma920@example.com,9000000919,Hyderabad,Karnataka,1981-09-18,2026-03-23
921,Suresh,Rao,suresh.rao921@example.com,9000000920,Hyderabad,Karnataka,1982-05-27,2026-03-05
922,Keerthi,Gupta,keerthi.gupta922@example.com,9000000921,Bengaluru,Tamil Nadu,1970-10-03,2026-04-17
923,Rahul,Verma,rahul.verma923@example.com,9000000922,Salem,Tamil Nadu,2008-07-30,2026-05-06
924,Priya,Verma,priya.verma924@example.com,9000000923,Pune,Delhi,1988-04-18,2025-09-10
925,Dinesh,Das,dinesh.das925@example.com,9000000924,Kochi,Karnataka,2005-11-08,2025-05-24
926,Sanjay,Singh,sanjay.singh926@example.com,9000000925,Salem,Karnataka,1964-11-09,2025-09-27
927,Swathi,Verma,swathi.verma927@example.com,9000000926,Madurai,Tamil Nadu,2005-01-29,2025-06-27
928,Sanjay,Nair,sanjay.nair928@example.com,9000000927,Kochi,Tamil Nadu,2006-06-28,2025-08-24
929,Ravi,Kumar,ravi.kumar929@example.com,9000000928,Chennai,Kerala,1978-11-27,2025-07-14
930,Dinesh,Reddy,dinesh.reddy930@example.com,9000000929,Pune,Telangana,1983-04-19,2025-04-06
931,Harini,Das,harini.das931@example.com,9000000930,Hyderabad,Telangana,2002-04-15,2026-05-06
932,Keerthi,Krishnan,keerthi.krishnan932@example.com,9000000931,Pune,Karnataka,2004-09-29,2025-08-06
933,Vikram,Pillai,vikram.pillai933@example.com,9000000932,Pune,Telangana,1995-12-09,2025-05-24
934,Ajay,Nair,ajay.nair934@example.com,9000000933,Salem,Karnataka,1980-07-03,2026-02-21
935,Divya,Das,divya.das935@example.com,9000000934,Hyderabad,Delhi,1998-10-10,2026-03-15
936,Sanjay,Rao,sanjay.rao936@example.com,9000000935,Bengaluru,Kerala,1973-06-01,2025-08-31
937,Arun,Nair,arun.nair937@example.com,9000000936,Delhi,Maharashtra,1972-01-24,2026-04-03
938,Manoj,Mishra,manoj.mishra938@example.com,9000000937,Pune,Maharashtra,1986-12-01,2025-05-09
939,Harini,Naidu,harini.naidu939@example.com,9000000938,Chennai,Maharashtra,1968-11-17,2025-12-20
940,Ananya,Sharma,ananya.sharma940@example.com,9000000939,Hyderabad,Telangana,2002-10-02,2026-03-06
941,Divya,Bose,divya.bose941@example.com,9000000940,Pune,Telangana,1992-05-20,2025-07-04
942,Harini,Mishra,harini.mishra942@example.com,9000000941,Mumbai,Telangana,1961-10-11,2025-07-30
943,Divya,Gupta,divya.gupta943@example.com,9000000942,Salem,Karnataka,2008-04-21,2025-03-31
944,Kavya,Gupta,kavya.gupta944@example.com,9000000943,Pune,Kerala,2005-10-17,2025-09-07
945,Ajay,Iyer,ajay.iyer945@example.com,9000000944,Delhi,Delhi,1985-09-14,2025-08-26
946,Karthik,Nair,karthik.nair946@example.com,9000000945,Pune,Maharashtra,1996-04-24,2026-03-11
947,Rahul,Iyer,rahul.iyer947@example.com,9000000946,Bengaluru,Telangana,1980-06-22,2025-06-10
948,Ravi,Menon,ravi.menon948@example.com,9000000947,Mumbai,Delhi,1995-06-24,2025-05-19
949,Ajay,Gupta,ajay.gupta949@example.com,9000000948,Salem,Delhi,2000-05-25,2025-07-31
950,Ananya,Nair,ananya.nair950@example.com,9000000949,Chennai,Karnataka,1981-01-18,2025-12-05
951,Suresh,Iyer,suresh.iyer951@example.com,9000000950,Hyderabad,Karnataka,1995-08-15,2025-02-22
952,Divya,Iyer,divya.iyer952@example.com,9000000951,Kochi,Delhi,1964-10-29,2025-01-14
953,Sanjay,Shah,sanjay.shah953@example.com,9000000952,Coimbatore,Tamil Nadu,1983-07-19,2025-11-13
954,Karthik,Iyer,karthik.iyer954@example.com,9000000953,Delhi,Telangana,1980-07-29,2025-05-07
955,Kavya,Bose,kavya.bose955@example.com,9000000954,Bengaluru,Karnataka,2007-04-04,2026-03-06
956,Ananya,Kumar,ananya.kumar956@example.com,9000000955,Chennai,Kerala,1992-01-05,2026-03-17
957,Ravi,Verma,ravi.verma957@example.com,9000000956,Kochi,Delhi,1984-06-09,2025-10-08
958,Ajay,Patel,ajay.patel958@example.com,9000000957,Madurai,Karnataka,2000-12-16,2025-11-20
959,Dinesh,Pillai,dinesh.pillai959@example.com,9000000958,Madurai,Kerala,2007-11-21,2025-06-08
960,Nithya,Verma,nithya.verma960@example.com,9000000959,Madurai,Karnataka,1968-01-13,2025-08-15
961,Kavya,Gupta,kavya.gupta961@example.com,9000000960,Delhi,Telangana,1973-12-20,2025-06-05
962,Arun,Kumar,arun.kumar962@example.com,9000000961,Madurai,Karnataka,1990-11-07,2025-05-27
963,Deepa,Mishra,deepa.mishra963@example.com,9000000962,Chennai,Kerala,2004-02-18,2026-04-30
964,Deepa,Menon,deepa.menon964@example.com,9000000963,Chennai,Maharashtra,1986-04-12,2025-11-02
965,Meena,Kumar,meena.kumar965@example.com,9000000964,Madurai,Telangana,1976-12-01,2025-07-30
966,Harini,Pillai,harini.pillai966@example.com,9000000965,Delhi,Karnataka,1974-08-25,2026-01-02
967,Sanjay,Joshi,sanjay.joshi967@example.com,9000000966,Hyderabad,Telangana,1967-02-08,2025-08-05
968,Meena,Shah,meena.shah968@example.com,9000000967,Salem,Kerala,1984-05-22,2025-05-26
969,Harini,Das,harini.das969@example.com,9000000968,Delhi,Karnataka,1966-02-21,2025-04-04
970,Karthik,Menon,karthik.menon970@example.com,9000000969,Coimbatore,Kerala,2000-11-06,2025-11-13
971,Ajay,Das,ajay.das971@example.com,9000000970,Salem,Maharashtra,1976-11-05,2025-06-14
972,Arun,Patel,arun.patel972@example.com,9000000971,Chennai,Delhi,1961-12-26,2025-04-06
973,Divya,Menon,divya.menon973@example.com,9000000972,Mumbai,Karnataka,1999-05-02,2026-01-08
974,Arun,Singh,arun.singh974@example.com,9000000973,Coimbatore,Karnataka,1961-04-27,2025-09-10
975,Vikram,Krishnan,vikram.krishnan975@example.com,9000000974,Delhi,Telangana,2004-09-17,2025-07-10
976,Ajay,Sharma,ajay.sharma976@example.com,9000000975,Pune,Tamil Nadu,1973-02-08,2025-01-29
977,Suresh,Joshi,suresh.joshi977@example.com,9000000976,Coimbatore,Delhi,2002-03-06,2025-04-03
978,Vikram,Das,vikram.das978@example.com,9000000977,Delhi,Tamil Nadu,1970-12-10,2026-05-14
979,Meena,Joshi,meena.joshi979@example.com,9000000978,Kochi,Karnataka,1963-01-03,2025-04-12
980,Ajay,Reddy,ajay.reddy980@example.com,9000000979,Madurai,Kerala,1978-09-13,2025-08-31
981,Sanjay,Menon,sanjay.menon981@example.com,9000000980,Pune,Karnataka,1963-10-14,2026-01-17
982,Harini,Shah,harini.shah982@example.com,9000000981,Coimbatore,Telangana,2003-03-04,2025-11-23
983,Kavya,Rao,kavya.rao983@example.com,9000000982,Pune,Tamil Nadu,1979-07-16,2026-05-14
984,Divya,Singh,divya.singh984@example.com,9000000983,Delhi,Telangana,1961-05-08,2025-03-27
985,Suresh,Naidu,suresh.naidu985@example.com,9000000984,Coimbatore,Maharashtra,1981-10-22,2025-01-05
986,Priya,Naidu,priya.naidu986@example.com,9000000985,Kochi,Kerala,1973-11-26,2025-07-10
987,Rahul,Singh,rahul.singh987@example.com,9000000986,Bengaluru,Maharashtra,1968-03-14,2025-12-18
988,Keerthi,Krishnan,keerthi.krishnan988@example.com,9000000987,Chennai,Tamil Nadu,1991-11-23,2025-11-27
989,Karthik,Mishra,karthik.mishra989@example.com,9000000988,Coimbatore,Karnataka,2003-10-07,2025-04-30
990,Ravi,Mishra,ravi.mishra990@example.com,9000000989,Pune,Maharashtra,1977-04-24,2025-01-11
991,Sanjay,Gupta,sanjay.gupta991@example.com,9000000990,Bengaluru,Telangana,1963-07-17,2025-09-06
992,Ajay,Mishra,ajay.mishra992@example.com,9000000991,Mumbai,Delhi,2003-12-20,2025-04-08
993,Dinesh,Nair,dinesh.nair993@example.com,9000000992,Madurai,Telangana,1989-01-14,2026-01-10
994,Ajay,Das,ajay.das994@example.com,9000000993,Salem,Delhi,1974-05-21,2025-02-05
995,Manoj,Patel,manoj.patel995@example.com,9000000994,Kochi,Telangana,1983-08-17,2025-10-05
996,Nithya,Bose,nithya.bose996@example.com,9000000995,Chennai,Kerala,2005-05-23,2025-07-14
997,Ananya,Kumar,ananya.kumar997@example.com,9000000996,Salem,Telangana,1981-06-03,2025-06-14
998,Rahul,Mishra,rahul.mishra998@example.com,9000000997,Delhi,Karnataka,2007-01-06,2025-12-16
999,Deepa,Mishra,deepa.mishra999@example.com,9000000998,Bengaluru,Delhi,1985-05-26,2025-06-15
1000,Swathi,Krishnan,swathi.krishnan1000@example.com,9000000999,Coimbatore,Tamil Nadu,2006-12-09,2025-12-04
