table_name,column_name
customers,customer_id
customers,first_name
customers,last_name
customers,email
customers,phone
customers,city
customers,state
customers,date_of_birth
customers,customer_since
branches,branch_id
branches,branch_code
branches,branch_name
branches,city
branches,state
branches,branch_type
accounts,account_id
accounts,customer_id
accounts,branch_id
accounts,account_number
accounts,account_type
accounts,opened_date
accounts,balance
accounts,status
cards,card_id
cards,account_id
cards,card_number
cards,card_type
cards,issue_date
cards,expiry_date
cards,status
cards,daily_limit
beneficiaries,beneficiary_id
beneficiaries,account_id
beneficiaries,beneficiary_name
beneficiaries,bank_name
beneficiaries,beneficiary_account
beneficiaries,ifsc_code
beneficiaries,added_date
transactions,transaction_id
transactions,account_id
transactions,beneficiary_id
transactions,transaction_date
transactions,transaction_type
transactions,channel
transactions,merchant
transactions,amount
transactions,location
transactions,status
transactions,is_fraud
transactions,fraud_reason
loans,loan_id
loans,customer_id
loans,loan_type
loans,principal_amount
loans,interest_rate
loans,tenure_months
loans,emi_amount
loans,loan_start_date
loans,loan_status
login_activity,login_id
login_activity,customer_id
login_activity,login_datetime
login_activity,device_type
login_activity,channel
login_activity,ip_address
login_activity,city
login_activity,failed_attempts
login_activity,login_status
login_activity,is_unusual
