loan_id,customer_id,loan_type,principal_amount,interest_rate,tenure_months,emi_amount,loan_start_date,loan_status
1,815,Personal,1360526.34,10.48,12,125259.13,2026-03-19,Active
2,138,Education,1141313.84,8.57,60,27172.78,2025-09-06,Active
3,721,Personal,1866740.21,9.9,60,46512.94,2025-11-14,Active
4,110,Business,67069.94,7.81,36,2299.57,2025-08-10,Active
5,29,Business,2453980.58,12.19,48,76052.95,2025-03-08,Active
6,576,Home,1450070.34,8.33,12,130905.1,2025-10-09,Active
7,153,Business,914437.48,9.09,24,45028.43,2025-08-19,Closed
8,203,Education,2086784.74,12.03,60,55699.76,2025-10-27,Active
9,988,Vehicle,445737.07,9.91,12,40825.8,2026-04-14,Active
10,822,Business,355987.73,13.4,48,11391.61,2025-11-27,Active
11,926,Education,741934.91,14.32,24,39767.71,2025-06-21,Closed
12,987,Vehicle,1175751.53,14.46,12,112147.1,2026-04-14,Active
13,597,Education,1425156.62,13.29,48,45474.37,2025-03-23,Active
14,559,Home,897276.23,11.12,12,83087.78,2025-12-21,Active
15,992,Education,785928.95,14.17,60,22379.33,2026-01-08,Active
16,473,Education,1911326.11,12.46,48,59665.23,2025-03-29,Closed
17,203,Vehicle,681813.29,11.95,24,35198.61,2026-03-17,Active
18,619,Education,2247002.54,10.97,60,57991.39,2025-07-05,Active
19,872,Vehicle,877018.2,12.77,48,27604.15,2025-04-25,Closed
20,629,Business,2173045.03,13.34,12,205244.1,2025-01-25,Closed
21,657,Vehicle,604666.32,12.03,60,16139.55,2025-03-06,Active
22,642,Personal,1473896.82,14.23,48,48184.14,2026-01-05,Active
23,716,Vehicle,753347.14,7.96,60,17552.99,2025-09-05,Active
24,416,Education,1067239.17,13.65,36,41785.38,2025-12-22,Closed
25,268,Business,1749985.44,8.38,24,85136.79,2025-03-20,Closed
26,610,Personal,591018.23,9.12,60,14342.04,2026-01-03,Defaulted
27,696,Vehicle,2311233.79,13.89,12,219355.35,2025-03-17,Active
28,189,Home,316396.3,12.76,12,29730.71,2025-07-22,Active
29,337,Education,211292.27,14.22,48,6905.74,2025-10-20,Defaulted
30,535,Vehicle,81233.19,11.94,12,7577.7,2025-03-06,Closed
31,626,Business,2003103.74,14.35,24,107416.44,2026-01-13,Active
32,552,Home,2012762.02,8.61,24,98306.65,2026-03-04,Closed
33,701,Education,1916064.22,11.82,36,72097.24,2026-04-12,Active
34,256,Business,1979415.74,14.38,12,188671.31,2025-01-11,Closed
35,477,Home,457102.02,12.69,24,23879.77,2025-07-26,Active
36,577,Personal,154629.85,8.5,24,7538.21,2025-10-22,Active
37,863,Education,2429904.89,10.53,12,223814.49,2025-07-28,Active
38,463,Business,2109742.08,9.61,36,75499.46,2025-09-08,Active
39,675,Personal,1856986.88,9.73,36,66640.04,2026-01-01,Closed
40,635,Education,481288.47,8.37,24,23410.67,2025-11-03,Active
41,454,Vehicle,1778057.18,12.64,12,166900.3,2026-02-20,Closed
42,314,Home,2367918.77,11.85,24,122046.48,2025-12-17,Active
43,218,Business,1489331.1,9.74,36,53458.71,2026-03-19,Active
44,481,Business,2478788.44,8.72,36,86867.76,2025-12-22,Active
45,846,Business,1168850.32,13.29,24,61647.11,2025-02-20,Closed
46,349,Home,653369.61,9.13,48,18582.92,2025-11-19,Closed
47,236,Education,1714074.67,8.77,12,155366.58,2025-06-08,Active
48,956,Vehicle,487847.77,12.81,36,18759.1,2025-01-12,Active
49,470,Home,1369897.48,12.5,24,71348.83,2025-01-29,Active
50,410,Personal,899759.83,13.91,36,35423.04,2025-03-06,Active
51,500,Personal,373569.07,13.23,12,35249.35,2025-07-07,Closed
52,602,Vehicle,844452.15,7.88,48,23137.99,2025-11-21,Defaulted
53,664,Vehicle,178201.76,8.57,24,8697.73,2026-04-30,Active
54,161,Vehicle,798593.64,11.66,12,74309.14,2026-02-21,Active
55,821,Personal,264623.4,9.13,36,9363.99,2026-04-27,Active
56,256,Vehicle,1316337.63,8.14,60,30868.12,2026-04-08,Active
57,318,Business,1802967.23,12.6,24,94054.79,2026-05-08,Active
58,896,Education,1917124.6,11.82,12,178644.06,2025-02-26,Active
59,973,Personal,1268170.35,10.01,36,45805.61,2026-04-03,Closed
60,528,Home,1108994.61,8.72,24,54266.8,2025-05-23,Active
61,421,Home,92751.1,8.34,48,2576.93,2026-03-09,Closed
62,914,Education,1694809.96,12.1,60,45336.17,2025-05-02,Active
63,963,Personal,72682.43,10.71,12,6705.56,2025-06-10,Active
64,676,Education,426914.7,11.75,36,16038.95,2025-09-14,Closed
65,472,Personal,1685729.33,11.67,48,51513.08,2025-06-06,Active
66,956,Business,578641.13,7.67,48,15753.5,2025-01-22,Active
67,939,Vehicle,1502508.64,7.81,12,134987.88,2026-01-27,Closed
68,615,Home,1845198.71,12.63,12,173187.28,2025-09-06,Closed
69,609,Home,1334890.25,8.19,60,31358.8,2025-01-20,Active
70,396,Home,2435837.53,12.1,48,75307.98,2025-10-12,Active
71,549,Vehicle,1048697.85,10.81,60,26925.32,2025-02-15,Active
72,47,Vehicle,1728376.18,14.02,48,56201.03,2025-11-18,Active
73,777,Business,1498469.51,14.45,36,59668.22,2025-10-02,Closed
74,13,Education,981474.14,11.17,24,50030.64,2026-05-02,Active
75,568,Personal,1246274.1,12.57,12,116910.9,2025-12-11,Active
76,198,Education,2168764.51,8.58,48,60689.26,2025-04-18,Active
77,745,Personal,742658.76,11.11,48,22347.84,2026-05-07,Active
78,976,Business,171806.34,11.73,48,5258.71,2026-01-25,Active
79,657,Vehicle,1590586.64,10.1,60,39897.21,2025-06-27,Defaulted
80,914,Personal,1538533.93,10.38,24,77413.9,2025-05-14,Active
81,389,Business,695416.91,14.11,12,66128.35,2025-09-21,Active
82,346,Education,1151128.93,13.58,12,108954.35,2026-04-03,Active
83,360,Business,1091217.1,10.52,36,39877.92,2026-02-12,Active
84,769,Personal,1035318.19,9.24,36,36730.79,2025-09-15,Active
85,955,Home,1583251.17,8.97,48,44819.2,2025-01-09,Active
86,355,Education,380021.65,13.34,60,10558.27,2025-06-19,Closed
87,494,Home,574123.78,12.42,48,17903.09,2025-01-10,Active
88,493,Personal,293583.07,12.31,48,9127.99,2025-10-31,Closed
89,561,Education,2107140.69,10.1,12,193330.16,2025-12-11,Active
90,59,Home,2137679.1,9.34,24,105708.23,2026-05-04,Active
91,674,Personal,2054258.06,9.75,36,73753.57,2025-06-25,Active
92,738,Personal,2481753.22,14.45,60,71247.0,2025-12-07,Active
93,508,Education,2300086.54,11.48,24,117841.1,2025-11-20,Active
94,387,Personal,1325049.56,8.45,48,36935.76,2025-07-20,Active
95,226,Personal,545384.82,9.24,36,19349.04,2025-01-15,Active
96,630,Vehicle,244696.31,9.69,24,12171.6,2025-11-13,Closed
97,732,Vehicle,2465493.73,12.34,48,76717.95,2025-02-24,Active
98,278,Education,1441940.22,9.7,48,41696.1,2026-01-22,Active
99,368,Personal,1304362.39,12.35,48,40598.28,2025-09-25,Active
100,464,Vehicle,975100.67,9.86,24,48641.27,2025-11-20,Active
101,133,Home,60235.05,9.25,24,2974.11,2026-04-05,Defaulted
102,463,Personal,145434.76,12.7,48,4569.08,2025-04-05,Active
103,45,Vehicle,1665273.16,11.45,60,43644.03,2025-02-22,Closed
104,520,Personal,2134559.5,12.91,24,111904.28,2025-06-22,Active
105,821,Personal,1036240.0,12.47,12,97121.59,2026-03-12,Active
106,301,Vehicle,1468831.09,11.19,48,44297.5,2025-09-06,Active
107,199,Education,132431.4,10.17,60,3329.55,2025-02-12,Active
108,565,Vehicle,1210406.59,9.76,60,30018.08,2025-06-05,Active
109,266,Business,86292.25,13.09,24,4536.82,2025-03-18,Active
110,73,Home,1383338.6,8.84,48,39010.15,2026-03-21,Active
111,232,Personal,1181957.82,10.07,36,42750.76,2026-03-05,Closed
112,157,Education,319198.08,7.72,60,7373.48,2025-12-14,Active
113,807,Personal,1488543.03,13.94,12,141337.16,2025-11-06,Closed
114,88,Personal,1690363.62,7.54,48,45837.03,2025-05-16,Active
115,582,Personal,1967152.92,13.61,12,186240.2,2026-03-02,Active
116,323,Education,1471394.77,8.38,60,34798.49,2026-05-05,Active
117,420,Business,1518156.31,12.58,36,58086.35,2025-10-10,Active
118,226,Vehicle,567975.02,14.28,12,54090.15,2025-02-10,Active
119,114,Business,535110.16,11.11,12,49546.74,2025-11-21,Active
120,715,Home,73783.29,13.95,36,2907.27,2025-03-22,Active
121,318,Vehicle,333818.24,12.18,60,8951.89,2025-08-19,Active
122,282,Personal,934838.27,11.51,12,86869.85,2026-02-18,Defaulted
123,838,Business,996660.26,9.57,12,91003.39,2025-08-23,Active
124,829,Vehicle,219561.96,8.23,24,10654.24,2026-01-26,Closed
125,783,Home,715827.36,8.38,48,19911.93,2025-08-23,Active
126,56,Education,2442955.88,9.38,60,59811.7,2026-01-07,Active
127,634,Business,595086.08,9.36,48,17039.3,2025-11-11,Closed
128,236,Home,1336893.89,11.73,12,124475.96,2025-11-08,Active
129,191,Education,610460.43,9.52,60,15017.33,2026-05-09,Active
130,172,Education,60552.15,7.62,48,1646.01,2026-01-24,Closed
131,570,Personal,908952.6,12.42,12,85153.71,2025-06-28,Active
132,857,Personal,2372481.3,8.11,24,114887.41,2025-02-11,Active
133,303,Education,1357847.77,12.01,48,41878.29,2026-02-07,Active
134,954,Vehicle,839191.95,7.76,48,22909.94,2025-01-11,Active
135,614,Vehicle,1129990.21,10.3,60,28532.25,2026-03-25,Active
136,606,Vehicle,1948498.63,13.21,60,53924.7,2025-09-18,Active
137,253,Education,219874.13,13.79,12,20849.56,2026-02-18,Active
138,5,Personal,2471158.11,13.09,48,78438.68,2025-08-16,Active
139,321,Business,2391600.56,12.08,24,123725.47,2026-04-10,Active
140,957,Personal,533313.19,13.21,24,28092.27,2025-08-16,Active
141,588,Education,321087.78,10.6,12,29593.59,2026-03-03,Active
142,945,Personal,139458.48,7.67,60,3215.68,2025-05-18,Active
143,607,Education,261020.96,9.84,36,9390.95,2025-08-18,Active
144,579,Education,619287.18,9.62,60,15286.07,2025-12-26,Closed
145,112,Education,966362.73,9.1,24,47593.36,2026-02-02,Active
146,929,Personal,2055431.62,10.02,24,102805.84,2026-03-25,Closed
147,600,Business,185733.02,12.36,60,5008.6,2025-04-03,Active
148,396,Personal,1040335.24,9.0,36,36700.72,2026-05-06,Active
149,466,Home,1220175.2,9.15,48,34724.15,2026-05-08,Active
150,159,Vehicle,793424.52,12.36,48,24701.95,2025-09-17,Active
151,832,Business,1820797.32,13.05,24,95667.73,2026-02-26,Active
152,250,Business,1338827.73,14.29,36,53132.87,2025-03-20,Closed
153,680,Personal,1664190.03,11.37,48,50438.83,2025-05-14,Active
154,206,Personal,2478030.75,9.41,24,122683.17,2026-04-04,Closed
155,35,Education,2297656.92,10.58,48,68125.53,2025-01-04,Active
156,235,Vehicle,1420076.88,10.84,12,131167.77,2025-08-25,Active
157,348,Personal,340183.77,10.22,12,31245.88,2025-07-21,Active
158,898,Vehicle,1489247.45,8.82,60,35766.76,2026-01-20,Active
159,548,Business,790536.16,13.24,24,41661.26,2025-08-18,Active
160,6,Home,2349745.2,10.02,36,84891.07,2025-11-03,Active
161,861,Personal,663816.67,10.83,24,33649.97,2026-01-06,Active
162,371,Vehicle,1018043.32,14.25,60,29056.65,2025-03-06,Active
163,637,Home,2137999.28,9.8,12,195626.93,2025-07-19,Defaulted
164,816,Personal,67365.56,12.99,12,6343.03,2025-12-08,Closed
165,426,Personal,185687.8,10.47,36,6778.12,2026-03-10,Active
166,992,Business,521689.82,13.01,36,20147.37,2025-11-17,Active
167,2,Personal,391321.92,13.49,12,37009.27,2025-12-11,Active
168,311,Education,1304384.78,11.22,24,66545.36,2026-03-03,Active
169,490,Home,175523.26,13.47,60,4895.64,2025-04-11,Active
170,269,Business,584225.65,9.35,12,53237.56,2025-03-05,Active
171,251,Education,2227971.59,14.14,48,72669.01,2026-03-15,Closed
172,72,Business,938861.5,12.57,36,35914.06,2025-03-12,Active
173,900,Home,225963.15,11.33,60,5899.52,2025-01-11,Active
174,408,Vehicle,1889099.61,12.59,60,51304.8,2025-03-04,Active
175,160,Home,204669.73,13.3,24,10796.33,2025-07-31,Active
176,434,Business,335102.75,11.75,48,10262.52,2025-04-07,Active
177,868,Education,1582905.84,7.96,60,36881.71,2025-08-11,Active
178,592,Personal,2099672.81,9.08,24,103373.89,2026-01-01,Active
179,144,Business,608884.13,14.34,24,32646.34,2025-03-18,Closed
180,934,Personal,1605908.25,13.14,48,51041.12,2025-03-31,Active
181,620,Business,1526132.25,11.58,48,46521.6,2025-10-18,Active
182,929,Business,2157185.77,9.69,24,107302.02,2025-08-01,Closed
183,985,Home,682438.58,9.45,60,16748.18,2026-02-15,Closed
184,116,Personal,1592994.76,10.55,60,40554.99,2025-02-08,Active
185,264,Personal,2429178.53,7.82,24,117045.92,2025-11-06,Active
186,88,Vehicle,110078.43,11.0,60,2843.69,2025-06-12,Active
187,932,Education,1504888.82,12.9,12,141584.96,2025-12-24,Closed
188,625,Personal,1960996.93,10.85,60,50413.96,2025-03-29,Closed
189,748,Vehicle,1463961.87,7.61,24,70282.37,2026-05-04,Active
190,183,Education,626682.38,8.31,24,30451.54,2025-07-22,Active
191,305,Personal,580092.1,9.77,24,28893.42,2025-10-02,Closed
192,635,Business,479262.28,9.91,36,17270.75,2025-10-18,Defaulted
193,994,Business,1197597.41,12.55,24,62424.76,2025-04-11,Active
194,324,Vehicle,929557.33,13.47,48,29800.06,2025-02-04,Active
195,463,Vehicle,1626571.93,9.28,24,80352.65,2025-12-16,Active
196,987,Education,207756.98,14.41,24,11151.36,2025-01-07,Active
197,403,Education,1342879.83,14.23,24,71877.64,2026-03-18,Active
198,299,Home,303354.68,14.14,36,12001.05,2025-04-16,Active
199,408,Home,2001382.57,7.8,60,46365.36,2025-01-17,Active
200,171,Vehicle,1295000.54,11.55,24,66422.74,2025-11-23,Active
201,859,Home,1302627.08,14.23,24,69723.11,2026-02-14,Active
202,86,Home,2225541.3,11.17,60,57808.44,2025-11-22,Active
203,298,Business,1804859.3,12.84,36,69446.98,2025-06-28,Active
204,632,Education,56539.97,7.55,24,2711.56,2026-03-09,Active
205,850,Personal,772570.33,10.79,60,19822.87,2025-08-12,Active
206,781,Home,442406.13,12.39,60,11941.28,2025-11-19,Active
207,336,Vehicle,212244.88,12.62,60,5769.52,2025-06-19,Active
208,907,Personal,1787967.64,14.2,12,170154.92,2025-01-17,Active
209,728,Home,1565186.41,12.88,60,42886.11,2025-03-07,Active
210,429,Personal,473649.63,7.59,12,42466.64,2025-08-20,Active
211,670,Business,639536.43,8.57,12,57862.06,2025-04-29,Active
212,899,Vehicle,2265815.78,12.28,36,86126.18,2025-04-12,Defaulted
213,446,Business,860690.37,11.52,24,44124.73,2025-03-14,Closed
214,426,Education,1422623.16,8.28,60,33526.49,2025-04-24,Active
215,857,Business,2108572.85,11.79,48,64645.33,2025-08-30,Active
216,2,Vehicle,798594.42,8.94,24,39224.3,2025-07-11,Active
217,447,Education,669166.35,10.23,12,61468.51,2025-05-16,Active
218,808,Vehicle,60496.26,9.51,60,1487.7,2025-10-10,Active
219,307,Home,856534.68,10.93,12,79179.49,2025-10-25,Closed
220,601,Home,2083832.08,11.11,24,106119.15,2025-06-01,Active
221,670,Business,928728.73,13.23,36,36037.25,2026-05-09,Closed
222,737,Home,1557420.94,8.19,48,43075.67,2025-03-04,Active
223,715,Home,447950.14,10.11,36,16217.04,2025-12-23,Active
224,333,Business,1668614.35,14.05,60,47346.93,2026-03-05,Active
225,241,Vehicle,2461059.92,11.95,48,75780.14,2026-04-17,Active
226,415,Home,190301.62,10.98,36,7027.42,2026-04-26,Active
227,48,Personal,2182396.84,11.67,24,112157.01,2025-02-14,Active
228,328,Business,857549.55,13.22,24,45178.57,2025-12-18,Active
229,566,Business,494863.56,12.43,48,15435.62,2025-04-01,Active
230,602,Personal,591570.22,9.43,48,16973.14,2026-05-12,Active
231,547,Business,674081.38,13.12,36,26094.44,2025-01-04,Active
232,443,Personal,1502871.81,13.36,12,141971.29,2026-02-14,Closed
233,915,Home,2116316.9,8.75,24,103611.35,2025-07-08,Defaulted
234,374,Business,854768.11,12.13,36,32383.84,2026-03-27,Active
235,454,Vehicle,848663.21,11.44,36,31664.57,2025-08-16,Active
236,193,Education,1537803.91,8.25,12,138722.73,2025-10-31,Closed
237,479,Education,597574.21,12.81,36,22978.39,2026-05-13,Active
238,700,Personal,2191420.27,12.87,36,84375.77,2025-02-14,Defaulted
239,870,Vehicle,51377.74,14.35,60,1470.69,2026-05-11,Active
240,112,Vehicle,1188649.31,13.09,12,112020.29,2025-12-04,Closed
241,207,Education,461322.5,12.94,12,43418.14,2025-12-30,Active
242,527,Home,1953287.98,7.55,12,175063.44,2025-05-20,Active
243,520,Business,1717858.86,8.41,12,155194.23,2026-03-31,Active
244,943,Education,1562697.73,7.55,24,74944.38,2025-05-24,Active
245,749,Business,309277.05,12.73,12,29054.0,2025-11-06,Closed
246,108,Vehicle,1223952.72,8.39,60,28956.68,2025-12-23,Active
247,694,Education,169164.62,8.98,24,8314.44,2026-01-19,Active
248,150,Business,1321669.94,13.68,36,51780.09,2025-07-07,Active
249,525,Education,2409927.17,13.53,60,67337.38,2025-09-20,Active
250,993,Business,1387940.63,12.93,36,53508.97,2025-08-28,Active
251,5,Education,644646.19,7.56,60,14805.37,2025-05-02,Active
252,871,Vehicle,747189.52,14.36,60,21394.53,2026-02-05,Active
253,318,Vehicle,1183259.27,13.59,36,46268.72,2025-02-26,Closed
254,849,Home,155876.45,11.57,48,4750.33,2026-01-16,Active
255,238,Vehicle,994723.37,9.49,36,35497.81,2026-01-29,Active
256,401,Personal,918908.34,8.26,60,21640.29,2026-04-25,Closed
257,942,Business,684833.11,11.56,36,25620.37,2025-04-18,Closed
258,474,Business,1313525.49,12.69,60,35782.62,2025-12-27,Closed
259,322,Education,2417009.81,11.04,36,89375.65,2025-09-17,Closed
260,682,Business,2308735.41,9.81,48,66972.57,2025-02-06,Active
261,694,Personal,1339306.69,14.44,24,71920.77,2025-09-08,Closed
262,668,Personal,1748887.97,14.47,12,166829.34,2026-02-17,Active
263,944,Home,1191628.65,8.16,48,32928.67,2025-06-11,Active
264,548,Home,1622700.64,10.94,12,150018.67,2025-07-18,Active
265,514,Vehicle,414099.95,12.51,24,21571.16,2025-05-25,Active
266,619,Vehicle,2265265.46,11.57,48,69033.96,2025-03-08,Defaulted
267,230,Personal,865925.12,12.6,12,81252.64,2026-01-27,Defaulted
268,163,Education,388699.32,9.71,48,11243.13,2025-05-02,Active
269,292,Business,1693880.8,13.16,36,65628.47,2025-08-19,Active
270,992,Home,1505877.05,8.82,12,136557.95,2025-05-06,Active
271,628,Vehicle,1243882.21,10.47,36,45405.16,2026-03-30,Active
272,353,Education,645412.84,9.7,36,23145.22,2025-01-22,Closed
273,482,Vehicle,414551.48,10.38,12,38131.83,2025-02-07,Active
274,812,Vehicle,2437218.82,14.06,36,96256.6,2025-10-16,Active
275,164,Personal,1201762.8,8.28,48,33328.89,2025-10-10,Active
276,651,Home,2321570.29,8.15,60,54460.17,2025-09-02,Active
277,333,Personal,1901770.75,13.4,12,179717.34,2025-08-13,Active
278,154,Business,303251.51,8.68,24,14829.0,2025-11-29,Active
279,304,Vehicle,1789707.51,10.05,12,164131.09,2025-08-03,Active
280,380,Vehicle,914117.82,14.06,12,86886.9,2025-06-15,Closed
281,993,Education,883267.95,7.86,36,30320.63,2025-04-19,Active
282,787,Business,1100324.57,10.99,48,33000.57,2025-11-07,Closed
283,141,Education,813452.93,9.12,24,40076.11,2025-07-29,Closed
284,695,Education,519631.12,7.93,60,12094.41,2025-01-19,Active
285,387,Home,485960.89,10.3,24,24419.53,2026-05-01,Defaulted
286,970,Home,2229990.35,7.62,60,51326.94,2025-03-18,Active
287,411,Personal,1138100.41,12.24,36,43222.52,2025-08-23,Closed
288,739,Personal,140959.23,7.67,48,3837.62,2026-05-05,Active
289,599,Home,314145.1,7.89,12,28244.26,2025-05-10,Active
290,916,Home,131253.27,11.69,48,4013.07,2026-04-13,Active
291,199,Home,496687.73,11.36,12,46092.62,2026-01-22,Active
292,162,Business,616466.81,12.68,12,57886.23,2026-04-16,Active
293,871,Vehicle,1639555.45,8.29,24,79641.41,2025-04-25,Active
294,44,Personal,258347.23,13.94,24,13765.6,2026-04-05,Active
295,475,Education,2216928.36,9.13,60,53815.94,2026-01-19,Active
296,636,Business,1162373.5,9.71,12,106270.0,2025-06-15,Active
297,913,Business,1376610.6,13.03,48,43627.08,2026-04-23,Active
298,677,Business,1030561.91,8.61,24,50334.36,2026-03-02,Active
299,172,Education,1869131.1,14.37,12,178143.77,2026-05-15,Active
300,721,Education,179889.0,9.31,36,6392.56,2025-07-07,Active
301,14,Business,843907.72,10.94,36,31135.51,2025-08-02,Closed
302,974,Vehicle,2063693.18,13.7,48,66554.11,2025-08-14,Active
303,473,Home,1587686.59,8.74,36,55666.06,2025-08-20,Active
304,928,Business,1752448.3,10.96,48,52515.03,2025-05-14,Active
305,326,Education,58828.63,9.41,60,1441.79,2025-08-28,Active
306,927,Business,2175441.83,8.1,48,60005.94,2025-09-21,Active
307,159,Education,1161712.67,11.32,24,59363.52,2025-09-25,Active
308,151,Education,1516910.66,13.08,60,41816.17,2025-12-18,Active
309,449,Personal,1783237.22,9.3,48,50970.86,2025-01-01,Active
310,965,Education,2170932.5,12.02,12,202656.55,2025-01-18,Active
311,11,Home,1835157.69,11.3,48,55513.52,2025-02-08,Active
312,484,Business,2411053.06,10.15,48,70623.76,2026-03-06,Active
313,196,Personal,207054.83,11.58,48,6311.72,2026-03-27,Active
314,702,Vehicle,1916292.44,8.43,36,66692.3,2025-05-02,Defaulted
315,409,Personal,1697015.77,8.08,36,58565.9,2025-02-13,Active
316,268,Business,259719.77,11.39,60,6793.84,2025-01-11,Active
317,709,Business,56769.54,10.8,12,5241.72,2026-02-04,Active
318,41,Education,1030946.12,10.07,12,94563.53,2025-08-28,Active
319,293,Personal,1825101.3,10.8,12,168517.69,2025-05-26,Active
320,750,Education,1090389.61,11.55,60,28668.16,2025-11-02,Active
321,686,Personal,1763500.41,10.39,36,64255.1,2025-06-17,Defaulted
322,53,Education,274397.37,13.98,60,7770.02,2025-01-27,Closed
323,181,Personal,1266087.3,7.7,36,43293.15,2025-07-10,Active
324,168,Home,902638.17,11.46,36,33693.48,2025-12-27,Active
325,691,Home,480281.7,7.58,12,43057.25,2025-11-14,Closed
326,485,Vehicle,1203136.5,13.03,60,33116.33,2025-11-28,Active
327,889,Business,1747405.98,11.98,36,65983.99,2025-08-05,Active
328,261,Home,2174316.91,12.74,48,68382.27,2025-06-27,Active
329,265,Home,1674611.2,12.84,60,45828.53,2025-01-29,Active
330,737,Home,1040935.67,9.94,12,95367.06,2025-08-14,Active
331,920,Home,2355836.54,8.15,36,81439.96,2025-05-03,Active
332,890,Education,1963392.89,12.87,60,53780.6,2026-02-09,Active
333,704,Business,1891405.85,12.9,60,51856.04,2025-08-18,Active
334,5,Business,332270.07,12.87,48,10485.89,2025-06-13,Active
335,674,Personal,1928713.34,9.61,48,55627.31,2026-02-14,Active
336,81,Vehicle,780772.92,11.11,48,23494.76,2025-05-20,Active
337,840,Vehicle,135407.27,8.98,12,12297.24,2025-09-15,Active
338,455,Vehicle,743941.59,12.22,12,69570.94,2025-05-16,Active
339,215,Home,1434096.69,11.4,60,37525.53,2025-05-13,Active
340,755,Business,646541.97,14.32,24,34654.65,2025-02-25,Active
341,531,Vehicle,335571.99,13.88,12,31845.78,2026-02-14,Active
342,694,Education,223509.78,9.25,60,5448.05,2026-04-05,Active
343,839,Home,1407062.38,11.68,36,52780.47,2025-02-09,Active
344,682,Home,2075544.34,8.32,48,57630.95,2025-01-27,Closed
345,710,Business,1162201.47,12.06,24,60105.19,2025-01-05,Closed
346,880,Education,147713.83,8.53,24,7204.74,2025-05-16,Active
347,138,Personal,1559689.12,12.14,48,48272.38,2025-06-21,Closed
348,530,Education,776441.43,13.26,24,40931.4,2026-04-17,Closed
349,66,Vehicle,2167934.63,8.49,60,51470.38,2025-08-29,Defaulted
350,313,Education,675692.74,9.46,60,16588.26,2025-01-03,Active
351,494,Business,1480492.79,14.21,48,48375.1,2026-04-16,Active
352,441,Personal,1212377.27,8.06,24,58658.85,2025-08-23,Active
353,353,Home,873075.12,13.16,12,82330.98,2025-11-15,Closed
354,860,Education,493276.53,13.55,48,15846.51,2025-11-14,Closed
355,555,Business,1320251.47,10.68,60,33754.43,2025-08-25,Closed
356,265,Education,860075.06,9.81,36,30922.09,2026-01-24,Active
357,941,Business,219714.46,7.53,36,7481.89,2026-04-20,Defaulted
358,219,Education,1819007.03,14.44,60,52205.5,2026-04-01,Closed
359,713,Education,1743576.75,10.54,60,44374.03,2025-06-20,Active
360,386,Home,206806.09,8.96,60,4990.92,2025-09-22,Active
361,541,Vehicle,321655.79,13.39,36,12524.03,2026-02-08,Active
362,686,Vehicle,1529904.91,12.53,48,47847.78,2025-07-28,Active
363,823,Education,2223362.83,10.37,36,80973.64,2025-03-11,Active
364,64,Education,1768014.9,13.57,24,93660.59,2025-01-15,Active
365,888,Vehicle,871455.29,11.13,36,32289.84,2026-05-11,Active
366,461,Vehicle,977980.04,12.45,24,50895.71,2025-05-04,Active
367,181,Education,572290.57,14.22,48,18704.36,2025-02-04,Active
368,468,Vehicle,1607562.31,9.49,24,79694.9,2025-08-03,Active
369,79,Home,203436.21,8.41,12,18378.77,2025-10-06,Active
370,500,Business,1254279.69,11.4,24,64177.31,2026-01-24,Closed
371,714,Vehicle,2270118.23,8.04,48,62503.92,2025-06-27,Active
372,238,Vehicle,1301109.81,10.31,60,32863.87,2025-08-10,Active
373,30,Home,2091782.72,11.16,12,193768.81,2025-11-18,Closed
374,78,Home,1717621.89,9.87,24,85695.02,2026-04-14,Active
375,43,Vehicle,1776987.64,10.53,48,52613.64,2026-03-04,Defaulted
376,621,Business,717646.79,13.96,60,20309.4,2026-01-25,Active
377,861,Business,1365299.33,14.45,24,73327.95,2025-05-27,Active
378,82,Home,138208.2,7.81,24,6658.18,2026-03-06,Active
379,927,Education,2045503.66,11.39,60,53506.97,2025-02-16,Closed
380,164,Personal,1898857.28,8.97,24,93313.01,2025-04-17,Closed
381,301,Home,2364380.79,10.56,60,60212.9,2026-02-08,Active
382,140,Education,2188112.71,11.32,48,66226.88,2026-04-29,Active
383,148,Business,1675335.57,8.8,36,58822.89,2025-08-25,Active
384,518,Education,2454815.52,8.55,24,119774.54,2025-08-18,Active
385,980,Personal,2086346.5,14.29,48,68310.46,2025-07-28,Active
386,649,Vehicle,1365512.74,9.36,24,67547.36,2026-02-21,Closed
387,351,Education,1904026.99,10.86,36,70121.08,2025-03-30,Active
388,731,Personal,1643416.49,11.0,48,49302.49,2025-01-29,Active
389,599,Education,571765.56,10.0,60,14294.14,2025-04-22,Active
390,652,Home,358276.44,9.04,48,10163.11,2025-03-29,Active
391,24,Vehicle,2048746.04,13.96,48,66515.95,2025-12-30,Active
392,346,Vehicle,673705.68,9.82,24,33584.23,2026-04-11,Active
393,815,Education,1528896.41,14.37,24,82012.55,2026-04-02,Closed
394,107,Education,1172475.74,9.55,12,107037.26,2025-09-02,Defaulted
395,598,Education,1366720.72,10.02,12,125305.51,2025-11-23,Closed
396,401,Vehicle,749448.46,9.13,48,21315.56,2025-07-14,Active
397,950,Vehicle,777698.93,11.1,36,28796.46,2026-01-18,Active
398,729,Home,1273679.56,8.95,24,62569.51,2025-11-16,Closed
399,617,Vehicle,2413864.74,9.48,24,119647.23,2025-06-30,Active
400,676,Education,2299148.47,7.7,48,62651.8,2026-04-02,Active
401,597,Business,1709606.01,14.08,36,67548.43,2025-12-13,Closed
402,500,Education,2399273.2,9.42,48,68819.15,2025-01-13,Active
403,132,Personal,1506867.63,7.91,24,72718.92,2025-04-26,Closed
404,121,Home,650100.67,7.7,60,15006.49,2026-01-05,Closed
405,230,Home,1272057.65,8.51,48,35522.21,2025-07-02,Active
406,562,Personal,1580158.09,13.74,36,61986.09,2025-01-20,Active
407,224,Home,91426.05,10.06,12,8385.29,2025-08-23,Active
408,22,Home,2029885.25,10.33,36,73859.63,2025-11-22,Active
409,73,Vehicle,1252955.31,12.87,60,34320.53,2026-04-20,Active
410,714,Business,1539974.69,10.08,60,38602.03,2025-12-08,Closed
411,352,Business,915960.4,9.88,48,26623.92,2025-10-19,Active
412,665,Home,951219.15,9.77,36,34167.26,2025-12-19,Active
413,308,Business,378309.16,10.6,12,34867.49,2025-07-06,Closed
414,573,Home,2394820.0,13.78,36,94023.29,2025-11-16,Active
415,874,Vehicle,443111.5,8.42,36,15417.82,2025-03-15,Closed
416,793,Business,201172.3,13.76,48,6497.87,2025-11-27,Defaulted
417,321,Personal,451862.6,10.26,12,41518.64,2026-03-24,Active
418,853,Vehicle,1591423.23,8.15,24,77117.72,2025-09-09,Active
419,210,Personal,774836.25,7.92,24,37398.76,2026-02-09,Closed
420,903,Vehicle,381990.34,12.86,48,12051.8,2025-08-26,Active
421,974,Personal,1306582.64,8.49,60,31020.45,2025-04-07,Closed
422,960,Personal,937821.41,8.71,24,45882.91,2026-02-07,Active
423,720,Home,2480440.27,7.57,36,84548.56,2025-10-26,Active
424,856,Personal,1943614.1,9.53,24,96419.46,2025-10-22,Active
425,923,Personal,481267.22,13.26,12,45423.6,2025-07-05,Active
426,325,Business,1667084.75,10.85,36,61381.13,2025-10-18,Active
427,259,Personal,115928.66,11.75,48,3550.32,2025-03-11,Closed
428,417,Personal,1655749.08,9.77,24,82470.1,2025-02-14,Active
429,310,Home,1506141.48,8.93,12,136719.99,2025-05-15,Closed
430,220,Business,1789628.24,7.98,48,49184.95,2026-01-28,Active
431,438,Business,1109393.09,13.75,24,58936.51,2025-08-01,Active
432,119,Personal,1259243.6,13.24,36,48872.64,2025-03-19,Active
433,725,Home,455289.39,13.68,12,43131.08,2025-09-15,Active
434,880,Vehicle,598281.39,9.53,12,54608.13,2025-10-14,Active
435,559,Business,1564269.21,7.86,60,36317.12,2025-12-31,Active
436,370,Home,980623.06,9.61,48,28282.8,2025-04-07,Active
437,37,Business,1452083.88,13.58,60,40634.15,2025-03-20,Active
438,576,Home,581547.51,10.25,36,21121.48,2025-02-18,Active
439,642,Education,421430.95,13.67,48,13580.61,2025-09-08,Active
440,88,Personal,785962.39,13.88,12,74587.83,2026-03-16,Active
441,118,Business,1742415.13,8.15,60,40874.15,2026-02-11,Closed
442,31,Personal,761877.4,13.19,36,29537.56,2025-05-03,Active
443,255,Vehicle,1965217.81,12.84,12,184795.98,2026-05-03,Closed
444,505,Personal,1501462.6,7.69,48,40902.34,2025-05-12,Closed
445,847,Education,1213135.68,9.91,48,35292.14,2025-08-21,Active
446,669,Education,1773221.54,12.45,36,67653.33,2025-03-19,Active
447,27,Home,2072498.47,8.32,24,100723.43,2025-12-06,Active
448,996,Personal,1624099.89,8.15,12,146372.0,2025-06-11,Closed
449,995,Personal,1740565.08,14.34,48,57061.53,2026-05-04,Active
450,791,Home,2149403.99,10.15,60,54003.78,2025-01-31,Active
451,609,Business,2180633.52,7.6,12,195530.14,2025-05-24,Active
452,620,Home,1513130.06,10.28,48,44486.02,2026-03-17,Active
453,473,Personal,2467696.56,9.03,24,121390.11,2025-01-15,Active
454,10,Personal,1868364.19,11.16,36,69274.79,2025-10-24,Active
455,573,Education,2287025.17,12.09,36,86570.26,2025-04-12,Active
456,819,Education,579696.47,13.41,24,30632.13,2025-06-22,Closed
457,713,Business,1956874.66,9.5,36,69849.55,2025-12-22,Active
458,344,Business,522109.81,9.2,24,25757.42,2026-01-10,Active
459,872,Vehicle,1465536.06,8.49,24,71432.67,2026-04-13,Active
460,346,Vehicle,1746508.18,11.35,36,65033.17,2025-07-02,Active
461,118,Business,2182153.6,11.84,24,112453.65,2026-05-04,Active
462,532,Home,108619.28,13.94,24,5787.6,2026-02-03,Closed
463,212,Business,1099495.61,11.43,60,28797.62,2025-12-30,Active
464,198,Home,1021129.19,13.39,60,28412.92,2026-05-03,Active
465,422,Vehicle,91635.21,12.36,36,3489.27,2025-08-13,Active
466,281,Business,812442.29,13.79,48,26262.2,2025-08-09,Active
467,237,Education,2362138.87,8.19,36,81736.57,2026-01-28,Active
468,341,Vehicle,144548.26,8.24,24,7015.41,2026-04-01,Active
469,267,Vehicle,1133549.18,7.76,48,30945.89,2025-09-20,Active
470,276,Vehicle,1306533.95,12.75,12,122759.75,2026-02-14,Active
471,320,Home,1126560.33,8.29,60,26558.66,2025-12-26,Active
472,122,Personal,217682.8,11.27,48,6579.46,2025-06-07,Active
473,78,Personal,126066.87,13.64,24,6685.75,2025-09-22,Active
474,350,Vehicle,1029188.15,12.98,12,96898.06,2025-12-30,Active
475,180,Education,978755.41,13.87,36,38500.43,2025-09-14,Defaulted
476,966,Home,980448.38,13.97,36,38648.73,2025-09-13,Active
477,899,Vehicle,2472164.65,8.89,12,224328.34,2025-11-20,Active
478,363,Education,737983.97,13.43,36,28758.83,2026-02-08,Active
479,95,Business,71723.43,13.46,12,6781.45,2026-05-05,Active
480,154,Home,2449574.11,10.98,24,124479.19,2026-05-11,Active
481,704,Home,2009661.43,13.85,48,65062.79,2025-12-20,Active
482,823,Home,2150239.36,12.71,48,67571.27,2025-07-19,Closed
483,896,Personal,617797.43,12.11,36,23395.65,2026-04-28,Active
484,809,Business,2102443.64,7.65,48,57203.99,2025-04-10,Active
485,417,Vehicle,1963186.51,11.52,60,51566.37,2025-01-17,Active
486,810,Vehicle,220601.31,13.12,48,7007.77,2026-03-15,Closed
487,836,Business,1945428.6,9.18,12,177001.58,2025-11-18,Active
488,35,Personal,716424.96,13.19,48,22800.22,2025-12-20,Active
489,677,Business,2035653.75,9.82,60,50586.0,2025-06-21,Closed
490,364,Vehicle,354078.28,11.66,24,18193.72,2025-05-26,Active
491,142,Personal,998635.0,9.81,60,24807.76,2026-01-15,Closed
492,134,Education,1216148.88,13.41,36,47372.38,2025-06-25,Active
493,991,Personal,68993.41,8.29,12,6226.08,2025-11-28,Defaulted
494,679,Vehicle,551499.49,10.73,36,20250.75,2025-12-23,Closed
495,121,Education,1483435.23,9.69,24,73788.54,2025-12-31,Active
496,932,Business,608484.76,10.46,24,30657.49,2025-11-07,Active
497,456,Personal,273186.16,7.87,12,24557.16,2025-08-27,Active
498,638,Vehicle,2367560.57,12.28,24,122876.39,2025-11-22,Active
499,246,Personal,1148755.42,12.66,12,107848.99,2026-03-15,Active
500,289,Personal,2497730.25,9.61,60,61631.49,2025-12-24,Closed
501,360,Home,756628.16,9.69,24,37635.95,2026-02-08,Defaulted
502,219,Education,2043253.56,8.91,60,49225.38,2025-03-28,Active
503,675,Education,2033710.73,13.52,36,79405.11,2025-10-21,Defaulted
504,142,Education,355501.18,7.84,24,17135.16,2026-03-30,Active
505,484,Personal,721101.2,14.15,48,23525.93,2026-02-28,Active
506,747,Personal,1318248.72,13.68,24,69955.07,2026-03-04,Active
507,692,Business,2470371.15,14.22,48,80739.96,2026-02-09,Active
508,591,Personal,228811.59,10.91,12,21147.91,2025-03-01,Defaulted
509,264,Vehicle,342187.65,14.03,36,13505.96,2025-07-15,Active
510,877,Business,250228.42,14.5,12,23875.96,2025-05-04,Active
511,177,Vehicle,1462577.79,13.1,36,56593.64,2026-03-24,Closed
512,879,Vehicle,571569.96,13.92,60,16156.38,2026-05-12,Active
513,573,Education,640879.79,14.29,48,20983.47,2025-08-23,Active
514,648,Home,1198452.66,13.71,60,33666.53,2025-06-24,Active
515,769,Business,869119.07,8.6,12,78655.28,2026-03-01,Active
516,586,Business,2423834.91,10.34,24,121878.5,2025-01-31,Active
517,152,Business,1681318.34,12.6,48,52681.31,2025-08-09,Active
518,221,Business,1811364.93,11.35,24,92606.03,2025-11-28,Defaulted
519,777,Business,1175466.82,9.65,48,33941.6,2025-03-10,Defaulted
520,194,Education,1932913.11,13.3,12,182499.21,2025-01-05,Closed
521,831,Home,1885694.92,10.63,12,173845.36,2025-09-07,Active
522,427,Education,198888.31,12.76,60,5429.65,2026-01-20,Closed
523,820,Personal,1471099.43,7.76,24,70808.92,2025-10-20,Defaulted
524,278,Business,2230792.64,9.41,24,110442.83,2025-03-21,Active
525,554,Education,1744333.11,12.56,48,54597.63,2026-03-19,Active
526,61,Education,1726081.04,10.37,60,43684.23,2026-02-13,Active
527,453,Home,2165530.86,10.26,36,78668.92,2025-08-07,Active
528,613,Business,933104.03,8.13,36,32241.34,2025-03-24,Active
529,489,Business,1144534.0,9.4,60,28041.08,2025-06-29,Active
530,342,Home,2302621.94,8.86,12,208886.19,2026-01-22,Active
531,232,Personal,505461.4,10.28,24,25391.01,2025-04-21,Active
532,976,Vehicle,1870819.68,9.92,36,67432.66,2026-05-03,Active
533,778,Personal,641729.12,13.87,60,18112.8,2025-08-25,Closed
534,233,Vehicle,2059042.94,12.63,12,193258.34,2025-02-14,Active
535,410,Education,889932.45,9.4,24,44051.66,2025-07-08,Active
536,779,Business,889365.13,8.9,60,21418.88,2025-10-31,Defaulted
537,901,Home,201529.49,13.38,36,7845.1,2025-07-24,Active
538,199,Home,1929319.51,14.01,60,54680.13,2025-09-10,Active
539,546,Vehicle,581893.45,8.41,36,20241.81,2025-12-23,Active
540,144,Home,1944659.89,9.12,60,47190.41,2025-09-12,Active
541,37,Home,506284.42,8.96,60,12218.33,2026-02-19,Active
542,710,Business,1205260.98,7.55,12,108021.52,2025-06-09,Active
543,457,Personal,558659.96,8.93,12,50712.36,2025-05-17,Active
544,648,Business,621392.84,12.28,24,32250.29,2026-03-31,Closed
545,650,Personal,565828.19,10.07,36,20465.69,2025-03-07,Active
546,13,Vehicle,1242821.07,11.88,60,33017.61,2025-08-26,Active
547,658,Vehicle,297517.74,13.11,60,8209.01,2026-01-21,Closed
548,586,Education,1709952.48,14.15,48,55787.2,2025-10-04,Active
549,865,Vehicle,2444246.53,9.57,48,70414.67,2025-06-07,Active
550,502,Business,2088396.97,8.17,24,101235.04,2026-02-10,Active
551,31,Vehicle,1570773.94,10.55,24,79258.64,2025-04-16,Active
552,993,Business,1591635.51,8.89,48,44950.44,2025-08-08,Active
553,985,Home,938515.88,9.34,24,46409.61,2025-09-27,Defaulted
554,618,Education,572792.5,7.77,60,13255.37,2025-11-11,Closed
555,694,Home,1198435.31,13.54,60,33496.27,2025-02-11,Active
556,523,Vehicle,106000.28,8.16,24,5137.48,2026-01-23,Active
557,799,Personal,1701772.01,13.09,36,65834.94,2025-12-15,Active
558,447,Education,123140.91,7.58,36,4198.42,2026-03-25,Closed
559,786,Personal,1640908.54,11.97,48,50553.66,2025-07-26,Active
560,483,Personal,596727.3,10.96,36,22025.87,2026-03-22,Active
561,146,Business,1442191.25,10.5,60,36655.69,2025-10-26,Active
562,343,Home,1558312.63,9.12,12,141702.56,2025-06-08,Active
563,334,Vehicle,1200771.76,8.57,24,58607.67,2025-10-17,Closed
564,587,Education,642932.94,9.56,48,18516.47,2025-04-27,Active
565,296,Personal,680069.06,13.92,36,26779.61,2025-04-13,Active
566,446,Vehicle,902272.52,10.4,36,32882.82,2025-04-12,Active
567,55,Home,192609.13,9.02,48,5460.47,2026-01-14,Closed
568,968,Education,88465.44,12.65,24,4618.63,2026-04-27,Active
569,997,Home,1695128.38,12.28,24,87977.16,2025-06-29,Active
570,722,Home,1659188.75,8.93,48,46913.56,2025-03-29,Closed
571,578,Home,551037.48,10.66,60,14079.01,2025-11-03,Defaulted
572,99,Business,1093907.08,7.54,48,29663.11,2025-03-05,Active
573,406,Personal,75422.48,11.14,60,1957.21,2026-01-18,Active
574,312,Education,2441598.51,10.39,24,122873.45,2026-02-01,Closed
575,527,Vehicle,2222092.02,12.15,24,115085.85,2025-11-11,Active
576,442,Personal,2351640.54,10.89,12,217311.18,2026-02-07,Closed
577,100,Education,1693693.49,8.88,60,40761.56,2025-05-30,Closed
578,573,Personal,1939350.83,11.97,36,73215.88,2025-01-08,Active
579,429,Education,1890506.5,12.51,24,98479.63,2026-05-08,Active
580,706,Home,785360.29,13.05,48,24902.47,2025-10-04,Active
581,806,Vehicle,1395300.67,12.71,12,131053.62,2025-03-08,Active
582,354,Personal,1452870.04,10.22,36,52731.11,2025-10-11,Active
583,454,Personal,1378684.78,12.68,36,52864.9,2025-10-31,Active
584,456,Vehicle,1896446.39,9.15,60,46067.84,2025-05-06,Closed
585,521,Vehicle,919162.45,13.24,60,25460.8,2025-11-13,Active
586,60,Home,149413.15,12.73,24,7810.57,2025-05-03,Active
587,400,Vehicle,2158405.73,13.3,60,59895.76,2025-07-21,Closed
588,228,Vehicle,2383139.59,9.36,24,117885.97,2026-02-01,Closed
589,338,Home,927901.34,10.34,60,23460.44,2025-02-27,Active
590,843,Home,300201.23,10.22,36,10895.64,2025-09-16,Active
591,339,Vehicle,62517.14,7.82,60,1449.36,2025-08-03,Active
592,602,Personal,985313.98,13.83,12,93465.24,2025-04-19,Active
593,753,Business,685914.72,10.72,36,25180.69,2025-03-04,Active
594,182,Personal,2209284.93,8.07,48,60884.21,2026-02-20,Active
595,836,Education,2463281.76,12.59,24,128480.67,2025-12-24,Active
596,729,Personal,910312.19,12.47,48,28424.5,2025-11-23,Active
597,310,Personal,1615134.74,13.01,12,152105.31,2025-06-10,Active
598,866,Business,592946.7,10.11,24,29701.69,2025-08-01,Active
599,229,Business,1670693.77,8.2,12,150640.89,2025-06-10,Active
600,347,Education,50793.09,8.67,12,4599.74,2025-04-09,Closed
601,877,Vehicle,78326.2,7.98,12,7048.05,2026-02-20,Active
602,384,Business,1190959.47,8.15,60,27937.92,2025-01-29,Active
603,623,Business,2290110.84,11.68,12,213132.98,2026-01-30,Active
604,742,Vehicle,514747.27,11.88,48,15819.9,2025-01-19,Closed
605,833,Business,873305.21,8.16,60,20493.56,2025-04-24,Closed
606,514,Education,1462151.4,10.57,60,37248.31,2026-02-12,Active
607,658,Vehicle,238167.14,11.25,12,22080.08,2025-11-09,Closed
608,770,Business,1513741.83,12.45,24,78777.65,2026-04-10,Active
609,941,Personal,1964462.57,7.62,36,67042.74,2025-11-04,Active
610,833,Home,426560.7,9.04,60,10322.77,2025-02-08,Closed
611,139,Personal,734648.91,8.64,36,25696.39,2025-10-16,Closed
612,54,Home,2156031.97,7.79,36,73886.02,2025-09-02,Closed
613,535,Business,228952.33,10.97,48,6862.85,2025-06-28,Active
614,398,Education,1805052.64,11.29,36,67122.89,2025-02-24,Active
615,808,Home,2299440.83,13.84,24,122330.25,2026-01-05,Active
616,607,Vehicle,612404.04,14.46,12,58413.14,2026-04-28,Active
617,121,Business,829102.19,8.68,12,75089.02,2025-08-09,Active
618,125,Home,1625889.31,8.07,60,38032.26,2026-03-19,Active
619,630,Business,1630420.99,13.62,24,86439.49,2026-04-20,Active
620,896,Business,195253.86,10.0,36,7050.83,2026-01-29,Active
621,807,Home,1815576.08,7.92,24,87631.81,2025-04-24,Active
622,569,Business,746997.9,11.7,36,28033.17,2025-12-25,Active
623,903,Business,2123433.4,13.42,12,200699.85,2025-12-27,Active
624,50,Vehicle,313956.69,13.52,48,10078.01,2025-07-03,Active
625,51,Home,450029.4,8.49,12,40686.41,2026-02-10,Active
626,795,Personal,1321223.57,13.0,48,41838.75,2026-04-28,Active
627,766,Education,1414153.79,9.27,12,128770.49,2026-03-06,Active
628,512,Personal,1375732.6,12.34,12,128791.5,2025-05-12,Active
629,578,Vehicle,1947330.13,9.41,24,96409.07,2025-05-15,Active
630,12,Business,2194439.82,13.24,12,207081.97,2025-12-15,Closed
631,848,Home,1863495.93,7.74,60,43077.81,2025-12-21,Closed
632,571,Home,692575.5,10.53,48,20506.01,2025-12-17,Active
633,42,Education,1388636.0,11.5,36,51880.98,2025-05-13,Active
634,682,Business,2457864.93,9.64,12,224566.93,2025-12-03,Active
635,667,Education,1569730.18,14.01,48,51029.31,2026-04-10,Active
636,643,Business,824680.35,12.22,24,42759.68,2025-05-28,Active
637,615,Vehicle,1894235.76,8.1,60,44356.69,2025-04-10,Active
638,538,Education,1007327.98,10.97,36,37189.99,2025-03-05,Active
639,328,Business,769058.14,13.73,48,24821.35,2026-04-10,Active
640,826,Education,2416913.2,8.41,48,67290.89,2026-05-06,Active
641,788,Business,346351.26,10.21,48,10162.52,2025-07-24,Active
642,131,Vehicle,1931584.5,11.68,36,72455.88,2026-02-18,Closed
643,805,Education,2196516.68,13.92,60,62088.2,2025-09-05,Active
644,860,Education,356093.15,10.15,36,12903.43,2026-01-17,Active
645,919,Vehicle,1725348.66,8.61,12,156158.43,2026-02-25,Closed
646,961,Home,2382021.51,8.11,24,115349.39,2025-06-15,Active
647,350,Education,489313.01,9.88,24,24416.72,2026-03-02,Active
648,317,Business,1326447.28,13.36,60,36875.23,2025-07-19,Closed
649,870,Personal,1158909.69,10.03,12,106262.36,2025-06-23,Closed
650,919,Home,70224.01,13.86,36,2761.75,2025-06-19,Active
651,381,Education,264758.72,11.11,12,24514.45,2025-01-09,Active
652,680,Home,2403665.83,9.11,60,58308.93,2025-05-05,Active
653,88,Home,1827723.42,7.55,12,163809.71,2026-04-17,Closed
654,232,Personal,713625.26,13.72,36,27982.04,2026-02-10,Closed
655,32,Business,2276494.84,9.47,12,207673.24,2026-04-20,Closed
656,820,Home,1304384.57,12.36,36,49668.07,2025-12-15,Closed
657,558,Home,1190661.91,11.64,48,36354.88,2025-12-19,Closed
658,118,Education,160574.45,8.18,24,7785.18,2026-04-22,Active
659,963,Business,608810.74,10.94,24,30917.44,2026-03-20,Active
660,669,Personal,1877309.96,11.02,12,173682.46,2026-05-07,Active
661,319,Home,1718612.55,8.55,48,48049.54,2026-05-14,Active
662,773,Education,2483779.79,12.91,60,68117.66,2026-02-20,Active
663,996,Vehicle,864615.38,10.81,60,22199.0,2026-02-02,Closed
664,786,Vehicle,899727.28,10.42,24,45301.27,2025-09-15,Active
665,506,Home,1356306.84,12.74,24,70912.24,2025-06-11,Active
666,208,Vehicle,1882237.45,11.98,24,97217.56,2025-03-01,Active
667,776,Home,1191555.68,12.26,60,32032.99,2025-10-11,Active
668,375,Home,162853.05,9.26,24,8042.23,2025-10-11,Active
669,269,Education,507385.37,8.61,48,14211.02,2025-07-23,Active
670,546,Home,980242.72,12.46,48,30599.91,2025-10-04,Active
671,848,Business,1263102.57,12.45,36,48190.87,2025-08-17,Active
672,321,Home,1679559.88,11.88,12,156590.97,2025-02-06,Active
673,619,Home,2062799.65,11.39,48,62554.4,2025-02-22,Active
674,98,Personal,1887660.26,10.27,24,94807.74,2025-09-04,Closed
675,978,Vehicle,1794087.25,9.3,12,163411.45,2025-04-23,Active
676,84,Vehicle,2056644.66,13.14,12,193907.31,2026-04-18,Active
677,314,Vehicle,398724.72,10.17,60,10024.6,2025-12-29,Active
678,610,Business,714491.3,8.99,24,35123.2,2026-03-12,Active
679,839,Home,2036396.48,9.09,36,71992.27,2026-03-31,Active
680,443,Business,1472539.6,8.65,48,41292.46,2025-08-28,Active
681,811,Vehicle,111618.85,12.72,12,10484.73,2025-04-26,Active
682,729,Business,1519400.88,10.05,48,44379.17,2025-12-25,Active
683,752,Business,1401293.74,11.89,48,43078.11,2025-09-26,Active
684,55,Home,2102780.37,11.08,48,63223.6,2025-03-01,Active
685,223,Education,1497370.4,11.75,48,45856.97,2025-08-12,Defaulted
686,296,Business,587996.79,10.94,24,29860.44,2026-03-21,Active
687,172,Home,2303571.39,8.32,24,111953.57,2025-04-28,Closed
688,901,Education,837657.87,7.79,60,19398.76,2025-01-08,Active
689,750,Business,556511.79,14.36,12,53035.57,2025-04-22,Closed
690,741,Education,1411160.1,10.72,36,51805.26,2025-05-11,Active
691,881,Vehicle,94097.05,10.19,48,2759.4,2025-07-25,Active
692,735,Home,1696915.03,10.14,48,49691.33,2025-03-24,Closed
693,991,Home,1396579.5,8.34,24,67897.04,2026-02-08,Active
694,951,Home,1369976.88,11.57,12,127373.6,2026-03-16,Closed
695,569,Vehicle,1067578.36,8.66,60,25497.33,2026-01-26,Active
696,203,Personal,1095321.12,11.69,24,56308.63,2026-04-10,Active
697,442,Business,1959156.71,14.49,60,56309.43,2025-03-27,Active
698,990,Education,139875.8,10.31,48,4115.85,2025-01-17,Closed
699,208,Vehicle,1380547.44,8.16,24,66910.53,2025-12-01,Closed
700,745,Vehicle,553680.74,11.15,36,20524.64,2025-10-24,Closed
701,674,Vehicle,1427932.99,14.27,12,135974.92,2026-03-17,Closed
702,186,Personal,911136.19,14.27,24,48798.94,2025-01-15,Closed
703,91,Education,1885935.62,11.4,48,57206.71,2026-01-23,Active
704,259,Business,801977.81,13.02,24,42117.2,2025-02-18,Active
705,948,Vehicle,1056385.8,11.56,36,39520.57,2026-01-13,Defaulted
706,265,Home,1403587.93,11.51,36,52451.3,2025-02-07,Active
707,214,Education,1274119.59,13.95,24,67899.96,2025-04-10,Closed
708,501,Education,1014998.76,10.98,60,26203.88,2025-08-25,Active
709,215,Vehicle,1256308.7,10.06,48,36705.15,2026-02-08,Active
710,264,Business,226161.38,8.13,36,7814.5,2025-02-07,Active
711,561,Business,589144.11,7.66,60,13579.77,2026-02-14,Active
712,197,Home,1109264.91,13.48,48,35570.43,2025-11-08,Active
713,118,Vehicle,1714963.28,13.45,48,54950.28,2026-03-20,Active
714,109,Vehicle,280243.32,9.07,12,25471.78,2025-06-07,Active
715,204,Education,50545.38,8.78,36,1773.86,2026-05-13,Active
716,600,Business,1565262.74,9.33,12,142608.48,2025-01-07,Active
717,100,Education,2166816.57,14.16,60,61682.05,2026-02-02,Closed
718,19,Vehicle,2067119.68,12.43,48,64476.91,2026-03-06,Active
719,92,Vehicle,2011793.01,11.49,60,52792.8,2026-04-09,Active
720,628,Business,1349273.16,10.17,12,123874.52,2025-07-15,Active
721,38,Business,616357.78,8.77,48,17345.34,2025-12-12,Active
722,470,Home,160383.56,12.83,24,8397.42,2025-08-10,Active
723,818,Education,1702835.55,10.05,12,156164.21,2025-10-18,Active
724,636,Education,2453243.68,13.88,36,96521.51,2025-02-23,Active
725,699,Education,1894657.63,10.03,36,68465.56,2025-11-13,Active
726,122,Personal,1932140.91,10.77,48,57593.9,2025-12-15,Active
727,478,Education,1710680.95,13.33,12,161559.56,2025-04-16,Active
728,990,Business,498073.85,7.53,48,13501.95,2025-08-06,Active
729,889,Business,1045437.22,12.32,60,28157.11,2025-08-04,Closed
730,620,Education,135586.82,9.9,60,3378.37,2025-04-13,Closed
731,838,Business,1277338.44,13.53,48,41013.21,2025-05-31,Closed
732,421,Vehicle,2374787.01,14.45,24,127545.85,2025-05-20,Closed
733,502,Education,175097.86,8.91,48,4947.97,2026-03-06,Active
734,828,Vehicle,1089527.86,11.66,36,40851.24,2026-01-12,Active
735,266,Business,1138902.09,10.2,48,33407.79,2025-11-21,Active
736,863,Home,1134415.86,9.94,12,103931.4,2025-05-21,Closed
737,735,Home,2272454.78,12.03,36,85905.1,2025-05-10,Active
738,615,Personal,943134.9,10.97,48,28270.47,2025-10-14,Active
739,323,Home,1714103.87,11.78,60,45395.18,2025-11-25,Active
740,825,Vehicle,865277.09,9.16,12,78711.37,2025-05-24,Active
741,384,Home,2357530.07,11.17,48,71059.89,2025-09-30,Active
742,595,Home,1837023.02,13.97,36,72414.43,2025-04-06,Active
743,311,Business,346120.79,11.71,48,10588.41,2025-01-22,Active
744,470,Home,727905.86,10.82,12,67222.11,2025-01-29,Defaulted
745,740,Education,2194910.24,9.96,12,201126.94,2025-04-22,Active
746,322,Personal,2474116.32,13.37,36,96291.23,2025-01-24,Closed
747,236,Business,2204773.84,10.03,48,64361.02,2025-08-20,Active
748,947,Education,1108109.08,13.74,24,58859.06,2025-08-28,Active
749,764,Personal,1096250.92,13.55,48,35217.06,2025-05-07,Active
750,202,Business,2149923.72,13.82,24,114340.11,2025-11-14,Active
751,55,Business,323075.42,8.53,60,7681.12,2025-05-26,Closed
752,644,Education,221048.71,7.65,12,19829.91,2025-08-12,Active
753,611,Vehicle,2020275.35,12.27,12,189013.59,2025-02-28,Active
754,473,Education,2443045.38,11.64,36,91559.91,2025-10-17,Active
755,884,Personal,545352.25,14.47,24,29299.05,2025-08-07,Active
756,672,Vehicle,666447.32,10.63,36,24416.04,2025-05-19,Active
757,350,Personal,1208993.15,8.97,60,29187.11,2026-04-30,Closed
758,191,Education,892648.93,10.37,24,44907.68,2025-01-15,Active
759,775,Education,2158757.64,9.84,48,62675.93,2025-01-31,Active
760,123,Home,1609446.87,12.26,60,43267.3,2025-11-04,Active
761,884,Home,2213463.21,13.96,48,71863.77,2025-10-19,Active
762,613,Business,509627.95,9.27,48,14554.12,2025-09-24,Defaulted
763,990,Home,2401885.98,12.4,12,224976.65,2026-04-11,Closed
764,343,Business,1270662.02,10.62,60,32423.06,2026-02-03,Defaulted
765,644,Education,1248733.11,12.81,12,117391.32,2026-03-09,Active
766,274,Personal,341808.61,13.23,12,32252.49,2025-09-11,Active
767,698,Vehicle,1164918.32,12.83,24,60993.18,2025-08-14,Active
768,234,Vehicle,708816.31,13.14,24,37295.55,2025-09-22,Closed
769,887,Vehicle,910609.53,10.53,24,45932.66,2025-12-04,Active
770,636,Home,1712063.8,13.64,36,67017.79,2025-09-03,Active
771,888,Education,191501.53,8.82,12,17366.0,2025-10-11,Closed
772,263,Home,1289822.68,13.13,48,40984.12,2026-01-14,Closed
773,640,Business,1098655.47,9.78,60,27264.97,2026-03-01,Active
774,565,Business,689676.49,13.72,36,27042.98,2025-12-04,Active
775,205,Home,822854.34,9.01,60,19892.5,2026-05-13,Active
776,866,Vehicle,1179860.71,10.55,36,43146.85,2025-03-21,Active
777,371,Home,1581236.56,8.37,12,142798.84,2025-04-16,Closed
778,613,Business,1639985.34,11.75,24,84390.91,2025-07-25,Active
779,170,Home,586414.91,13.26,60,16253.47,2025-07-03,Closed
780,251,Personal,1028898.94,14.28,36,40824.42,2025-08-14,Active
781,814,Personal,1503263.08,9.43,36,53570.45,2026-02-16,Active
782,150,Business,1184132.45,7.68,24,56917.3,2025-07-02,Active
783,300,Home,1418144.17,7.53,36,48291.75,2025-04-13,Active
784,777,Education,2371058.39,12.4,24,123295.04,2026-04-23,Active
785,896,Personal,2028981.93,9.61,12,185330.59,2026-02-05,Active
786,355,Vehicle,1438207.87,13.87,12,136473.94,2025-09-29,Active
787,775,Education,1148304.27,10.01,60,28717.18,2025-11-04,Active
788,154,Vehicle,551205.15,14.09,60,15658.82,2026-03-02,Active
789,850,Personal,1613307.64,9.16,36,57129.02,2025-07-11,Closed
790,695,Home,1362671.09,8.52,48,38063.95,2026-01-27,Active
791,601,Vehicle,388303.88,13.46,36,15141.69,2026-03-21,Defaulted
792,374,Education,1285886.02,13.6,24,68151.96,2025-12-18,Active
793,82,Vehicle,1343273.01,12.13,60,35966.13,2026-04-09,Active
794,127,Business,150495.77,14.06,12,14304.62,2025-08-05,Active
795,311,Vehicle,2138360.28,9.8,60,53102.61,2026-01-15,Active
796,726,Vehicle,999817.5,7.6,36,34104.89,2025-09-20,Active
797,866,Vehicle,1483748.86,13.69,12,140572.84,2026-01-13,Active
798,729,Vehicle,1451666.08,9.52,36,51840.61,2025-01-22,Active
799,423,Business,864468.63,14.03,48,28116.84,2026-04-22,Active
800,793,Home,1970443.02,12.38,60,53169.12,2025-07-08,Closed
801,520,Home,1295343.59,13.51,12,122528.71,2025-12-06,Active
802,787,Education,1124666.26,9.6,36,40238.06,2025-11-18,Active
803,185,Vehicle,1258242.59,11.52,36,47030.31,2025-05-26,Closed
804,152,Vehicle,337806.31,11.1,24,17199.97,2026-01-13,Active
805,631,Personal,2037979.85,11.67,48,62277.27,2025-01-09,Active
806,615,Vehicle,1791202.37,13.75,36,70279.82,2025-10-08,Closed
807,272,Personal,1444517.05,10.73,48,43010.5,2025-08-12,Active
808,432,Education,533821.05,9.89,60,13296.59,2025-03-02,Active
809,31,Home,941833.54,9.9,24,47013.19,2026-02-02,Active
810,22,Education,1144541.16,12.64,60,31131.52,2025-06-04,Active
811,696,Education,429418.36,10.94,24,21807.3,2025-07-23,Active
812,972,Personal,2022909.77,13.22,36,78477.66,2025-12-22,Active
813,653,Personal,726947.32,13.84,48,23528.86,2025-01-29,Active
814,810,Vehicle,2402936.58,11.39,36,89556.11,2025-06-30,Active
815,821,Home,2410393.51,13.97,36,95016.37,2026-05-06,Active
816,814,Education,2480651.67,8.92,24,121800.0,2025-12-25,Defaulted
817,574,Business,1922510.12,11.06,48,57771.43,2025-07-02,Closed
818,515,Education,788729.41,8.14,60,18495.7,2026-01-24,Active
819,380,Vehicle,769572.62,10.82,12,71070.03,2025-12-15,Active
820,736,Business,836597.0,8.15,24,40540.1,2025-08-22,Active
821,48,Business,596515.45,10.19,60,15007.33,2025-12-16,Defaulted
822,590,Business,2182334.13,7.75,48,59559.54,2025-09-17,Active
823,35,Vehicle,1633262.98,14.36,12,155649.96,2025-07-10,Closed
824,111,Vehicle,1402076.46,8.05,60,32773.54,2026-03-07,Active
825,34,Business,157090.65,9.5,48,4516.36,2025-12-29,Active
826,964,Business,1710771.34,12.45,24,89031.39,2025-08-10,Active
827,682,Home,1489217.01,13.87,24,79263.58,2025-10-06,Active
828,975,Personal,1146488.27,14.11,24,61251.14,2025-10-14,Active
829,962,Education,567574.87,9.48,36,20249.81,2025-09-24,Active
830,255,Vehicle,1902006.47,10.53,48,56315.24,2026-03-27,Closed
831,307,Business,381030.72,11.31,12,35343.77,2025-12-25,Active
832,493,Vehicle,770168.14,10.54,48,22809.81,2025-03-18,Active
833,264,Education,1061919.74,13.44,36,41391.27,2025-11-28,Active
834,614,Education,1927914.93,12.83,24,100942.41,2025-07-28,Active
835,700,Business,1505013.97,11.13,36,55764.95,2025-08-31,Active
836,173,Vehicle,2144106.97,11.77,36,80588.64,2025-07-18,Active
837,264,Education,1676190.95,14.03,36,66158.33,2026-02-22,Active
838,343,Home,2457757.26,11.82,60,65171.53,2025-02-17,Closed
839,670,Home,859188.93,10.32,48,25288.79,2025-04-11,Active
840,812,Business,75080.43,11.89,24,3872.27,2026-01-24,Active
841,275,Business,1411022.33,13.14,60,38967.73,2025-07-18,Active
842,919,Personal,1685796.22,7.95,60,39265.0,2025-12-05,Defaulted
843,810,Home,496051.19,11.54,24,25439.16,2025-05-05,Active
844,574,Education,1642319.82,9.36,24,81240.09,2025-03-12,Active
845,498,Business,178508.68,8.95,48,5050.31,2026-02-01,Active
846,424,Education,2454058.74,8.93,12,222767.18,2026-04-16,Active
847,508,Business,2213964.17,14.25,60,63190.23,2025-05-06,Active
848,395,Vehicle,700463.61,9.8,36,25177.78,2025-12-12,Closed
849,472,Business,1673351.27,13.28,36,65000.4,2025-07-17,Active
850,871,Home,55215.97,9.86,36,1987.47,2026-04-15,Active
851,262,Business,1884096.71,9.33,48,53900.87,2025-05-16,Active
852,38,Vehicle,1064866.17,8.66,24,52054.21,2025-07-30,Active
853,258,Vehicle,2407215.59,8.85,36,84620.31,2025-04-01,Active
854,523,Education,765006.36,14.36,12,72905.11,2025-08-15,Active
855,256,Vehicle,1802629.21,8.46,36,62781.57,2025-02-12,Active
856,967,Personal,277086.27,9.93,60,6910.99,2026-02-16,Active
857,325,Business,966462.16,9.15,12,87907.79,2025-06-13,Active
858,935,Home,264597.16,14.42,36,10529.5,2026-03-03,Active
859,421,Home,1428503.83,13.79,48,46176.39,2025-04-06,Closed
860,132,Home,1695464.58,12.96,12,159599.73,2025-04-15,Active
861,762,Business,53831.4,13.94,12,5111.29,2025-11-12,Defaulted
862,373,Home,1854862.48,7.8,48,50699.57,2025-03-06,Active
863,859,Vehicle,1345424.88,10.71,36,49380.83,2025-10-25,Closed
864,342,Home,1045751.53,11.69,60,27616.55,2025-08-31,Active
865,98,Personal,491466.3,11.84,60,13040.24,2026-02-15,Active
866,46,Vehicle,825498.54,13.25,60,22873.19,2026-04-28,Closed
867,760,Vehicle,1587402.35,12.62,48,49765.06,2025-03-05,Active
868,157,Home,1098861.44,11.67,12,102258.21,2025-02-25,Active
869,959,Home,1489801.25,9.87,36,53636.98,2026-02-26,Active
870,855,Home,742164.77,9.17,48,21133.14,2025-01-23,Active
871,255,Personal,252577.28,10.6,24,12755.15,2025-04-02,Active
872,180,Home,1057522.17,13.49,48,33920.02,2025-04-14,Active
873,23,Education,2265604.04,9.88,36,81586.92,2026-01-26,Active
874,432,Education,1161538.44,9.87,36,41818.61,2026-04-27,Active
875,914,Education,182640.41,10.34,24,9183.77,2026-01-18,Active
876,8,Vehicle,1164001.82,8.29,36,40374.7,2026-04-08,Active
877,43,Education,2112849.33,11.35,48,64001.73,2025-10-24,Active
878,995,Home,1182782.94,12.91,12,111290.02,2025-02-12,Active
879,705,Business,273708.44,10.68,48,8138.26,2025-04-14,Closed
880,193,Business,2431004.98,13.1,36,94066.39,2026-02-16,Active
881,886,Vehicle,1755841.25,7.62,24,84309.64,2025-05-20,Active
882,892,Education,1848486.18,14.28,36,73343.82,2025-06-19,Active
883,193,Home,187359.36,11.57,48,5709.78,2026-03-17,Active
884,181,Education,1343631.85,8.54,12,121531.5,2025-12-16,Active
885,701,Vehicle,1887196.63,11.9,36,71136.83,2026-01-14,Active
886,877,Personal,110147.08,9.63,12,10062.85,2025-06-15,Active
887,101,Personal,1383714.0,12.95,12,130242.08,2025-11-07,Active
888,230,Education,746861.31,12.56,36,28563.3,2025-04-14,Closed
889,378,Vehicle,65957.31,12.46,48,2058.97,2025-04-10,Active
890,554,Vehicle,2182750.22,11.54,12,202886.63,2025-03-03,Active
891,460,Personal,2477591.95,10.66,24,125242.27,2025-11-24,Active
892,990,Vehicle,284935.7,7.58,48,7736.0,2025-08-14,Active
893,895,Business,2056341.98,12.43,36,78420.89,2025-03-28,Active
894,943,Business,1715905.68,13.54,24,90857.21,2026-01-17,Active
895,542,Personal,1150247.96,10.12,60,28871.22,2025-08-21,Active
896,97,Education,1138902.08,9.98,12,104380.38,2026-05-03,Active
897,782,Personal,2421287.35,9.17,60,58857.46,2025-01-30,Active
898,388,Business,1816716.72,8.09,60,42526.31,2026-01-29,Active
899,217,Education,656004.37,10.92,12,60636.67,2025-05-28,Active
900,264,Vehicle,118428.16,12.49,60,3206.44,2025-01-23,Active
901,891,Vehicle,1775308.03,14.0,36,70026.04,2026-02-28,Active
902,862,Vehicle,1863124.48,8.92,60,44901.3,2025-08-28,Active
903,7,Business,1268784.3,13.56,48,40770.27,2025-05-14,Active
904,664,Vehicle,2179903.76,11.27,48,65887.59,2025-08-06,Active
905,595,Home,2357390.4,10.65,24,119146.44,2025-07-30,Active
906,839,Personal,365242.5,13.01,48,11569.06,2025-03-04,Active
907,28,Business,1305705.18,12.68,12,122605.72,2026-03-30,Closed
908,70,Business,589685.8,11.61,12,54845.69,2025-05-23,Closed
909,479,Personal,58546.01,7.97,60,1364.61,2025-01-26,Closed
910,683,Home,2486926.01,12.33,48,77364.12,2025-09-28,Active
911,844,Education,2326213.44,10.73,60,59570.45,2026-03-12,Active
912,476,Home,171893.62,12.2,36,6522.41,2025-12-24,Active
913,344,Education,367133.31,8.24,12,33115.42,2025-11-28,Active
914,29,Education,1851360.58,9.64,48,53442.61,2025-08-19,Active
915,713,Business,828940.43,10.03,60,20744.23,2025-12-18,Active
916,363,Personal,1502463.48,8.55,24,73307.7,2026-05-13,Active
917,679,Education,1033107.11,14.04,60,29305.81,2026-02-13,Active
918,46,Personal,1350084.73,8.72,60,32312.03,2025-09-11,Active
919,740,Business,1089818.55,13.65,36,42669.42,2025-08-02,Active
920,134,Personal,513384.97,8.34,60,12124.44,2025-09-08,Active
921,289,Education,692243.61,14.11,48,22561.37,2025-08-19,Active
922,683,Vehicle,965848.97,14.0,60,27365.72,2025-12-02,Active
923,619,Business,579592.37,10.11,24,29032.75,2025-10-30,Active
924,37,Personal,354279.57,8.51,36,12353.53,2025-11-10,Active
925,592,Personal,1757719.29,10.48,36,64176.28,2025-03-18,Active
926,431,Business,1252711.12,8.12,60,29355.2,2025-10-22,Active
927,79,Home,955424.26,8.99,12,86776.41,2026-01-27,Active
928,403,Business,1414187.88,9.75,12,129339.27,2025-03-09,Active
929,242,Vehicle,1858207.09,10.12,48,54383.53,2026-03-08,Active
930,613,Vehicle,1087637.94,7.87,24,52451.34,2026-02-02,Active
931,117,Home,1252851.24,11.03,48,37616.86,2025-10-13,Active
932,764,Vehicle,1497681.2,8.88,60,36044.19,2025-03-04,Active
933,141,Business,1447934.3,13.1,24,76137.21,2025-04-24,Active
934,928,Personal,1629733.34,10.52,60,41449.55,2026-02-11,Active
935,777,Personal,1645005.46,10.11,48,48130.12,2025-06-11,Active
936,800,Business,1231771.04,12.57,48,38564.7,2025-02-10,Active
937,217,Vehicle,549408.01,12.19,24,28473.07,2025-11-25,Active
938,79,Personal,906868.31,13.97,60,25671.93,2025-12-20,Active
939,992,Education,911710.07,8.49,60,21645.52,2025-03-22,Active
940,193,Education,715601.07,12.63,12,67165.12,2025-10-30,Active
941,191,Business,964241.67,14.44,36,38387.53,2025-05-12,Active
942,912,Education,1462713.87,11.25,48,44186.15,2026-05-15,Active
943,410,Business,1326092.79,9.77,36,47632.52,2026-01-24,Active
944,280,Vehicle,1946326.28,12.0,60,51902.03,2026-02-15,Active
945,150,Education,1975330.99,7.61,12,177137.81,2026-02-04,Active
946,286,Business,1211161.02,8.85,60,29118.33,2025-03-18,Active
947,819,Personal,2396423.99,13.46,12,226581.89,2025-09-16,Active
948,961,Business,1618917.8,11.78,48,49619.83,2025-11-25,Active
949,460,Vehicle,2400493.76,9.22,60,58452.02,2025-04-18,Active
950,333,Education,2001607.76,8.21,12,180494.98,2025-01-20,Closed
951,659,Personal,783941.99,10.27,36,28485.4,2026-03-22,Defaulted
952,310,Vehicle,1059488.74,10.19,24,53142.19,2026-04-11,Active
953,183,Personal,1069753.33,7.52,24,51276.84,2026-03-02,Active
954,713,Home,1787169.51,11.86,48,54895.89,2025-03-15,Active
955,881,Personal,1445559.05,10.93,12,133629.89,2026-01-20,Active
956,393,Personal,1682699.56,9.43,24,83335.7,2026-04-16,Defaulted
957,266,Education,1579345.15,13.33,36,61414.59,2025-12-17,Active
958,811,Home,1671878.26,7.86,48,45781.6,2026-04-20,Active
959,592,Vehicle,2140420.87,7.86,12,192388.16,2025-02-25,Active
960,781,Personal,876377.71,9.32,12,79838.01,2026-01-14,Active
961,110,Education,2285944.56,9.54,24,113420.95,2025-06-23,Active
962,346,Education,988275.9,13.84,12,93754.44,2025-05-10,Active
963,197,Home,260440.35,9.39,36,9272.4,2025-12-12,Active
964,349,Business,1010561.09,8.48,12,91354.72,2026-02-14,Closed
965,901,Vehicle,855410.97,12.38,48,26646.05,2025-10-10,Active
966,745,Education,1634652.68,12.17,12,152799.16,2025-10-08,Active
967,823,Vehicle,195884.01,8.74,36,6867.91,2025-10-31,Active
968,659,Personal,259828.67,13.54,60,7262.21,2025-11-30,Active
969,116,Vehicle,1447550.87,9.39,60,35452.93,2025-02-26,Active
970,985,Vehicle,1890145.14,13.21,24,99563.4,2025-12-22,Active
971,124,Vehicle,2258137.22,8.83,60,54251.75,2026-03-14,Active
972,849,Home,837546.21,13.84,12,79455.22,2026-02-25,Active
973,156,Personal,314777.95,13.73,36,12345.42,2025-11-14,Closed
974,516,Business,1634175.19,10.55,36,59760.88,2026-05-07,Active
975,76,Business,1037951.65,9.58,60,25585.51,2025-03-17,Active
976,678,Education,2351764.2,8.37,60,55599.63,2025-08-23,Closed
977,936,Education,851024.47,14.16,60,24225.83,2025-06-09,Defaulted
978,931,Vehicle,1749929.31,8.37,60,41371.25,2025-04-08,Closed
979,914,Personal,1812341.48,12.08,60,48449.93,2025-02-20,Active
980,368,Education,1317586.83,9.02,24,64803.31,2026-03-01,Closed
981,557,Vehicle,1930381.22,9.53,24,95763.0,2026-04-24,Active
982,744,Vehicle,80306.14,8.53,24,3916.93,2025-07-22,Active
983,800,Home,1013010.88,11.91,12,94471.71,2025-01-06,Defaulted
984,550,Education,817180.07,8.61,36,28562.71,2025-08-14,Closed
985,319,Home,2043179.28,10.19,48,59916.23,2025-11-13,Closed
986,506,Education,534862.43,12.76,60,14601.74,2025-12-29,Active
987,718,Education,1200926.37,14.3,12,114388.24,2025-09-07,Closed
988,183,Vehicle,233844.96,12.05,48,7219.96,2026-03-08,Active
989,904,Vehicle,100137.18,12.39,24,5206.3,2026-03-14,Active
990,505,Home,1735410.28,12.5,60,47000.7,2025-05-26,Closed
991,188,Education,2020600.96,9.91,24,100878.5,2025-06-27,Active
992,213,Business,208592.11,11.65,60,5501.62,2025-04-02,Active
993,327,Home,2117807.87,11.57,24,108661.19,2025-04-23,Active
994,951,Business,303325.25,8.68,60,7249.47,2025-10-23,Active
995,642,Home,984250.62,14.29,24,52731.23,2026-02-02,Closed
996,490,Personal,1395737.59,11.11,48,42000.07,2025-05-21,Active
997,468,Home,2197189.02,13.83,36,86355.63,2025-02-10,Active
998,841,Personal,1525108.5,9.15,60,37047.43,2026-01-07,Active
999,667,Home,1467564.29,12.22,24,76093.21,2025-06-13,Active
1000,835,Education,1782416.8,9.92,12,163269.38,2026-03-14,Defaulted
